node_index,is_stop_only,node_lat,node_lon
0,False,32.74748983525234,-117.01833609527637
1,False,32.747442701837706,-117.02578825087043
2,False,32.74737222829878,-117.03124161273915
3,False,32.74744055801274,-117.01844901375944
4,False,32.74737159665643,-117.02154704937865
5,False,32.74731798906777,-117.02362638732566
6,False,32.74732023718114,-117.02213509174493
7,False,32.747219826897556,-117.02643753765054
8,False,32.74722263063081,-117.02017292465125
9,False,32.7471564805386,-117.0198024723267
10,False,32.74704584195474,-117.02412200774805
11,False,32.74706025218633,-117.01948674216511
12,False,32.74685851634671,-117.0312012820624
13,False,32.74687740497897,-117.01779861596505
14,False,32.746753849172485,-117.02250684377977
15,False,32.746671732394276,-117.01805042146133
16,False,32.74665356579159,-117.01884414216019
17,False,32.74658032465496,-117.02519500342048
18,False,32.74650256374912,-117.02488534771435
19,False,32.74651427671516,-117.01823854927851
20,False,32.74651183631321,-117.01855978026339
21,False,32.746496045424614,-117.01786203714047
22,False,32.7463692441218,-117.01841119637042
23,False,32.746318796324445,-117.01999548717211
24,False,32.74628377008161,-117.02515011415284
25,False,32.746248986850276,-117.02631088751683
26,False,32.746223139961494,-117.01858639637757
27,False,32.746140404195174,-117.02434553013997
28,False,32.74617652065457,-117.01824695825638
29,False,32.74565850326929,-117.03103127993437
30,False,32.745554556315454,-117.03614622542489
31,False,32.74554777568933,-117.03462083645114
32,False,32.745548250139166,-117.02716332024085
33,False,32.74558705069247,-117.01935043897008
34,False,32.745537004385305,-117.02633063299216
35,False,32.74553416726701,-117.02590780940379
36,False,32.74553348419895,-117.02557932141757
37,False,32.74552867255188,-117.02503289325847
38,False,32.74552455254694,-117.02437589319196
39,False,32.74549738649858,-117.02344875037154
40,False,32.74547630281942,-117.01949593574945
41,False,32.745348893181664,-117.03217984666132
42,False,32.74540708177695,-117.02294710478974
43,False,32.74523791303456,-117.03277728236733
44,False,32.7452537785066,-117.01977152941669
45,False,32.74519787935886,-117.02124107305146
46,False,32.74491806756338,-117.04283698550397
47,False,32.744968619311635,-117.03059911651425
48,False,32.74500729192469,-117.02007183772652
49,False,32.7448731516213,-117.02174558508996
50,False,32.74472839088244,-117.04284178334424
51,False,32.744637454815,-117.03729910208578
52,False,32.7446192599321,-117.03021225436053
53,False,32.74460888346038,-117.0306490683348
54,False,32.74457411046368,-117.03213394177347
55,False,32.74458522045789,-117.029945267407
56,False,32.74456196738839,-117.03274851158842
57,False,32.74464866800232,-117.01737202178758
58,False,32.74454151522784,-117.03423786587088
59,False,32.74463671019131,-117.0174774893157
60,False,32.74463006645334,-117.01753502899902
61,True,32.7445664008235,-117.02726523716949
62,False,32.74447618247572,-117.03931081045287
63,False,32.74448379165936,-117.03812055107595
64,False,32.74448904484725,-117.03729777603137
65,False,32.74445939987328,-117.0406440901461
66,False,32.74444263539539,-117.04111551416975
67,False,32.74446109035418,-117.03001571833482
68,False,32.74450877377339,-117.02067890534195
69,False,32.74450215814897,-117.01858787046238
70,False,32.74433171985219,-117.0195423211234
71,False,32.74409317267398,-117.03212642052509
72,False,32.74406051555075,-117.0342400893231
73,False,32.743769037432195,-117.03036083317242
74,False,32.7437572223732,-117.02875087040805
75,False,32.74373062023285,-117.02730339587501
76,False,32.74373135820151,-117.01771617461041
77,False,32.743620459273,-117.03212222458768
78,False,32.74358774020553,-117.03424563817686
79,False,32.743549530265085,-117.03851547083883
80,False,32.743552023849645,-117.03812522271487
81,False,32.74355746382022,-117.03727319125315
82,False,32.74355843823159,-117.03688565814538
83,False,32.74343858074906,-117.02304041237076
84,False,32.74339433644259,-117.0208870566115
85,False,32.74331412656486,-117.02840872719482
86,False,32.743309182266906,-117.0287566705545
87,False,32.74329010731109,-117.0304704191925
88,False,32.7433448401925,-117.0204508268021
89,False,32.74331927749876,-117.02365728645593
90,False,32.743245026109456,-117.02410218754248
91,False,32.7432547605798,-117.02079151812022
92,False,32.743150473593424,-117.03212130511716
93,False,32.743120461530744,-117.03425123589331
94,False,32.74304958997611,-117.03933055020705
95,False,32.743030017145806,-117.04067028769146
96,False,32.743017638073596,-117.04174340509043
97,False,32.74304079243347,-117.03812715777232
98,False,32.74304621168591,-117.03727838002419
99,False,32.74310567687262,-117.01692818413754
100,False,32.743038232440945,-117.01733827226215
101,False,32.74289320853695,-117.02629107901461
102,False,32.74292117511938,-117.0166958153052
103,False,32.74276000732216,-117.02736638193865
104,False,32.742706969481134,-117.03054330675468
105,False,32.74269846524474,-117.0310180516411
106,False,32.74268598458536,-117.03212043444553
107,False,32.742664176192775,-117.03425693139506
108,False,32.742617450651764,-117.03856892159585
109,False,32.74263142038564,-117.0363803211465
110,False,32.74261750768191,-117.03812987617704
111,False,32.742622906200694,-117.03728435451293
112,False,32.74260900147544,-117.03903065722585
113,False,32.7426015493807,-117.03933629651334
114,False,32.74258991178979,-117.039866299453
115,False,32.7425791110657,-117.04069427228255
116,False,32.74257057818601,-117.04159629170431
117,False,32.742566849055336,-117.04174911117936
118,False,32.74254604841536,-117.04284816462082
119,False,32.74249250454856,-117.04816826429186
120,False,32.74250190319052,-117.04586254681861
121,False,32.74247186624795,-117.0496575799994
122,False,32.74261561654608,-117.02410315923397
123,False,32.742561679256646,-117.01910407860427
124,False,32.742455777207994,-117.02460909880156
125,False,32.74238198762577,-117.02410436221275
126,False,32.74209914425316,-117.0513526235722
127,False,32.742244848783656,-117.0201062349459
128,False,32.74204094517789,-117.05083746054933
129,False,32.74192925247053,-117.05030243593826
130,False,32.74194803287978,-117.03059837512802
131,False,32.741939337829265,-117.02936572753687
132,False,32.741942080087455,-117.02631521807137
133,False,32.741973127928745,-117.02068898630044
134,False,32.741926402573725,-117.02793140867661
135,False,32.741989474176165,-117.01633531061458
136,False,32.7419196068355,-117.02464341139445
137,False,32.741732304516525,-117.05053870871342
138,False,32.74182418626121,-117.03105908486596
139,False,32.74182163284359,-117.03059400321969
140,False,32.741846805460455,-117.02310449959064
141,False,32.74173070173429,-117.03106476053638
142,False,32.74169932519887,-117.03427761012544
143,False,32.74171018182776,-117.03213453829879
144,False,32.741655655852234,-117.03638787385093
145,False,32.74162524031191,-117.03856979857585
146,False,32.741605863154966,-117.03988024360558
147,False,32.74161125287093,-117.03903798372471
148,False,32.74159228522185,-117.04071267349252
149,False,32.74158113702372,-117.04159390731824
150,False,32.74157000309695,-117.04285565293044
151,False,32.74156686148889,-117.01775876245607
152,False,32.74133954527741,-117.04582277914638
153,False,32.741425418354986,-117.02016736843639
154,False,32.741423480127125,-117.01915593482208
155,False,32.74119287253981,-117.04937929747665
156,False,32.741183455153916,-117.04998411042459
157,False,32.741263527134706,-117.0183610170594
158,False,32.74108757087995,-117.04550928040905
159,False,32.741087135914114,-117.04492906268189
160,False,32.741189871790276,-117.02311174442941
161,False,32.74104525043263,-117.04286718223577
162,False,32.74093770782377,-117.04973471727018
163,False,32.740750944499375,-117.03990184923411
164,False,32.740742946477916,-117.04072130936932
165,False,32.740743004839835,-117.036412250253
166,False,32.74072343757257,-117.03904629445671
167,False,32.740723704169866,-117.038574739113
168,False,32.74079645400768,-117.02068420072148
169,False,32.74052078173298,-117.02636774189517
170,False,32.74049197522851,-117.02482923976014
171,False,32.74046964489892,-117.02313144227878
172,False,32.74035913405967,-117.01440182510896
173,False,32.74029286033949,-117.02019649484878
174,False,32.74026891813488,-117.0191881342578
175,False,32.74027007461505,-117.01723688065451
176,False,32.740169287450925,-117.03067367674322
177,False,32.740163482556355,-117.02941831488866
178,False,32.74024410521319,-117.01651202498628
179,False,32.740117629421945,-117.0279739779995
180,False,32.73983408022074,-117.05334753205817
181,False,32.739902081413234,-117.03897714992361
182,False,32.73991248303918,-117.03216411119334
183,False,32.73989621190547,-117.0342940859975
184,False,32.73991606021554,-117.03116575107083
185,False,32.739874386602835,-117.03642726286357
186,False,32.73973148641373,-117.04494448236028
187,False,32.73970297529171,-117.04704810385526
188,False,32.7398551636432,-117.01854385845488
189,False,32.73978514637318,-117.02315145328811
190,False,32.73962427118925,-117.04072753468687
191,False,32.73963016636755,-117.03980724830514
192,False,32.739743685996146,-117.01746645052708
193,False,32.73973784870407,-117.01442245226299
194,False,32.73965485166522,-117.02639263339256
195,False,32.73963574781994,-117.02418430345347
196,False,32.73952582246558,-117.02111012746583
197,False,32.739124772469566,-117.05041745786018
198,False,32.739267352527726,-117.0162176071598
199,False,32.739011827351035,-117.0307284635644
200,False,32.73901441183949,-117.0294504280014
201,False,32.738999999028344,-117.03098100130269
202,False,32.738989501113835,-117.03121607422109
203,False,32.73897020892669,-117.03339152867729
204,False,32.73897798780161,-117.03216557255563
205,False,32.738958906288914,-117.03430525592658
206,False,32.738924697014916,-117.0375179819899
207,False,32.73890976332259,-117.03856501028807
208,False,32.73892325620966,-117.0364512949403
209,False,32.73888241128547,-117.04026233795209
210,False,32.73888299451666,-117.04017128565148
211,False,32.73887389324252,-117.04073380945101
212,False,32.73886257795901,-117.04164103102374
213,False,32.738838479513426,-117.0449611614281
214,False,32.73884358619935,-117.04288639697789
215,False,32.73871728993891,-117.0543292265073
216,False,32.73866484166702,-117.0497140896122
217,False,32.73885564576815,-117.01795302756301
218,False,32.73875345884643,-117.02111637686976
219,False,32.73856383004438,-117.05003992538794
220,False,32.73871508450436,-117.01447536872209
221,False,32.738469098830905,-117.05034273447508
222,False,32.73832790941024,-117.0508102202016
223,False,32.73839601260558,-117.02113926518457
224,False,32.738316210797684,-117.03076782892428
225,False,32.73831380025874,-117.03028000285617
226,False,32.738307925638196,-117.02947019511083
227,False,32.7383061875288,-117.02887505809919
228,False,32.738293975788686,-117.02645218781048
229,False,32.73829075133898,-117.02589441031706
230,False,32.73828475591774,-117.02485861226565
231,False,32.73828053294669,-117.02421792546237
232,False,32.738281338247226,-117.02321305569453
233,False,32.73828422906837,-117.02143422477555
234,False,32.73802711321197,-117.03647256524246
235,False,32.7380408183456,-117.03431984868845
236,False,32.738014134105754,-117.03807569295971
237,False,32.738017705815615,-117.03751638033971
238,False,32.73785229778149,-117.04145959809166
239,False,32.73752994264938,-117.0572744645273
240,False,32.73752609752618,-117.05111837826796
241,False,32.737524837894476,-117.05001562749469
242,False,32.73761670625193,-117.02588971114292
243,False,32.7374398656666,-117.05254522415746
244,False,32.737506492312185,-117.04095243157215
245,False,32.73737462835834,-117.05706816549232
246,False,32.737440525059185,-117.04522821901107
247,False,32.737416098623264,-117.04730928310047
248,False,32.737480063618484,-117.03216528482183
249,False,32.73746395714762,-117.03340415407469
250,False,32.73747631378994,-117.02491979546724
251,True,32.73742030382873,-117.03031761918673
252,False,32.73725014252691,-117.05613092138357
253,False,32.73742110075995,-117.02888675026985
254,False,32.737438191753704,-117.02179429070551
255,False,32.73742642257779,-117.02323482220496
256,False,32.73741060772377,-117.0222493285666
257,False,32.737227948949396,-117.05035032022074
258,False,32.737319882528034,-117.02706798764495
259,False,32.737202892044394,-117.02687833734848
260,False,32.73712995295906,-117.03751495065114
261,False,32.737224937076284,-117.0211745450066
262,False,32.73712555648742,-117.03648077883759
263,False,32.73722028873844,-117.02059890230825
264,False,32.737098363009316,-117.03858782448158
265,False,32.737122792441156,-117.03432468573331
266,False,32.737128619206516,-117.03340767685363
267,False,32.73708110931764,-117.03999578086908
268,False,32.73721248465508,-117.0192069830731
269,False,32.73699485653043,-117.04614451253885
270,False,32.737030309191894,-117.04020345257193
271,False,32.7369291017734,-117.02539952825911
272,False,32.736690708719436,-117.05615785192255
273,False,32.73690138868035,-117.02324647182579
274,False,32.73667883544379,-117.05418704529492
275,False,32.73677507534339,-117.03324843898837
276,False,32.736778460135575,-117.03271514512184
277,False,32.73678194571078,-117.03216559225314
278,False,32.736786726675966,-117.03141117315815
279,False,32.73655979479756,-117.05676544636096
280,False,32.73655160635019,-117.05599398075205
281,False,32.73651241446106,-117.048920587284
282,False,32.736498143061716,-117.04985052098922
283,False,32.736667492948406,-117.01447061317829
284,False,32.73656320076595,-117.02326627130255
285,False,32.73650644877579,-117.03096642383937
286,False,32.736519298193365,-117.02893405956449
287,False,32.73650329559056,-117.03059567192493
288,False,32.736501414125016,-117.03045907274884
289,False,32.73654710038669,-117.02188729713431
290,False,32.73631275049327,-117.05088946615777
291,False,32.73628297596259,-117.04614783684382
292,False,32.73647321344744,-117.01571459425995
293,False,32.73627346569039,-117.04719488201394
294,False,32.736381916980164,-117.01612143048091
295,False,32.73620347161171,-117.03755219834946
296,False,32.736207489052894,-117.03649209686071
297,False,32.73621301157316,-117.03432959281052
298,False,32.73627415528574,-117.021143460793
299,False,32.736157950336505,-117.03822494590989
300,False,32.73607709759154,-117.02539528326504
301,False,32.73606675583992,-117.02441635616857
302,False,32.73591452463625,-117.02063626291584
303,False,32.73584381941154,-117.02708749097447
304,False,32.73583627797905,-117.01908115251645
305,False,32.73579863495644,-117.02328953538004
306,False,32.73575672030457,-117.02826067193776
307,False,32.73577781572898,-117.02416719010985
308,False,32.735553324809274,-117.05101914543683
309,False,32.73554713663104,-117.04985489681144
310,False,32.73562926652366,-117.03059768547904
311,False,32.73563017938388,-117.03001884961309
312,False,32.73570373587156,-117.01749492268773
313,False,32.7355439281594,-117.02382719505039
314,False,32.73556880758599,-117.01966091321236
315,False,32.73521899811839,-117.05466801540473
316,False,32.73531657323889,-117.03655568773453
317,False,32.73531945432295,-117.03610369625609
318,False,32.73529673247194,-117.03923184227486
319,False,32.73530323983802,-117.0382140488987
320,False,32.735327903651985,-117.03434448165814
321,False,32.73528813491073,-117.04014555532727
322,False,32.73533207659931,-117.03325512488577
323,False,32.73533428525001,-117.03290718885802
324,False,32.73528036750757,-117.04049994515306
325,False,32.73525462382626,-117.04151431356328
326,False,32.73522084674926,-117.04292209154353
327,False,32.735332094519755,-117.02542124713875
328,False,32.73520802949045,-117.04406014815874
329,False,32.735200153325636,-117.04506492040728
330,False,32.73532686176461,-117.02450415968796
331,False,32.7351835178509,-117.0461574152495
332,False,32.7351435875553,-117.04935694227535
333,False,32.73511604943892,-117.04978919755823
334,False,32.735140185340796,-117.03274286867712
335,False,32.73521778078078,-117.01909526613338
336,False,32.73503377894618,-117.0321858467827
337,False,32.73485995349299,-117.03229161999013
338,False,32.734643883244104,-117.05806937201844
339,False,32.7346726306807,-117.05331348684487
340,False,32.734789559716575,-117.03206526757879
341,False,32.73472267458565,-117.03183513218418
342,False,32.73471130254018,-117.03059280601792
343,False,32.734701084232555,-117.02960088662007
344,False,32.734688336318534,-117.02813742009172
345,False,32.73468092854209,-117.02713251861105
346,False,32.73460739982314,-117.03656561738829
347,False,32.73467390127215,-117.02606583469783
348,False,32.734591276402575,-117.03823044404284
349,False,32.734669582370934,-117.02544143266783
350,False,32.73471679327432,-117.01789419282827
351,False,32.734668857198066,-117.02511948861516
352,False,32.73466028824991,-117.02385767791718
353,False,32.73465538744206,-117.02332432413607
354,False,32.73464496749175,-117.02191616577032
355,False,32.73463895161929,-117.02068039023649
356,False,32.73442951143104,-117.05308363808018
357,False,32.73463689861629,-117.01968854482112
358,False,32.73438850879064,-117.0564197059065
359,False,32.73462788279317,-117.01672274009069
360,False,32.73462816394193,-117.0159912846883
361,False,32.73462606332148,-117.01560046381552
362,False,32.734617012083895,-117.01448859602895
363,False,32.734614778851046,-117.01396176704013
364,False,32.7343310452994,-117.05806082231832
365,False,32.734453771043626,-117.03608947015226
366,False,32.73429584702042,-117.05503680508558
367,False,32.73436390446548,-117.03206608494925
368,False,32.73419916133721,-117.0429422208006
369,False,32.73419329861765,-117.04187726769943
370,False,32.734089948169974,-117.04765507085672
371,False,32.73407845308692,-117.04826536404968
372,False,32.73394377391841,-117.05549860706124
373,False,32.7338742175665,-117.05352083234007
374,False,32.733893266281314,-117.04121917330843
375,False,32.73378304019015,-117.05317205092922
376,False,32.73387383708956,-117.03824353807222
377,False,32.733890121151575,-117.0356909660404
378,False,32.73387542941842,-117.03756391162209
379,False,32.73388190229039,-117.03654938622233
380,False,32.733761035596494,-117.05275235931359
381,False,32.73381716477564,-117.04408013415124
382,False,32.733712680677634,-117.05469003162611
383,False,32.73361579666697,-117.05605818165972
384,False,32.733780672022455,-117.02431171809583
385,False,32.733568518865376,-117.05654527168059
386,False,32.7336570837391,-117.03170535947498
387,False,32.73345937444516,-117.04833081249967
388,False,32.73353708481512,-117.03329120055375
389,False,32.73353797256251,-117.0331513786454
390,False,32.73350157321522,-117.03757357790253
391,False,32.7335218768668,-117.03438694062878
392,False,32.73354942966702,-117.0296069576588
393,False,32.73357673105142,-117.02334700634816
394,False,32.73358159982475,-117.02195401620273
395,False,32.73348505240294,-117.03499145773552
396,False,32.73337928660588,-117.04122106227793
397,False,32.73336538886831,-117.04295742620582
398,False,32.73330453955858,-117.04765334682344
399,False,32.733251966156246,-117.05411024721013
400,False,32.733319925240764,-117.03329577078232
401,False,32.73324743386064,-117.02431678829693
402,False,32.73323698162673,-117.02335415107717
403,False,32.73314581071957,-117.03603878077901
404,False,32.73307169814404,-117.0381778301139
405,False,32.73298440758053,-117.04857499575046
406,False,32.73319327295368,-117.01449250417217
407,False,32.73292758255901,-117.05496252079486
408,False,32.73298098146312,-117.04417990681424
409,False,32.73288699646275,-117.05507146707012
410,False,32.73295038154671,-117.04509014860496
411,False,32.73308303410413,-117.02335930375716
412,False,32.73293143675879,-117.04674841424826
413,False,32.7330795365559,-117.02260159516086
414,False,32.73286610851635,-117.0504711742715
415,False,32.732920341234596,-117.02432041468052
416,False,32.732752387414024,-117.04813854623478
417,False,32.73269818659351,-117.05557827312526
418,False,32.732668594116156,-117.05716164669121
419,False,32.73282739819272,-117.02336356402559
420,False,32.73282394140149,-117.02259935433023
421,False,32.73259830411551,-117.05582647599073
422,False,32.73267017541371,-117.04122119925499
423,False,32.73264089175442,-117.04192983411046
424,False,32.73269693870736,-117.03054894863293
425,False,32.73252599005901,-117.05374592237142
426,False,32.73258801201856,-117.04416986499658
427,False,32.73268557702972,-117.01658227210844
428,False,32.73262036363661,-117.02613229449766
429,False,32.73244974299543,-117.05110149714523
430,False,32.73251025642767,-117.0365729137996
431,False,32.732579428233585,-117.0252116725438
432,False,32.73238409576543,-117.05062938685816
433,False,32.732592778181115,-117.0173619042389
434,False,32.732401816620936,-117.03719954615065
435,False,32.732407188242654,-117.01449544027959
436,False,32.732106227110265,-117.05657767066764
437,False,32.731966244488675,-117.04937039516344
438,False,32.73179082694708,-117.06108503022391
439,False,32.731846655069226,-117.0337411819439
440,False,32.73184483434618,-117.03316234653148
441,False,32.731844108687596,-117.03284366434528
442,False,32.731842545037644,-117.03179006951645
443,False,32.73183949983796,-117.03053485054335
444,False,32.73171239097166,-117.04942088536484
445,False,32.731710607693216,-117.04937457992625
446,False,32.73182660277451,-117.02822596417379
447,False,32.73182814782542,-117.02747489203665
448,False,32.731829263757625,-117.0269317714336
449,False,32.7318318780908,-117.02607982842049
450,False,32.731834629600755,-117.02520512082606
451,False,32.73183769189428,-117.02340365231127
452,False,32.731843232100104,-117.02164123358828
453,False,32.73184965026944,-117.01929349702337
454,False,32.73164544934842,-117.05052187072926
455,False,32.73184175049221,-117.01791466918294
456,False,32.73168162389268,-117.03807434755846
457,False,32.73167020072442,-117.0387319455616
458,False,32.73167680530954,-117.03753775941595
459,False,32.73166422835234,-117.0390757426741
460,False,32.7316939668615,-117.03441294413123
461,False,32.73165169682061,-117.03974549872258
462,False,32.731610100584184,-117.04194658538326
463,False,32.7314995293419,-117.05846465750658
464,False,32.73158690521925,-117.042990200237
465,False,32.73154019018737,-117.04937628588971
466,False,32.73155693795576,-117.04636203203769
467,False,32.73154416685179,-117.04791301831922
468,False,32.73143320839631,-117.0539960984187
469,False,32.731033826065485,-117.05938065872726
470,False,32.7311606431796,-117.02748518393842
471,False,32.73106666296096,-117.02669742812402
472,False,32.731056643267294,-117.02610551901535
473,False,32.73095277563863,-117.0410185858758
474,False,32.730926252534864,-117.04195072534397
475,False,32.73104618022882,-117.02032054312973
476,False,32.730987288950466,-117.02925911580355
477,False,32.730979784990794,-117.0282705143016
478,False,32.73079734533553,-117.05203273820081
479,False,32.731024674227804,-117.01449970584103
480,False,32.73073256378389,-117.05816496322612
481,False,32.730728964414915,-117.05367100130141
482,False,32.73076538751105,-117.03954647322855
483,False,32.73075300002158,-117.04052321535248
484,False,32.730761048362154,-117.03866858739977
485,False,32.73077458245614,-117.02899384297397
486,False,32.73077922091877,-117.02825898781457
487,False,32.73084352409766,-117.01711579499833
488,False,32.73082085085092,-117.01634168072843
489,False,32.73075379029481,-117.02136830590426
490,False,32.730465023559404,-117.05967829608113
491,False,32.73046875833799,-117.05878471082102
492,False,32.73048622813548,-117.04787742240886
493,False,32.73048968689286,-117.04698142192069
494,False,32.73034110158202,-117.05203183774323
495,False,32.730356782428714,-117.03945472284141
496,False,32.730437066503214,-117.02672764840831
497,False,32.730339482187944,-117.04039873314635
498,False,32.73042879546682,-117.02629509415618
499,False,32.73036778151737,-117.01450051081287
500,False,32.73032330923524,-117.02068489947024
501,False,32.73011344955095,-117.05322640405174
502,False,32.73020602440559,-117.03370708099627
503,False,32.73008875842985,-117.04473265436934
504,False,32.72998305897524,-117.06055461561121
505,True,32.730073566916346,-117.04607755030916
506,False,32.73007745627684,-117.04544908435884
507,False,32.730025647028114,-117.04300866901971
508,False,32.73005798546093,-117.02582032755608
509,False,32.73005853124715,-117.02529680453614
510,False,32.73006386222973,-117.0244481510386
511,False,32.72996553658876,-117.03175715978328
512,False,32.72983414289314,-117.04415154853271
513,False,32.7298276670394,-117.04473029986143
514,False,32.72981578931213,-117.03930307445026
515,False,32.72972877466976,-117.04600082983835
516,False,32.72989095440624,-117.01931051279395
517,False,32.72966671433924,-117.04922272019353
518,False,32.72981300492559,-117.02631568356207
519,False,32.72966287040641,-117.04939177459728
520,False,32.72964787814296,-117.0504321877913
521,False,32.7296347147744,-117.05118971804654
522,False,32.72972255448897,-117.03754956110814
523,False,32.72983247233527,-117.01931180372723
524,False,32.72961831220794,-117.05202200810082
525,False,32.72961012784941,-117.05285762448048
526,False,32.72960181071941,-117.05371274983816
527,False,32.72958679317017,-117.05517263293322
528,False,32.729709866230294,-117.03566020111066
529,False,32.729571008279464,-117.05632685071181
530,False,32.72954605371215,-117.05845974368476
531,False,32.72951575775272,-117.06223470553212
532,False,32.7295267939281,-117.06055692256245
533,False,32.729674636928394,-117.02821021269513
534,False,32.729679024790585,-117.0275143850414
535,False,32.72967967742228,-117.02697460660194
536,False,32.729354149413695,-117.0508002144099
537,False,32.7295487063774,-117.01442013805298
538,False,32.72934493905965,-117.04052819283417
539,False,32.72932976165706,-117.0418921490975
540,False,32.72938763992081,-117.0275215693977
541,False,32.72943268155502,-117.02023213509169
542,False,32.72932743813202,-117.0322620163551
543,False,32.7293214073874,-117.03277898313091
544,False,32.72909044762916,-117.06587594030925
545,False,32.72919210991233,-117.0458905136978
546,False,32.72933452399707,-117.01580198116555
547,False,32.72912878453997,-117.04782936730248
548,False,32.7292528508666,-117.01931295795383
549,False,32.729068064459625,-117.04685316301742
550,False,32.72894805412699,-117.0637154972599
551,False,32.72898629782111,-117.03057786587745
552,False,32.72898703848746,-117.03046081169711
553,False,32.72897531238837,-117.03187844336568
554,False,32.728989024541015,-117.02927721515894
555,False,32.728989151173515,-117.0288219768506
556,False,32.728991060030104,-117.02851958683281
557,False,32.728990096709374,-117.02823668481845
558,False,32.729005130822465,-117.02585007925059
559,False,32.72905026001678,-117.018641488279
560,False,32.7289925325017,-117.02697830355075
561,False,32.729005590163666,-117.02446486477042
562,False,32.72887115324406,-117.04388273914921
563,False,32.72886814620697,-117.04349576143278
564,False,32.728995200253365,-117.02349251934534
565,False,32.728997238222085,-117.0214114583575
566,False,32.728829403582736,-117.04775014810357
567,False,32.72886996326927,-117.04107327195648
568,False,32.72899609106345,-117.02071558764509
569,False,32.72879232993144,-117.04924076504015
570,False,32.728879891773495,-117.02697080710213
571,False,32.728545700328745,-117.06803326415596
572,False,32.72855914720417,-117.0647556955129
573,False,32.728843680932115,-117.01915344536143
574,False,32.72862264517598,-117.04576647329971
575,False,32.7285320761358,-117.04574614545828
576,False,32.72849930129195,-117.04699124027587
577,False,32.728688419086666,-117.01539315938712
578,False,32.72852479783288,-117.04042873571073
579,False,32.728528904537164,-117.03932513862743
580,False,32.728467344749426,-117.03353228767816
581,False,32.72844742111659,-117.03450435931919
582,False,32.728546495939966,-117.0178859559825
583,False,32.72851821939212,-117.02021715504667
584,False,32.72852837326439,-117.01593804944342
585,False,32.72834914011219,-117.0278896001531
586,False,32.72819221170949,-117.03845792291688
587,False,32.72819736151309,-117.03492810070011
588,False,32.72820007120379,-117.03450215748077
589,False,32.72820044393203,-117.03357868963107
590,False,32.7282591776607,-117.0198864736722
591,False,32.72795835083215,-117.04776349338317
592,False,32.72814507700792,-117.01790847159123
593,False,32.728128283046296,-117.0153037517383
594,False,32.72811056562271,-117.01594417322012
595,False,32.72791019125276,-117.04457969091219
596,False,32.72799675895206,-117.02097673507897
597,False,32.72798952410007,-117.01861272372861
598,False,32.72783483308659,-117.03358844550309
599,False,32.727829113303805,-117.03189103593826
600,False,32.72772876565344,-117.03755120199668
601,False,32.72768360593459,-117.04006111738876
602,False,32.72764210267882,-117.04169538379736
603,False,32.727615058441025,-117.01695437635246
604,False,32.72762734557959,-117.01423562332562
605,False,32.727231535423954,-117.0718124687682
606,False,32.727214744466515,-117.07144487781116
607,False,32.72753766507286,-117.02099222864766
608,False,32.72721039529584,-117.07127250080542
609,False,32.72720593766455,-117.07111638096463
610,False,32.72746085731356,-117.03188451714485
611,False,32.727185681244286,-117.07044310473772
612,False,32.7274820254357,-117.02427911368962
613,False,32.727484576397096,-117.02339012413265
614,False,32.72751529777485,-117.01841023840977
615,False,32.72717671075991,-117.06806933153648
616,False,32.72726679466723,-117.04547133918557
617,False,32.72727806897247,-117.03036763852955
618,False,32.72701898503236,-117.04083879898243
619,False,32.727066582985294,-117.0233617827851
620,False,32.72693087991616,-117.03785627884156
621,False,32.727023832080306,-117.02141044314061
622,False,32.72686951064361,-117.04388529106023
623,False,32.72684388074563,-117.04538497328919
624,False,32.726993665996,-117.01919908339634
625,False,32.72695409795035,-117.01539761017854
626,False,32.72671410752426,-117.04636054255334
627,False,32.72668016286888,-117.04266966367106
628,False,32.72660173715839,-117.04928597015031
629,False,32.72677313877308,-117.01886224355879
630,False,32.726613172108024,-117.04025962389146
631,False,32.726674992795154,-117.02881128449901
632,False,32.72658811342227,-117.04159580727719
633,False,32.726454064728706,-117.0491708249323
634,False,32.72628353356296,-117.04108907508845
635,False,32.7261936772585,-117.03967057680613
636,False,32.72626766472516,-117.02058442510774
637,False,32.7261712901368,-117.02762000559643
638,False,32.7261547726458,-117.02544130004105
639,False,32.725969160048805,-117.04253645723972
640,False,32.72597445729095,-117.03483026500055
641,False,32.726008475325024,-117.02946546469002
642,False,32.72582664974832,-117.04801407808178
643,False,32.725970999971786,-117.0201168561823
644,False,32.725900043574555,-117.02091612262107
645,False,32.72575338830128,-117.04360753528167
646,False,32.72588247889009,-117.02328311247734
647,False,32.7257098052106,-117.04738221542884
648,False,32.72584838834621,-117.0213883156345
649,False,32.725730559882955,-117.03902586810867
650,False,32.725856268789386,-117.01868191163966
651,False,32.72549827476289,-117.04523752207314
652,False,32.72551071108041,-117.0424510455538
653,False,32.72555726779884,-117.02605058759082
654,False,32.72542247645939,-117.04633586517963
655,False,32.72555058884897,-117.02536444650856
656,False,32.725545120342396,-117.024047520296
657,False,32.72527016669299,-117.03838444213775
658,False,32.72523106144209,-117.02983576867679
659,False,32.72527712654411,-117.02075785105795
660,False,32.7249974834196,-117.04233587837851
661,False,32.725008663056364,-117.02762275357492
662,False,32.72497347318467,-117.02316458453025
663,False,32.724858475551045,-117.03700210787544
664,False,32.72494770239022,-117.02201331457634
665,False,32.724946846221336,-117.02171091421297
666,False,32.72494291177014,-117.02102155414948
667,False,32.72490190908171,-117.0258074547691
668,False,32.72493786959903,-117.02006881012738
669,False,32.72493479794978,-117.01923964180888
670,False,32.72476196234045,-117.04220369962454
671,False,32.72486472871661,-117.02516332375424
672,False,32.72492473560934,-117.0149354785823
673,False,32.72492738003326,-117.01450894256833
674,False,32.72486625863799,-117.02404480957331
675,False,32.72492424220745,-117.01413576285005
676,False,32.72475156002895,-117.03090453106918
677,False,32.724535663726265,-117.03762676951477
678,False,32.72452220277237,-117.03629027284462
679,False,32.724370020412586,-117.03471560959281
680,False,32.724217995910365,-117.04515768817782
681,False,32.724235297197154,-117.04118449306002
682,False,32.72423932104212,-117.039269387227
683,False,32.724193698483255,-117.03866744887026
684,False,32.72415999886995,-117.0389980015682
685,False,32.72408870331441,-117.03875430004483
686,False,32.724082035450444,-117.03850712574926
687,False,32.72411620376024,-117.0253128125461
688,False,32.72411062996311,-117.02401216112716
689,False,32.72394706860509,-117.0479547896963
690,False,32.723970372209536,-117.03834680303449
691,False,32.72397926818888,-117.03652278880625
692,False,32.723809042125275,-117.048047833529
693,False,32.72377472694329,-117.04228586766448
694,False,32.72381632080151,-117.03189120568443
695,False,32.72372799372791,-117.03799672502633
696,False,32.723602818956046,-117.04763627811542
697,False,32.723402182047785,-117.04593393563428
698,False,32.72341171733784,-117.02763467533265
699,False,32.72341341505817,-117.02692911896726
700,False,32.72341420838316,-117.0263666197937
701,False,32.723418147391996,-117.02530342030626
702,False,32.72342150301515,-117.02433125713225
703,False,32.72342363981199,-117.02315815152875
704,False,32.723332629480275,-117.02884352736966
705,False,32.72311975839145,-117.04284248476009
706,False,32.72301464085745,-117.04933472586367
707,False,32.72305652209188,-117.04027650525171
708,False,32.72310374890863,-117.0298332030804
709,False,32.722930999192855,-117.04526638110025
710,False,32.722908720385675,-117.01409644158853
711,False,32.722837652951895,-117.02188753359276
712,False,32.72270363257207,-117.04215918661555
713,False,32.7227242688891,-117.03549388292316
714,False,32.72274339321071,-117.0307501768786
715,False,32.72258638305844,-117.04329614166501
716,False,32.72245278241711,-117.04441018625201
717,False,32.722342457384066,-117.04830117249534
718,False,32.7224826979913,-117.02414417954552
719,False,32.72240105177171,-117.02138298775344
720,False,32.72225782277898,-117.03493698098245
721,False,32.722110419542005,-117.04932977657926
722,False,32.72208181151637,-117.04610409207557
723,False,32.722144695677436,-117.03197717042771
724,False,32.722145252204015,-117.03188938336491
725,False,32.72213547081946,-117.03299803589469
726,False,32.72212632015614,-117.03400589939469
727,False,32.722167053763705,-117.0231253501913
728,False,32.7218477182794,-117.0457508234159
729,False,32.721982726363244,-117.02059248124253
730,False,32.721950240537,-117.02490033642647
731,False,32.72179288853302,-117.0319772972267
732,False,32.721785697309244,-117.030943281298
733,False,32.72178792809429,-117.03015645702556
734,False,32.72178188300627,-117.0298085014378
735,False,32.72178397920362,-117.02947687501292
736,False,32.721785930742364,-117.02916800725008
737,False,32.721778815774464,-117.02811773541015
738,False,32.72177075504815,-117.02721702081043
739,False,32.7217682690467,-117.02673904013466
740,False,32.721766231332246,-117.02618953221399
741,False,32.7216341342035,-117.04306647416631
742,False,32.72171484042966,-117.02980873737164
743,False,32.721533270459645,-117.04932454226424
744,False,32.721584481475034,-117.03493098423377
745,False,32.72151340341434,-117.03702751247184
746,False,32.72148188143292,-117.02417169411851
747,False,32.72131432448777,-117.03893430678974
748,False,32.72134341270908,-117.02305470665858
749,False,32.7212071806624,-117.04235707790072
750,False,32.72125690757508,-117.02981035939867
751,False,32.720948788294365,-117.04833987256576
752,False,32.72104004749629,-117.02889805042041
753,False,32.721054625814254,-117.0195699323689
754,False,32.72102960790372,-117.01410426955434
755,False,32.720939367043,-117.02481016734055
756,False,32.720917983079744,-117.02423384637918
757,False,32.7206721169239,-117.0486111818572
758,False,32.72067117145403,-117.04748294284067
759,False,32.72079937030883,-117.0260932300587
760,False,32.72071899249375,-117.0383339777982
761,False,32.720656110729166,-117.03699059477266
762,False,32.72058058473143,-117.03590395672192
763,False,32.72060549378424,-117.02981435002516
764,False,32.72061516529635,-117.02303856504254
765,False,32.720447889129595,-117.04715903629808
766,False,32.72048361742828,-117.03815292331616
767,False,32.72048009521225,-117.03095447583519
768,False,32.72049026048985,-117.0280413287193
769,False,32.72053321640428,-117.020761884934
770,False,32.72033126286997,-117.03491657199757
771,False,32.7203310000413,-117.03450946250854
772,False,32.72033157670362,-117.03400294014891
773,False,32.720332523624485,-117.03298852155413
774,False,32.720327986170695,-117.03197079973363
775,False,32.72037608060673,-117.02303321670315
776,False,32.72036421531089,-117.02448647392973
777,False,32.72023679362529,-117.04114623266943
778,False,32.72033556507554,-117.01896215130157
779,False,32.72016481840317,-117.03491508971265
780,False,32.72008279893034,-117.04000256268318
781,False,32.719961247403546,-117.0493070341672
782,True,32.72015050298657,-117.01525597502534
783,False,32.72007090491557,-117.02771444837995
784,False,32.719893026190725,-117.03769582750508
785,False,32.719929728796,-117.03106013876288
786,False,32.719929700454706,-117.0288914893358
787,False,32.71986816008368,-117.02074956635303
788,False,32.719732391052716,-117.0391770064347
789,False,32.71985969137309,-117.01814191124625
790,False,32.71973870739275,-117.03689786817615
791,False,32.719812712875594,-117.02302177287126
792,False,32.71985292278706,-117.0152514047194
793,False,32.71950411942627,-117.04731957019634
794,False,32.71942291210834,-117.044997380184
795,False,32.71944490036447,-117.02709323894281
796,False,32.71938441177509,-117.02993359967755
797,False,32.71946814507843,-117.01525156561567
798,False,32.719293209369,-117.04166034300661
799,False,32.71937380345176,-117.0259506241238
800,False,32.719271238039575,-117.01483507468318
801,False,32.71898258396435,-117.04423259926904
802,False,32.7191383152036,-117.0152517028839
803,False,32.7189836798072,-117.03590922882191
804,False,32.71899150759511,-117.0307819683299
805,False,32.71901300880319,-117.02300500510947
806,False,32.71888594198924,-117.04087962015296
807,False,32.718821253145485,-117.03195196650633
808,False,32.7187791456645,-117.03695107621411
809,False,32.71885893662289,-117.02127395930542
810,False,32.718556624400435,-117.04635511496892
811,False,32.71863773675576,-117.02761206650521
812,False,32.71862057099575,-117.02728353009566
813,False,32.71854048021319,-117.03817143540375
814,False,32.71854135709534,-117.03458525575954
815,False,32.7185423299973,-117.03400002991658
816,False,32.71854331817224,-117.03297912967594
817,False,32.718536693794334,-117.03203133900529
818,False,32.71853611473605,-117.03194840290665
819,False,32.71854154928423,-117.02586526599664
820,False,32.71840782131485,-117.04043315323695
821,False,32.718470575284435,-117.02447633697719
822,False,32.71842688502377,-117.03096879318991
823,False,32.71847712444932,-117.02299379941628
824,False,32.71834650057379,-117.04099507770886
825,False,32.718273358464735,-117.04595589753903
826,False,32.71814370921629,-117.02049389156957
827,False,32.718042491428086,-117.02960309948756
828,False,32.71783717328891,-117.0368321224472
829,False,32.717746775778515,-117.0415098996098
830,False,32.71778569625161,-117.02586836630857
831,False,32.71774451262213,-117.031954385172
832,False,32.7176666282688,-117.03599177206486
833,False,32.717713170304215,-117.0273470559262
834,False,32.717590322927464,-117.03203191574485
835,False,32.71755344632144,-117.03347753381766
836,False,32.71746043674801,-117.04073027603691
837,False,32.71730919567962,-117.04672099053957
838,False,32.717457785899555,-117.01942148235177
839,False,32.71728976555087,-117.0433395054119
840,False,32.71735158158814,-117.02846229946414
841,False,32.717225024973914,-117.04186610364893
842,False,32.71727719683972,-117.0310984103587
843,False,32.717378823011856,-117.01382459504326
844,False,32.71721704130299,-117.03580894389432
845,False,32.717205681130366,-117.03543494842633
846,False,32.717109476314626,-117.03457250985112
847,False,32.71704916398352,-117.03195146752284
848,False,32.7168508147416,-117.0457739866159
849,False,32.71691576439688,-117.0274017968895
850,False,32.7169509865184,-117.01915370778116
851,False,32.71687253003147,-117.02027470018415
852,False,32.716792981678964,-117.0171625734398
853,False,32.716756436565035,-117.01817664007392
854,False,32.716488180253364,-117.04190500424635
855,False,32.71637406317542,-117.04426436498169
856,False,32.71633840518963,-117.04125991314577
857,False,32.71645392696108,-117.01643785116559
858,False,32.71628564344848,-117.042628203687
859,False,32.71630159979721,-117.03194808668843
860,False,32.71614042070158,-117.0425586222073
861,False,32.716140322218536,-117.03526939665808
862,False,32.71594809012793,-117.03351528338985
863,False,32.7158979649521,-117.03357082031471
864,False,32.71589041274236,-117.01733353378981
865,False,32.71572942093906,-117.03462199844186
866,False,32.715593576777195,-117.01689203899026
867,False,32.71547984577716,-117.03194079655482
868,False,32.71533949687376,-117.04059095507817
869,False,32.7153657653196,-117.03270671633054
870,False,32.71545496761373,-117.01752481082085
871,False,32.715318702891295,-117.03782726127794
872,False,32.71530239119048,-117.03261871950512
873,False,32.715239285673256,-117.03950091016199
874,False,32.71524391080184,-117.03533293643879
875,False,32.71523351798997,-117.03653252967864
876,False,32.71518386643371,-117.04299868404382
877,False,32.71518162394876,-117.04163641914492
878,False,32.7150029292182,-117.04078625785283
879,False,32.71492637406603,-117.01766651366964
880,False,32.71477191811125,-117.01272214163095
881,False,32.714765963253306,-117.01364759742579
882,False,32.71476021774519,-117.01406049680371
883,False,32.71475506315039,-117.01445676833788
884,False,32.714747388884795,-117.01510973268647
885,False,32.714524400193845,-117.04935851720738
886,False,32.714540864572655,-117.04425759937033
887,False,32.71444957199742,-117.04562876386856
888,False,32.714498548140774,-117.03584648008568
889,False,32.71449919308286,-117.0353132965856
890,False,32.714303253189016,-117.03759385601406
891,False,32.71426702547573,-117.03982056741013
892,False,32.71416692754626,-117.03699117660568
893,False,32.714073062324054,-117.04434441595747
894,False,32.71405715254989,-117.0395455911771
895,False,32.71386885953704,-117.03502808667915
896,False,32.71353768098383,-117.04766223679205
897,False,32.71350645029499,-117.04696621446257
898,False,32.713479978578775,-117.04595812824219
899,False,32.71351528270154,-117.03703087407976
900,False,32.713410627048574,-117.04775862051714
901,False,32.713139095196965,-117.04936871200789
902,False,32.713213277486744,-117.03697941091163
903,False,32.71291719973549,-117.03987024314658
904,False,32.712912032826026,-117.03895988662288
905,False,32.712886214748124,-117.04084529416785
906,False,32.7128996526837,-117.03788691750266
907,False,32.71255363805631,-117.04937315588238
908,False,32.71242267713832,-117.0487997780405
909,False,32.71242406118225,-117.04773668728207
910,False,32.71240792214586,-117.03741761811273
911,False,32.71228962827752,-117.04929356158543
912,False,32.71213971499464,-117.0492035975224
913,False,32.71220705260904,-117.03788397778092
914,False,32.712081262719465,-117.0493168549248
915,False,32.71209296873572,-117.04067887488407
916,False,32.71209800995454,-117.0398921620092
917,False,32.71210664333805,-117.03854304674584
918,False,32.712079684344644,-117.04232054411229
919,False,32.71208484035631,-117.0415175770551
920,False,32.712039155097905,-117.04690417871744
921,False,32.712044802575434,-117.04602969626829
922,False,32.71203102916721,-117.04773638132544
923,False,32.71202337901686,-117.04849381037869
924,False,32.711134762828515,-117.04330296494892
925,False,32.71086138633346,-117.03986157438477
926,False,32.710815016155266,-117.04066416061234
927,False,32.71077403309944,-117.04148304950287
928,False,32.71073319079673,-117.04227918182939
929,False,32.710667618525676,-117.04691128851152
930,False,32.710689644806315,-117.04333078642786
931,False,32.710649299451454,-117.0493168739485
932,False,32.710656906965056,-117.04771744339841
933,False,32.71064919378894,-117.04848461311907
936,False,32.72492881646596,-117.01534099979511
937,False,32.72575769570345,-117.01623664883245
938,False,32.726547747517984,-117.02671396626646
939,False,32.726562786518514,-117.02522773866184
940,False,32.7180818870766,-117.03553132155325
941,False,32.73680057937521,-117.05223391090364
942,False,32.73581560489936,-117.05208007639143
943,False,32.735202739752395,-117.04452952812967
944,False,32.736445613708256,-117.04447430637003
945,False,32.73100228689976,-117.03488709560827
946,False,32.730984139258474,-117.03637671253749
947,False,32.74385058191846,-117.01838063960967
948,False,32.7298021337355,-117.04601715273009
949,False,32.72975413114918,-117.04693875716217
950,False,32.729292335681045,-117.0459123435429
951,False,32.729167104611165,-117.04410742126818
952,False,32.736515560896414,-117.04930636442394
953,False,32.73586688768388,-117.04932614826156
954,False,32.732467884365654,-117.05607735813379
955,False,32.733284750621934,-117.0568798363092
956,False,32.732069560112514,-117.05453081363925
957,False,32.72730710521062,-117.02679814161456
958,False,32.72691587209091,-117.02335176872329
959,False,32.72724359100435,-117.02541417600615
960,False,32.72691287022772,-117.02470483451938
961,False,32.73721970034227,-117.02049377012385
962,False,32.73721819390236,-117.02022488903779
963,False,32.738179107462365,-117.02047769718604
964,False,32.73821702757642,-117.02019391553739
965,False,32.74553382657018,-117.02574301252601
966,False,32.74486521388073,-117.02576124493727
967,False,32.745185101366566,-117.02594972767388
968,False,32.74539447895609,-117.02695017470906
969,False,32.74459982476373,-117.02697338776396
970,False,32.74452920458049,-117.02576843696947
971,False,32.74382700623954,-117.02522729154062
972,False,32.74378853982386,-117.02699567321302
973,False,32.74403506957527,-117.02698890021827
974,False,32.74378991498356,-117.02677729141196
975,False,32.73462299781453,-117.01527061406613
976,False,32.73497590226951,-117.018595750167
977,False,32.71819502555737,-117.01393699370026
978,False,32.71980959888481,-117.01445708586895
979,False,32.72435335792615,-117.03990107623498
980,False,32.74249260436286,-117.0230784991717
981,False,32.742481943679266,-117.02231306281423
982,False,32.741572219144054,-117.0426309750094
983,False,32.71228076040523,-117.04928824043893
984,False,32.745714550653375,-117.036072144128
985,False,32.74562343234618,-117.03637842664989
986,False,32.746360329096845,-117.03276873183644
987,False,32.74670325346158,-117.03118925081765
988,False,32.747494376669216,-117.02580740047138
989,False,32.74726957499537,-117.02292421998399
990,False,32.74724926473681,-117.02073785151745
991,False,32.72897968721487,-117.0148192793717
992,False,32.72898107058695,-117.01520292498874
993,False,32.72669364439299,-117.01463653879294
994,False,32.72659423226295,-117.0146293584327
995,False,32.71842684021004,-117.04932134041725
996,False,32.71586021507186,-117.04931961702188
997,False,32.71533971764684,-117.04737739041788
998,False,32.71521682251327,-117.04874751726531
999,False,32.71515007957744,-117.04695947171558
1000,False,32.71632563469646,-117.0459424540359
1001,False,32.71699146810284,-117.04881278108057
1002,False,32.71622687711273,-117.04662213365337
1003,False,32.71565448014218,-117.0471061227999
1004,False,32.71623900418589,-117.04807344522388
1005,False,32.715082463394886,-117.04636599176762
1006,False,32.715150051845235,-117.04706881517335
1007,False,32.74634110398133,-117.03277904004493
1008,False,32.72033118283091,-117.03449714469905
1009,False,32.74410186163487,-117.03129948094296
1010,False,32.73947931677041,-117.01445192370561
1011,False,32.73158086811511,-117.0435973096305
1012,False,32.73224636935333,-117.04359158314931
1013,False,32.731575882057925,-117.04418158139163
1014,False,32.732432483654485,-117.0441898603619
1015,False,32.73230026925665,-117.04631743892998
1016,False,32.73156507877451,-117.04552632506211
1017,False,32.732357899853994,-117.0455182602781
1018,False,32.73709953282395,-117.04290033982679
1019,False,32.737600588012,-117.0440412950543
1020,False,32.7404565637768,-117.04849846890306
1021,False,32.74004425863009,-117.04808027214328
1022,False,32.73877975008547,-117.04857282282049
1023,False,32.73217497590817,-117.04673595916694
1024,False,32.731553903761984,-117.04673827524935
1025,False,32.74312815853385,-117.03370519981948
1026,False,32.74442015488332,-117.04283852200523
1027,False,32.74474683534228,-117.04413076285822
1028,False,32.74462724155665,-117.04284083092345
1029,False,32.743882358469726,-117.04283327644555
1030,False,32.74472642511258,-117.03820322798045
1031,False,32.743774719812414,-117.04283320229786
1032,False,32.744909896586776,-117.03651259268698
1033,False,32.745268813959605,-117.0342756228966
1034,False,32.74470165699438,-117.0467931295326
1035,False,32.744149614485075,-117.04805731212701
1036,False,32.74230795970784,-117.05112005317679
1037,False,32.741442312436185,-117.05158699394683
1038,False,32.74198567145699,-117.05077841910489
1039,False,32.74116171743009,-117.0512825906431
1040,False,32.741690518332696,-117.05049648353149
1041,False,32.741655798524434,-117.04872872038194
1042,False,32.74233714409685,-117.04817918928545
1043,False,32.7422619884984,-117.04929794186536
1044,False,32.74561499295917,-117.03161355374708
1045,False,32.74628762796459,-117.03115047332204
1046,False,32.74531027678523,-117.04282506947015
1047,False,32.74489065865065,-117.03951080143135
1048,False,32.74503789964973,-117.03699869915387
1049,False,32.745329084203,-117.03693687204104
1050,False,32.74645168168047,-117.03116362312414
1051,False,32.745509181512155,-117.03453999840512
1052,False,32.74535745055865,-117.03435205690295
1053,False,32.74544694019585,-117.03444215829921
1054,False,32.74742666489161,-117.03124725041098
1055,False,32.74660451661088,-117.03212849939698
1056,False,32.74735294208802,-117.03163564791565
1057,False,32.74666896364373,-117.03118659536402
1058,False,32.74712400716069,-117.0280556021659
1059,False,32.74700155733503,-117.02674163772198
1060,False,32.74694354619279,-117.02812109483072
1061,False,32.745326446738595,-117.03087116314323
1062,False,32.745739726029605,-117.03088330448756
1063,False,32.73144604934242,-117.04937706109939
1064,False,32.730058666853786,-117.02630747133622
1065,False,32.74359988362235,-117.0309213100908
1066,False,32.743909231520846,-117.03116442464061
1072,False,32.73828971232457,-117.02571479483613
1073,False,32.73906962438594,-117.02569052524426
1078,False,32.74632781990726,-117.02317379015417
1079,False,32.74631940483282,-117.02223189501544
1080,False,32.73336187590867,-117.04936448676514
1081,False,32.73354735468663,-117.04936370106061
1082,False,32.735985735372076,-117.02328384084406
1083,False,32.73598872243425,-117.02394310114178
1084,False,32.72693849559083,-117.01652393583863
1085,False,32.72695935797342,-117.01808605386337
1086,False,32.7301676495996,-117.05041119722421
1087,False,32.726386922079264,-117.04529165474212
1088,False,32.72640191847992,-117.04460493609231
1089,False,32.7296550405446,-117.0622735043239
1090,False,32.73086630561626,-117.06046482224704
1091,False,32.71680808602115,-117.04498521055591
1092,False,32.72060420810612,-117.04179182466628
1093,False,32.715151952727126,-117.04637419160187
1094,False,32.715385359695105,-117.0461822369739
1095,False,32.72961051698252,-117.039307593065
1096,False,32.72960593549669,-117.04003098971522
1097,False,32.72989460610675,-117.04003277760786
1098,False,32.72918460884819,-117.0400283768283
