<metadata xml:lang="en"><Esri><CreaDate>20230316</CreaDate><CreaTime>10200600</CreaTime><ArcGISFormat>1.0</ArcGISFormat><SyncOnce>FALSE</SyncOnce><DataProperties><itemProps><itemName Sync="TRUE">SacRT_Service_Area_0402</itemName><imsContentType Sync="TRUE">002</imsContentType><itemLocation><linkage Sync="TRUE">file://\\WS00013\C$\Users\schin\Documents\ArcGIS\Projects\SacRT Routes and Stops\Exports\SacRT_Service_Area_0402.shp</linkage><protocol Sync="TRUE">Local Area Network</protocol></itemLocation><itemSize Sync="TRUE">0.000</itemSize></itemProps><coordRef><type Sync="TRUE">Projected</type><geogcsn Sync="TRUE">GCS_North_American_1983</geogcsn><csUnits Sync="TRUE">Linear Unit: Foot_US (0.304801)</csUnits><projcsn Sync="TRUE">NAD_1983_StatePlane_California_II_FIPS_0402_Feet</projcsn><peXml Sync="TRUE">&lt;ProjectedCoordinateSystem xsi:type='typens:ProjectedCoordinateSystem' xmlns:xsi='http://www.w3.org/2001/XMLSchema-instance' xmlns:xs='http://www.w3.org/2001/XMLSchema' xmlns:typens='http://www.esri.com/schemas/ArcGIS/3.0.0'&gt;&lt;WKT&gt;PROJCS[&amp;quot;NAD_1983_StatePlane_California_II_FIPS_0402_Feet&amp;quot;,GEOGCS[&amp;quot;GCS_North_American_1983&amp;quot;,DATUM[&amp;quot;D_North_American_1983&amp;quot;,SPHEROID[&amp;quot;GRS_1980&amp;quot;,6378137.0,298.257222101]],PRIMEM[&amp;quot;Greenwich&amp;quot;,0.0],UNIT[&amp;quot;Degree&amp;quot;,0.0174532925199433]],PROJECTION[&amp;quot;Lambert_Conformal_Conic&amp;quot;],PARAMETER[&amp;quot;False_Easting&amp;quot;,6561666.666666666],PARAMETER[&amp;quot;False_Northing&amp;quot;,1640416.666666667],PARAMETER[&amp;quot;Central_Meridian&amp;quot;,-122.0],PARAMETER[&amp;quot;Standard_Parallel_1&amp;quot;,38.33333333333334],PARAMETER[&amp;quot;Standard_Parallel_2&amp;quot;,39.83333333333334],PARAMETER[&amp;quot;Latitude_Of_Origin&amp;quot;,37.66666666666666],UNIT[&amp;quot;Foot_US&amp;quot;,0.3048006096012192],AUTHORITY[&amp;quot;EPSG&amp;quot;,2226]]&lt;/WKT&gt;&lt;XOrigin&gt;-115211800&lt;/XOrigin&gt;&lt;YOrigin&gt;-93821500&lt;/YOrigin&gt;&lt;XYScale&gt;36983428.057351544&lt;/XYScale&gt;&lt;ZOrigin&gt;-100000&lt;/ZOrigin&gt;&lt;ZScale&gt;10000&lt;/ZScale&gt;&lt;MOrigin&gt;-100000&lt;/MOrigin&gt;&lt;MScale&gt;10000&lt;/MScale&gt;&lt;XYTolerance&gt;0.0032808333333333331&lt;/XYTolerance&gt;&lt;ZTolerance&gt;0.001&lt;/ZTolerance&gt;&lt;MTolerance&gt;0.001&lt;/MTolerance&gt;&lt;HighPrecision&gt;true&lt;/HighPrecision&gt;&lt;WKID&gt;102642&lt;/WKID&gt;&lt;LatestWKID&gt;2226&lt;/LatestWKID&gt;&lt;/ProjectedCoordinateSystem&gt;</peXml></coordRef><lineage><Process ToolSource="c:\program files\arcgis\pro\Resources\ArcToolbox\toolboxes\Conversion Tools.tbx\ExportFeatures" Date="20230227" Time="105201">ExportFeatures Cities_and_Counties C:\Users\schin\Documents\ArcGIS\Projects\HomeZip\HomeZip.gdb\SACOG_Cities_Counties # NOT_USE_ALIAS "OBJECTID "OBJECTID" true true false 3 Short 0 3,First,#,Cities_and_Counties,OBJECTID,-1,-1;JURIS "JURIS" true true false 17 Text 0 0,First,#,Cities_and_Counties,JURIS,0,17;COUNTY "COUNTY" true true false 10 Text 0 0,First,#,Cities_and_Counties,COUNTY,0,10;DISTRICT "DISTRICT" true true false 24 Text 0 0,First,#,Cities_and_Counties,DISTRICT,0,24;CITY_NAME "CITY_NAME" true true false 16 Text 0 0,First,#,Cities_and_Counties,CITY_NAME,0,16;ACRES "ACRES" true true false 24 Double 15 23,First,#,Cities_and_Counties,ACRES,-1,-1;SQ_MILES "SQ_MILES" true true false 24 Double 15 23,First,#,Cities_and_Counties,SQ_MILES,-1,-1;Shape__Are "Shape__Are" true true false 24 Double 15 23,First,#,Cities_and_Counties,Shape__Are,-1,-1;Shape__Len "Shape__Len" true true false 24 Double 15 23,First,#,Cities_and_Counties,Shape__Len,-1,-1" #</Process><Process ToolSource="c:\program files\arcgis\pro\Resources\ArcToolbox\toolboxes\Data Management Tools.tbx\Project" Date="20230308" Time="090805">Project SACOG_Cities_Counties "C:\Users\schin\Documents\ArcGIS\Projects\SacRT Routes and Stops\SacRT Routes and Stops.gdb\SACOG_Cities_Counties_NAD83" PROJCS["NAD_1983_UTM_Zone_10N",GEOGCS["GCS_North_American_1983",DATUM["D_North_American_1983",SPHEROID["GRS_1980",6378137.0,298.257222101]],PRIMEM["Greenwich",0.0],UNIT["Degree",0.0174532925199433]],PROJECTION["Transverse_Mercator"],PARAMETER["False_Easting",500000.0],PARAMETER["False_Northing",0.0],PARAMETER["Central_Meridian",-123.0],PARAMETER["Scale_Factor",0.9996],PARAMETER["Latitude_Of_Origin",0.0],UNIT["Meter",1.0]] # PROJCS["NAD_1983_StatePlane_California_II_FIPS_0402_Feet",GEOGCS["GCS_North_American_1983",DATUM["D_North_American_1983",SPHEROID["GRS_1980",6378137.0,298.257222101]],PRIMEM["Greenwich",0.0],UNIT["Degree",0.0174532925199433]],PROJECTION["Lambert_Conformal_Conic"],PARAMETER["False_Easting",6561666.667],PARAMETER["False_Northing",1640416.667],PARAMETER["Central_Meridian",-122.0],PARAMETER["Standard_Parallel_1",38.3333333333333],PARAMETER["Standard_Parallel_2",39.8333333333333],PARAMETER["Latitude_Of_Origin",37.6666666666667],UNIT["US survey foot",0.3048006096012192]] NO_PRESERVE_SHAPE # NO_VERTICAL</Process><Process ToolSource="c:\program files\arcgis\pro\Resources\ArcToolbox\toolboxes\Data Management Tools.tbx\Project" Date="20230316" Time="102007">Project SACOG_Cities_Counties_NAD83 "C:\Users\schin\Documents\ArcGIS\Projects\SacRT Routes and Stops\SacRT Routes and Stops.gdb\SACOG_Cities_Counties_0402" PROJCS["NAD_1983_StatePlane_California_II_FIPS_0402_Feet",GEOGCS["GCS_North_American_1983",DATUM["D_North_American_1983",SPHEROID["GRS_1980",6378137.0,298.257222101]],PRIMEM["Greenwich",0.0],UNIT["Degree",0.0174532925199433]],PROJECTION["Lambert_Conformal_Conic"],PARAMETER["False_Easting",6561666.666666666],PARAMETER["False_Northing",1640416.666666667],PARAMETER["Central_Meridian",-122.0],PARAMETER["Standard_Parallel_1",38.33333333333334],PARAMETER["Standard_Parallel_2",39.83333333333334],PARAMETER["Latitude_Of_Origin",37.66666666666666],UNIT["Foot_US",0.3048006096012192]] # PROJCS["NAD_1983_UTM_Zone_10N",GEOGCS["GCS_North_American_1983",DATUM["D_North_American_1983",SPHEROID["GRS_1980",6378137.0,298.257222101]],PRIMEM["Greenwich",0.0],UNIT["Degree",0.0174532925199433]],PROJECTION["Transverse_Mercator"],PARAMETER["False_Easting",500000.0],PARAMETER["False_Northing",0.0],PARAMETER["Central_Meridian",-123.0],PARAMETER["Scale_Factor",0.9996],PARAMETER["Latitude_Of_Origin",0.0],UNIT["Meter",1.0]] NO_PRESERVE_SHAPE # NO_VERTICAL</Process><Process ToolSource="c:\program files\arcgis\pro\Resources\ArcToolbox\toolboxes\Conversion Tools.tbx\ExportFeatures" Date="20230316" Time="104344">ExportFeatures SACOG_Cities_Counties_0402 "C:\Users\schin\Documents\ArcGIS\Projects\SacRT Routes and Stops\SacRT Routes and Stops.gdb\SACOG_Cities_C_ExportFeature" # NOT_USE_ALIAS "OBJECTID "OBJECTID" true true false 2 Short 0 0,First,#,SACOG_Cities_Counties_0402,OBJECTID,-1,-1;JURIS "JURIS" true true false 17 Text 0 0,First,#,SACOG_Cities_Counties_0402,JURIS,0,17;COUNTY "COUNTY" true true false 10 Text 0 0,First,#,SACOG_Cities_Counties_0402,COUNTY,0,10;DISTRICT "DISTRICT" true true false 24 Text 0 0,First,#,SACOG_Cities_Counties_0402,DISTRICT,0,24;CITY_NAME "CITY_NAME" true true false 16 Text 0 0,First,#,SACOG_Cities_Counties_0402,CITY_NAME,0,16;ACRES "ACRES" true true false 8 Double 0 0,First,#,SACOG_Cities_Counties_0402,ACRES,-1,-1;SQ_MILES "SQ_MILES" true true false 8 Double 0 0,First,#,SACOG_Cities_Counties_0402,SQ_MILES,-1,-1;Shape__Are "Shape__Are" true true false 8 Double 0 0,First,#,SACOG_Cities_Counties_0402,Shape__Are,-1,-1;Shape__Len "Shape__Len" true true false 8 Double 0 0,First,#,SACOG_Cities_Counties_0402,Shape__Len,-1,-1;Shape_Length "Shape_Length" false true true 8 Double 0 0,First,#,SACOG_Cities_Counties_0402,Shape_Length,-1,-1;Shape_Area "Shape_Area" false true true 8 Double 0 0,First,#,SACOG_Cities_Counties_0402,Shape_Area,-1,-1" #</Process><Process ToolSource="c:\program files\arcgis\pro\Resources\ArcToolbox\toolboxes\Analysis Tools.tbx\Union" Date="20230316" Time="112851">Union "SACOG_Cities_C_ExportFeature #;rt_activated #" "C:\Users\schin\Documents\ArcGIS\Projects\SacRT Routes and Stops\SacRT Routes and Stops.gdb\SacRT_Service_Area_Union" "All attributes" # NO_GAPS</Process><Process ToolSource="c:\program files\arcgis\pro\Resources\ArcToolbox\toolboxes\Data Management Tools.tbx\Dissolve" Date="20230316" Time="120430">Dissolve SacRT_Service_Area_Union "C:\Users\schin\Documents\ArcGIS\Projects\SacRT Routes and Stops\SacRT Routes and Stops.gdb\SacRT_Service_Area__Dissolve" # # SINGLE_PART DISSOLVE_LINES #</Process><Process ToolSource="c:\program files\arcgis\pro\Resources\ArcToolbox\toolboxes\Data Management Tools.tbx\Rename" Date="20230316" Time="121437">Rename "C:\Users\schin\Documents\ArcGIS\Projects\SacRT Routes and Stops\SacRT Routes and Stops.gdb\SacRT_Service_Area__Dissolve" "C:\Users\schin\Documents\ArcGIS\Projects\SacRT Routes and Stops\SacRT Routes and Stops.gdb\SacRT_Service_Area" FeatureClass</Process><Process ToolSource="c:\program files\arcgis\pro\Resources\ArcToolbox\toolboxes\Data Management Tools.tbx\Rename" Date="20230316" Time="121457">Rename "C:\Users\schin\Documents\ArcGIS\Projects\SacRT Routes and Stops\SacRT Routes and Stops.gdb\SacRT_Service_Area" "C:\Users\schin\Documents\ArcGIS\Projects\SacRT Routes and Stops\SacRT Routes and Stops.gdb\SacRT_Service_Area_0402" FeatureClass</Process><Process ToolSource="c:\program files\arcgis\pro\Resources\ArcToolbox\toolboxes\Data Management Tools.tbx\CopyFeatures" Date="20230612" Time="150945">CopyFeatures "C:\Users\schin\Documents\ArcGIS\Projects\SacRT Routes and Stops\SacRT Routes and Stops.gdb\SacRT_Service_Area_0402" "C:\Users\schin\Documents\ArcGIS\Projects\SacRT Routes and Stops\Exports\SacRT_Service_Area_0402.shp" # # # #</Process></lineage></DataProperties><SyncDate>20230612</SyncDate><SyncTime>15094500</SyncTime><ModDate>20230612</ModDate><ModTime>15094500</ModTime></Esri><dataIdInfo><envirDesc Sync="TRUE">Microsoft Windows 10 Version 10.0 (Build 19044) ; Esri ArcGIS 13.0.3.36057</envirDesc><dataLang><languageCode value="eng" Sync="TRUE"></languageCode><countryCode value="USA" Sync="TRUE"></countryCode></dataLang><idCitation><resTitle Sync="TRUE">SacRT_Service_Area_0402</resTitle><presForm><PresFormCd value="005" Sync="TRUE"></PresFormCd></presForm></idCitation><spatRpType><SpatRepTypCd value="001" Sync="TRUE"></SpatRepTypCd></spatRpType></dataIdInfo><mdLang><languageCode value="eng" Sync="TRUE"></languageCode><countryCode value="USA" Sync="TRUE"></countryCode></mdLang><distInfo><distFormat><formatName Sync="TRUE">Shapefile</formatName></distFormat><distTranOps><transSize Sync="TRUE">0.000</transSize></distTranOps></distInfo><mdHrLv><ScopeCd value="005" Sync="TRUE"></ScopeCd></mdHrLv><mdHrLvName Sync="TRUE">dataset</mdHrLvName><refSysInfo><RefSystem><refSysID><identCode code="2226" Sync="TRUE"></identCode><idCodeSpace Sync="TRUE">EPSG</idCodeSpace><idVersion Sync="TRUE">5.3(9.0.0)</idVersion></refSysID></RefSystem></refSysInfo><spatRepInfo><VectSpatRep><geometObjs Name="SacRT_Service_Area_0402"><geoObjTyp><GeoObjTypCd value="002" Sync="TRUE"></GeoObjTypCd></geoObjTyp><geoObjCnt Sync="TRUE">0</geoObjCnt></geometObjs><topLvl><TopoLevCd value="001" Sync="TRUE"></TopoLevCd></topLvl></VectSpatRep></spatRepInfo><spdoinfo><ptvctinf><esriterm Name="SacRT_Service_Area_0402"><efeatyp Sync="TRUE">Simple</efeatyp><efeageom code="4" Sync="TRUE"></efeageom><esritopo Sync="TRUE">FALSE</esritopo><efeacnt Sync="TRUE">0</efeacnt><spindex Sync="TRUE">FALSE</spindex><linrefer Sync="TRUE">FALSE</linrefer></esriterm></ptvctinf></spdoinfo><eainfo><detailed Name="SacRT_Service_Area_0402"><enttyp><enttypl Sync="TRUE">SacRT_Service_Area_0402</enttypl><enttypt Sync="TRUE">Feature Class</enttypt><enttypc Sync="TRUE">0</enttypc></enttyp><attr><attrlabl Sync="TRUE">FID</attrlabl><attalias Sync="TRUE">FID</attalias><attrtype Sync="TRUE">OID</attrtype><attwidth Sync="TRUE">4</attwidth><atprecis Sync="TRUE">0</atprecis><attscale Sync="TRUE">0</attscale><attrdef Sync="TRUE">Internal feature number.</attrdef><attrdefs Sync="TRUE">Esri</attrdefs><attrdomv><udom Sync="TRUE">Sequential unique whole numbers that are automatically generated.</udom></attrdomv></attr><attr><attrlabl Sync="TRUE">Shape</attrlabl><attalias Sync="TRUE">Shape</attalias><attrtype Sync="TRUE">Geometry</attrtype><attwidth Sync="TRUE">0</attwidth><atprecis Sync="TRUE">0</atprecis><attscale Sync="TRUE">0</attscale><attrdef Sync="TRUE">Feature geometry.</attrdef><attrdefs Sync="TRUE">Esri</attrdefs><attrdomv><udom Sync="TRUE">Coordinates defining the features.</udom></attrdomv></attr><attr><attrlabl Sync="TRUE">Shape_Leng</attrlabl><attalias Sync="TRUE">Shape_Leng</attalias><attrtype Sync="TRUE">Double</attrtype><attwidth Sync="TRUE">19</attwidth><atprecis Sync="TRUE">0</atprecis><attscale Sync="TRUE">0</attscale></attr><attr><attrlabl Sync="TRUE">Shape_Area</attrlabl><attalias Sync="TRUE">Shape_Area</attalias><attrtype Sync="TRUE">Double</attrtype><attwidth Sync="TRUE">19</attwidth><atprecis Sync="TRUE">0</atprecis><attscale Sync="TRUE">0</attscale><attrdef Sync="TRUE">Area of feature in internal units squared.</attrdef><attrdefs Sync="TRUE">Esri</attrdefs><attrdomv><udom Sync="TRUE">Positive real numbers that are automatically generated.</udom></attrdomv></attr></detailed></eainfo><mdDateSt Sync="TRUE">20230612</mdDateSt></metadata>
