OBJECTID,MGRA,CT10,CT10BG,SRA,MSA,City,ZIP,Sphere,CPA,CPASG,TAZ,Council,Super,LUZ,Elem,Unif,High,Coll,Transit,Shape_Leng,Shape_Area
933,948,2703,27034,6,0,14,92115,1457,1457,0,3574,4,4,87,22,0,16,1,1,1622.068647,101467.5873
935,950,2703,27034,6,0,14,92115,1457,1457,0,3574,4,4,87,22,0,16,1,1,1292.416075,60957.28763
1023,1046,2712,27121,6,0,14,92115,1457,1457,0,3687,4,4,87,22,0,16,1,1,1118.271201,51452.92958
1257,1288,3003,30031,5,0,10,91945,1000,0,0,3630,0,2,135,22,0,16,1,1,1552.166018,84993.69069
1258,1289,3003,30031,5,0,10,91945,1000,0,0,3630,0,2,135,22,0,16,1,1,2067.730058,141958.7629
1259,1290,3003,30031,5,0,10,91945,1000,0,0,3728,0,2,135,22,0,16,1,1,1349.820034,54900.9118
1260,1291,3003,30031,5,0,10,91945,1000,0,0,3741,0,2,109,22,0,16,1,1,2481.662336,281664.7829
1262,1292,3003,30031,5,0,10,91945,1000,0,0,3630,0,2,135,22,0,16,1,1,1024.129809,33815.84511
1264,1293,3003,30031,5,0,10,91945,1000,0,0,3630,0,2,135,22,0,16,1,1,2186.963757,68736.84305
1265,1294,3003,30031,5,0,10,91945,1000,0,0,3771,0,2,134,22,0,16,1,1,789.9081246,23133.52318
1261,1295,3003,30031,5,0,14,92114,1468,1468,0,3744,4,4,109,22,0,16,1,1,2465.821582,181436.4442
1263,1296,3003,30031,5,0,14,92114,1468,1468,0,3744,4,4,109,22,0,16,1,1,1577.468462,87357.33675
1266,1297,3003,30031,5,0,14,92114,1468,1468,0,3744,4,4,109,22,0,16,1,1,1217.325263,55609.48314
1269,1300,3003,30031,5,0,14,92114,1468,1468,0,3794,4,4,109,0,30,0,4,1,2283.709693,110608.1379
1303,1334,3004,30042,5,0,14,92114,1468,1468,0,4046,4,4,109,0,30,0,4,1,1172.112913,63890.12257
1312,1343,3103,31031,5,0,14,92114,1444,1444,0,4122,4,4,110,0,30,0,4,1,1440.268625,103339.7688
1330,1361,3103,31033,5,0,14,92114,1444,1444,0,4122,4,4,110,0,30,0,4,1,2531.051961,215648.5226
1331,1362,3103,31033,5,0,14,92114,1444,1444,0,4122,4,4,110,0,30,0,4,1,1616.152434,124623.6961
1338,1369,3105,31051,5,0,14,92114,1444,1444,0,3995,4,4,110,0,30,0,4,1,2048.320939,111077.7596
1341,1372,3105,31051,5,0,14,92114,1444,1444,0,4064,4,4,110,0,30,0,4,1,1990.086252,88617.48574
1355,1386,3107,31071,5,0,14,92114,1444,1444,0,3992,4,4,110,0,30,0,4,1,1157.329729,39371.706
1356,1387,3107,31071,5,0,14,92114,1444,1444,0,3992,4,4,110,0,30,0,4,1,1091.470096,66230.83444
8864,9031,13801,138012,31,3,19,91941,1921,1921,192100,3477,0,2,151,20,0,16,1,1,771.8942436,17521.60252
8871,9036,13801,138013,31,3,10,91945,1000,0,0,3509,0,2,135,22,0,16,1,1,875.4095974,43837.39475
8870,9039,13801,138013,31,3,19,91941,1921,1921,192100,3477,0,2,151,20,0,16,1,1,1626.6883,128245.5826
9052,9220,14001,140011,32,3,10,91945,1000,0,0,3638,0,2,135,22,0,16,1,1,1131.239387,64098.23591
9053,9221,14001,140011,32,3,10,91945,1000,0,0,3685,0,2,135,22,0,16,1,1,1315.230749,95080.53978
9054,9222,14001,140011,32,3,10,91945,1000,0,0,3685,0,2,135,22,0,16,1,1,1364.164946,106129.6536
9055,9223,14001,140011,32,3,10,91945,1000,0,0,3734,0,2,135,22,0,16,1,1,1223.610507,77619.75566
9056,9224,14001,140011,32,3,10,91945,1000,0,0,3734,0,2,135,22,0,16,1,1,1153.982699,71535.23785
9057,9225,14001,140012,32,3,10,91945,1000,0,0,3734,0,2,135,22,0,16,1,1,1360.419179,77252.75948
9058,9226,14001,140012,32,3,10,91945,1000,0,0,3734,0,2,135,22,0,16,1,1,1211.129056,64690.78325
9059,9227,14001,140012,32,3,10,91945,1000,0,0,3734,0,2,135,22,0,16,1,1,1199.164881,75750.00392
9060,9228,14001,140012,32,3,10,91945,1000,0,0,3734,0,2,135,22,0,16,1,1,1211.316579,76889.25702
9061,9229,14001,140013,32,3,10,91945,1000,0,0,3580,0,2,135,22,0,16,1,1,834.0469298,37265.14738
9062,9230,14001,140013,32,3,10,91945,1000,0,0,3601,0,2,135,22,0,16,1,1,1630.031288,136194.4538
9063,9231,14001,140013,32,3,10,91945,1000,0,0,3580,0,2,135,22,0,16,1,1,764.5064925,20020.18876
9064,9232,14001,140013,32,3,10,91945,1000,0,0,3601,0,2,135,22,0,16,1,1,1407.250028,78426.19195
9065,9233,14001,140013,32,3,10,91945,1000,0,0,3601,0,2,135,22,0,16,1,1,2399.147289,159071.1789
9066,9234,14001,140013,32,3,10,91945,1000,0,0,3601,0,2,135,22,0,16,1,1,1627.936136,137438.0113
9067,9235,14001,140013,32,3,10,91945,1000,0,0,3601,0,2,135,22,0,16,1,1,2112.673781,227132.1903
9068,9236,14001,140013,32,3,10,91945,1000,0,0,3601,0,2,135,22,0,16,1,1,844.2925964,33569.40766
9069,9237,14001,140013,32,3,10,91945,1000,0,0,3601,0,2,135,22,0,16,1,1,1641.28308,92606.03178
9070,9238,14001,140013,32,3,10,91945,1000,0,0,3601,0,2,135,22,0,16,1,1,1291.922578,71082.9968
9071,9239,14001,140013,32,3,10,91945,1000,0,0,3601,0,2,135,22,0,16,1,1,1354.376879,90154.79382
9072,9240,14001,140013,32,3,10,91945,1000,0,0,3601,0,2,135,22,0,16,1,1,1284.440339,70599.24541
9073,9241,14001,140014,32,3,10,91945,1000,0,0,3638,0,2,135,22,0,16,1,1,1679.907146,107033.8676
9074,9242,14001,140014,32,3,10,91945,1000,0,0,3638,0,2,135,22,0,16,1,1,980.5320915,59901.51727
9075,9243,14001,140014,32,3,10,91945,1000,0,0,3638,0,2,135,22,0,16,1,1,1194.352272,84330.40513
9076,9244,14001,140014,32,3,10,91945,1000,0,0,3638,0,2,135,22,0,16,1,1,828.8366201,21211.76474
9077,9245,14001,140014,32,3,10,91945,1000,0,0,3638,0,2,135,22,0,16,1,1,529.584536,14088.04814
9078,9246,14001,140014,32,3,10,91945,1000,0,0,3685,0,2,135,22,0,16,1,1,852.0937675,22959.08123
9079,9247,14001,140014,32,3,10,91945,1000,0,0,3685,0,2,135,22,0,16,1,1,1330.59172,92343.07972
9080,9248,14001,140014,32,3,10,91945,1000,0,0,3685,0,2,135,22,0,16,1,1,785.6580162,28937.43758
9081,9249,14001,140014,32,3,10,91945,1000,0,0,3685,0,2,135,22,0,16,1,1,1308.517334,86767.18399
9082,9250,14001,140014,32,3,10,91945,1000,0,0,3734,0,2,135,22,0,16,1,1,1425.887238,107577.9093
9083,9251,14001,140014,32,3,10,91945,1000,0,0,3734,0,2,135,22,0,16,1,1,1194.123907,78084.29588
9084,9252,14001,140014,32,3,10,91945,1000,0,0,3734,0,2,135,22,0,16,1,1,1325.379231,72357.11252
9085,9253,14002,140021,32,3,10,91945,1000,0,0,3809,0,2,134,22,0,16,1,1,1562.325334,86159.33426
9086,9254,14002,140021,32,3,10,91945,1000,0,0,3809,0,2,134,22,0,16,1,1,1391.444424,105218.2258
9087,9255,14002,140021,32,3,10,91945,1000,0,0,3809,0,2,134,22,0,16,1,1,1461.856556,85720.81165
9090,9256,14002,140021,32,3,10,91945,1000,0,0,3809,0,2,134,22,0,16,1,1,1422.418558,124328.5122
9092,9257,14002,140021,32,3,10,91945,1000,0,0,3809,0,2,134,22,0,16,1,1,1226.496196,93555.10176
9088,9258,14002,140021,32,3,19,91977,1000,1921,192100,3896,0,2,151,20,0,16,1,1,1110.562785,76103.36589
9089,9259,14002,140021,32,3,19,91977,1000,1921,192100,3896,0,2,151,20,0,16,1,1,716.2967883,16348.31754
9091,9260,14002,140021,32,3,19,91977,1000,1921,192100,3896,0,2,151,20,0,16,1,1,1576.759931,116386.479
9093,9261,14002,140021,32,3,19,91977,1000,1921,192100,3896,0,2,151,20,0,16,1,1,1616.063721,92369.99563
9094,9262,14002,140021,32,3,19,91977,1000,1921,192100,3896,0,2,151,20,0,16,1,1,2515.890083,358314.6825
9095,9263,14002,140021,32,3,19,91977,1921,1921,192100,3925,0,2,151,20,0,16,1,1,630.6189538,19354.17966
9096,9264,14002,140022,32,3,10,91945,1000,0,0,3739,0,2,134,22,0,16,1,1,1067.72584,57595.54554
9097,9265,14002,140022,32,3,10,91945,1000,0,0,3739,0,2,134,22,0,16,1,1,1412.532814,113862.9851
9098,9266,14002,140022,32,3,10,91945,1000,0,0,3739,0,2,134,22,0,16,1,1,2081.697858,166242.5102
9100,9267,14002,140022,32,3,10,91945,1000,0,0,3739,0,2,134,22,0,16,1,1,1101.594564,59316.61956
9101,9268,14002,140022,32,3,10,91945,1000,0,0,3739,0,2,134,22,0,16,1,1,1583.304652,110668.0199
9102,9269,14002,140022,32,3,10,91945,1000,0,0,3739,0,2,134,22,0,16,1,1,1481.289539,118384.9523
9103,9270,14002,140022,32,3,10,91945,1000,0,0,3810,0,2,134,22,0,16,1,1,1819.651015,143324.4303
9104,9271,14002,140022,32,3,10,91945,1000,0,0,3810,0,2,134,22,0,16,1,1,1514.314467,107632.3438
9105,9272,14002,140022,32,3,10,91945,1000,0,0,3810,0,2,134,22,0,16,1,1,1011.824173,55130.31703
9106,9273,14002,140022,32,3,10,91945,1000,0,0,3810,0,2,134,22,0,16,1,1,2429.505882,170540.7037
9107,9274,14002,140022,32,3,10,91945,1000,0,0,3810,0,2,134,22,0,16,1,1,1021.779366,56849.86427
9099,9275,14002,140022,32,3,19,91977,1000,1921,192100,3739,0,2,134,22,0,16,1,1,1850.443554,122926.3367
9108,9276,14002,140022,32,3,19,91977,1000,1921,192100,3856,0,2,151,20,0,16,1,1,1682.145112,140353.3762
9109,9277,14002,140022,32,3,19,91977,1000,1921,192100,3856,0,2,151,20,0,16,1,1,2496.345897,388380.2431
9110,9278,14002,140022,32,3,19,91977,1000,1921,192100,3856,0,2,151,20,0,16,1,1,862.4920875,17461.71414
9111,9279,14101,141011,32,3,10,91945,1000,0,0,3769,0,2,135,22,0,16,1,1,1215.110099,43033.10737
9112,9280,14101,141011,32,3,10,91945,1000,0,0,3769,0,2,135,22,0,16,1,1,1656.097105,156415.0703
9113,9281,14101,141011,32,3,10,91945,1000,0,0,3813,0,2,134,22,0,16,1,1,1649.263128,80698.11062
9114,9282,14101,141011,32,3,10,91945,1000,0,0,3808,0,2,134,22,0,16,1,1,1477.531877,100176.1695
9115,9283,14101,141011,32,3,10,91945,1000,0,0,3808,0,2,134,22,0,16,1,1,1147.210511,38014.47559
9116,9284,14101,141011,32,3,10,91945,1000,0,0,3808,0,2,134,22,0,16,1,1,1921.108988,125595.016
9117,9285,14101,141011,32,3,10,91945,1000,0,0,3813,0,2,134,22,0,16,1,1,2018.209532,157753.6436
9118,9286,14101,141011,32,3,10,91945,1000,0,0,3813,0,2,134,22,0,16,1,1,1485.686243,62140.43556
9119,9287,14101,141011,32,3,10,91945,1000,0,0,3808,0,2,134,22,0,16,1,1,948.4966427,40827.69024
9120,9288,14101,141011,32,3,10,91945,1000,0,0,3808,0,2,134,22,0,16,1,1,571.9405613,14897.14906
9121,9289,14101,141011,32,3,10,91945,1000,0,0,3808,0,2,134,22,0,16,1,1,378.4021232,6326.420541
9122,9290,14101,141011,32,3,10,91945,1000,0,0,3813,0,2,134,22,0,16,1,1,1618.116585,143809.4445
22756,9291,14101,141011,32,3,10,91945,1000,0,0,3862,0,2,110,22,0,16,1,1,1295.294743,53625.5332
9123,9292,14101,141012,32,3,10,91945,1000,0,0,3808,0,2,134,22,0,16,1,1,438.6604933,8853.927375
9124,9293,14101,141012,32,3,10,91945,1000,0,0,3808,0,2,134,22,0,16,1,1,1218.25179,73588.36595
9125,9294,14101,141012,32,3,10,91945,1000,0,0,3808,0,2,134,22,0,16,1,1,917.04022,46275.3711
9126,9295,14101,141012,32,3,10,91945,1000,0,0,3862,0,2,110,22,0,16,1,1,1531.298836,96646.99352
9127,9296,14101,141012,32,3,10,91945,1000,0,0,3880,0,2,134,22,0,16,1,1,1672.725791,117169.6945
9128,9297,14101,141012,32,3,10,91945,1000,0,0,3862,0,2,110,22,0,16,1,1,2164.648969,157058.1423
9129,9298,14101,141012,32,3,10,91945,1000,0,0,3900,0,2,134,22,0,16,1,1,2046.361443,209697.626
9130,9299,14101,141012,32,3,10,91945,1000,0,0,3900,0,2,134,22,0,16,1,1,772.1947438,36060.71643
9131,9300,14101,141012,32,3,10,91945,1000,0,0,3880,0,2,134,22,0,16,1,1,1628.986232,119238.491
9132,9301,14102,141021,32,3,14,92114,1444,1444,0,3923,4,4,110,22,0,16,1,1,1532.114358,100559.1342
9133,9302,14102,141021,32,3,14,92114,1444,1444,0,3923,4,4,110,22,0,16,1,1,1490.346439,111758.0122
9134,9303,14102,141021,32,3,14,92114,1444,1444,0,3945,4,4,110,22,0,16,1,1,2222.563267,144101.8291
9135,9304,14102,141021,32,3,14,92114,1444,1444,0,3923,4,4,110,22,0,16,1,1,1753.550274,181274.0796
9136,9305,14102,141021,32,3,14,92114,1444,1444,0,3945,4,4,110,22,0,16,1,1,1060.032833,38858.31557
9137,9306,14102,141021,32,3,14,92114,1444,1444,0,3945,4,4,110,22,0,16,1,1,1521.141934,120352.2803
9138,9307,14102,141021,32,3,14,92114,1444,1444,0,3923,4,4,110,0,30,0,4,1,2088.796451,151933.057
9139,9308,14102,141021,32,3,14,92114,1444,1444,0,3945,4,4,110,0,30,0,4,1,1527.291512,137624.0779
9140,9309,14102,141021,32,3,14,92114,1444,1444,0,3945,4,4,110,0,30,0,4,1,1594.137612,94998.59154
9141,9310,14102,141021,32,3,14,92114,1444,1444,0,3923,4,4,110,0,30,0,4,1,1574.673401,110460.2152
9142,9311,14102,141021,32,3,14,92114,1444,1444,0,3923,4,4,110,0,30,0,4,1,1284.447009,70029.15335
9143,9312,14102,141021,32,3,14,92114,1444,1444,0,3923,4,4,110,0,30,0,4,1,864.0865652,41788.14156
9144,9313,14102,141021,32,3,14,92114,1444,1444,0,3945,4,4,110,22,0,16,1,1,936.5341724,17631.17119
9148,9314,14102,141022,32,3,10,91945,1000,0,0,3900,0,2,134,22,0,16,1,1,1054.721042,39109.37063
9145,9315,14102,141022,32,3,14,92114,1444,1444,0,3918,4,4,134,22,0,16,1,1,1582.24984,107828.8363
9146,9316,14102,141022,32,3,14,92114,1444,1444,0,3918,4,4,134,0,30,0,4,1,1670.206939,102555.8756
9147,9317,14102,141022,32,3,14,92114,1444,1444,0,3918,4,4,134,0,30,0,4,1,703.3794701,28411.20236
22915,9318,14102,141022,32,3,14,92114,1444,1444,0,3918,4,4,134,0,30,0,4,1,1119.850405,73522.63854
9149,9319,14200,142001,32,3,10,91945,1000,0,0,3728,0,2,135,22,0,16,1,1,999.0641421,54287.62811
9150,9320,14200,142001,32,3,10,91945,1000,0,0,3728,0,2,135,22,0,16,1,1,1452.192591,114474.5305
9151,9321,14200,142001,32,3,10,91945,1000,0,0,3728,0,2,135,22,0,16,1,1,1692.660711,116579.4474
9152,9322,14200,142001,32,3,10,91945,1000,0,0,3728,0,2,135,22,0,16,1,1,1236.536444,62914.27982
9153,9323,14200,142001,32,3,10,91945,1000,0,0,3771,0,2,134,22,0,16,1,1,1405.868624,117359.6462
9154,9324,14200,142001,32,3,10,91945,1000,0,0,3771,0,2,134,22,0,16,1,1,1391.231329,98786.67529
9155,9325,14200,142001,32,3,10,91945,1000,0,0,3771,0,2,134,22,0,16,1,1,1461.054009,83874.48826
9156,9326,14200,142001,32,3,10,91945,1000,0,0,3771,0,2,134,22,0,16,1,1,1701.749393,56667.77821
9157,9327,14200,142001,32,3,10,91945,1000,0,0,3771,0,2,134,22,0,16,1,1,1283.882327,78518.24973
9158,9328,14200,142001,32,3,10,91945,1000,0,0,3771,0,2,134,22,0,16,1,1,1825.330125,172471.5626
9159,9329,14200,142001,32,3,10,91945,1000,0,0,3771,0,2,134,22,0,16,1,1,1278.248742,73018.60152
9160,9330,14200,142001,32,3,10,91945,1000,0,0,3771,0,2,134,22,0,16,1,1,1770.001407,98853.5364
9161,9331,14200,142002,32,3,10,91945,1000,0,0,3768,0,2,134,22,0,16,1,1,1232.323178,79732.00241
9162,9332,14200,142002,32,3,10,91945,1000,0,0,3768,0,2,134,22,0,16,1,1,1235.867335,89105.22337
9163,9333,14200,142002,32,3,10,91945,1000,0,0,3768,0,2,134,22,0,16,1,1,1483.286116,78478.70033
9164,9334,14200,142002,32,3,10,91945,1000,0,0,3768,0,2,134,22,0,16,1,1,889.4802744,40770.25151
9165,9335,14200,142002,32,3,10,91945,1000,0,0,3768,0,2,134,22,0,16,1,1,1447.684793,90533.22218
9166,9336,14200,142002,32,3,10,91945,1000,0,0,3768,0,2,134,22,0,16,1,1,945.2757393,41835.8532
9167,9337,14200,142002,32,3,10,91945,1000,0,0,3768,0,2,134,22,0,16,1,1,1183.942824,85653.35484
9168,9338,14200,142002,32,3,10,91945,1000,0,0,3768,0,2,134,22,0,16,1,1,1014.867043,56785.09602
9169,9339,14200,142003,32,3,10,91945,1000,0,0,3768,0,2,134,22,0,16,1,1,1141.86091,63328.74113
9170,9340,14200,142003,32,3,10,91945,1000,0,0,3768,0,2,134,22,0,16,1,1,1286.00921,77623.37411
9171,9341,14200,142003,32,3,10,91945,1000,0,0,3831,0,2,134,22,0,16,1,1,1591.796042,110102.3887
9172,9342,14200,142003,32,3,10,91945,1000,0,0,3831,0,2,134,22,0,16,1,1,1741.247946,153852.4332
9173,9343,14200,142003,32,3,10,91945,1000,0,0,3831,0,2,134,22,0,16,1,1,1481.300944,97254.95683
9174,9344,14200,142003,32,3,10,91945,1000,0,0,3831,0,2,134,22,0,16,1,1,2206.893929,146998.8219
9175,9345,14200,142003,32,3,10,91945,1000,0,0,3831,0,2,134,22,0,16,1,1,2422.555499,218483.5844
9176,9346,14200,142003,32,3,10,91945,1000,0,0,3831,0,2,134,22,0,16,1,1,1446.508582,107228.7031
9177,9347,14200,142004,32,3,10,91945,1000,0,0,3727,0,2,134,22,0,16,1,1,1459.444822,114679.1693
9178,9348,14200,142004,32,3,10,91945,1000,0,0,3727,0,2,134,22,0,16,1,1,1605.336572,105198.7531
9179,9349,14200,142004,32,3,10,91945,1000,0,0,3727,0,2,134,22,0,16,1,1,1288.154385,68008.38609
9180,9350,14200,142004,32,3,10,91945,1000,0,0,3727,0,2,134,22,0,16,1,1,1581.139488,126119.6247
9181,9351,14200,142004,32,3,10,91945,1000,0,0,3727,0,2,134,22,0,16,1,1,1468.710118,117297.8293
9182,9352,14300,143001,32,3,10,91945,1000,0,0,3647,0,2,135,22,0,16,1,1,736.6970551,31457.23569
9183,9353,14300,143001,32,3,10,91945,1000,0,0,3647,0,2,135,22,0,16,1,1,428.5780723,12203.76754
9184,9354,14300,143001,32,3,10,91945,1000,0,0,3647,0,2,135,22,0,16,1,1,381.0342524,6518.664236
9185,9355,14300,143001,32,3,10,91945,1000,0,0,3647,0,2,135,22,0,16,1,1,1017.155947,52424.34165
9186,9356,14300,143001,32,3,10,91945,1000,0,0,3647,0,2,135,22,0,16,1,1,399.756526,8878.722285
9187,9357,14300,143001,32,3,10,91945,1000,0,0,3647,0,2,135,22,0,16,1,1,906.6690183,29328.48374
9188,9358,14300,143001,32,3,10,91945,1000,0,0,3647,0,2,135,22,0,16,1,1,1541.28564,119266.9567
9189,9359,14300,143001,32,3,10,91945,1000,0,0,3677,0,2,135,22,0,16,1,1,1571.357326,103394.0661
9190,9360,14300,143001,32,3,10,91945,1000,0,0,3677,0,2,135,22,0,16,1,1,1500.361127,112419.6228
9191,9361,14300,143001,32,3,10,91945,1000,0,0,3677,0,2,135,22,0,16,1,1,751.234213,28404.35069
9192,9362,14300,143001,32,3,10,91945,1000,0,0,3677,0,2,135,22,0,16,1,1,472.0529062,13398.73528
9193,9363,14300,143001,32,3,10,91945,1000,0,0,3679,0,2,135,22,0,16,1,1,960.6885383,55404.64774
9194,9364,14300,143001,32,3,10,91945,1000,0,0,3679,0,2,135,22,0,16,1,1,1166.793665,81632.12078
9195,9365,14300,143001,32,3,10,91945,1000,0,0,3680,0,2,135,22,0,16,1,1,1174.772933,81729.06983
9196,9366,14300,143001,32,3,10,91945,1000,0,0,3680,0,2,135,22,0,16,1,1,1923.341088,168150.0238
9197,9367,14300,143001,32,3,10,91945,1000,0,0,3677,0,2,135,22,0,16,1,1,484.1250553,13913.64559
9198,9368,14300,143001,32,3,10,91945,1000,0,0,3679,0,2,135,22,0,16,1,1,1136.909623,76019.83285
9199,9369,14300,143001,32,3,10,91945,1000,0,0,3677,0,2,135,22,0,16,1,1,1061.934571,67921.01387
9200,9370,14300,143001,32,3,10,91945,1000,0,0,3679,0,2,135,22,0,16,1,1,1020.135396,64741.26609
9201,9371,14300,143001,32,3,10,91945,1000,0,0,3680,0,2,135,22,0,16,1,1,1461.328247,105262.8817
9202,9372,14300,143002,32,3,10,91945,1000,0,0,3644,0,2,135,22,0,16,1,1,963.7578876,57596.91385
9203,9373,14300,143002,32,3,10,91945,1000,0,0,3644,0,2,135,22,0,16,1,1,743.3924407,29944.4387
9204,9374,14300,143002,32,3,10,91945,1000,0,0,3644,0,2,135,22,0,16,1,1,719.29964,28986.15323
9205,9375,14300,143002,32,3,10,91945,1000,0,0,3644,0,2,135,22,0,16,1,1,1374.699802,100464.8714
9206,9376,14300,143002,32,3,10,91945,1000,0,0,3644,0,2,135,22,0,16,1,1,972.6592979,58401.53961
9207,9377,14300,143002,32,3,10,91945,1000,0,0,3644,0,2,135,22,0,16,1,1,1271.0322,75833.53018
9208,9378,14300,143002,32,3,10,91945,1000,0,0,3644,0,2,135,22,0,16,1,1,962.0523688,52840.59462
9211,9380,14400,144001,32,3,10,91945,1000,0,0,3440,0,2,135,22,0,16,1,1,1249.699859,75765.74319
9212,9381,14400,144001,32,3,10,91945,1000,0,0,3558,0,2,135,22,0,16,1,1,1255.610759,87184.48359
9213,9382,14400,144001,32,3,10,91945,1000,0,0,3559,0,2,135,22,0,16,1,1,1234.155858,63809.09838
9214,9383,14400,144001,32,3,10,91945,1000,0,0,3560,0,2,135,22,0,16,1,1,1078.498308,66854.43045
9215,9384,14400,144001,32,3,10,91945,1000,0,0,3562,0,2,135,22,0,16,1,1,646.0552088,15768.19419
9216,9385,14400,144001,32,3,10,91945,1000,0,0,3567,0,2,135,22,0,16,1,1,1001.480098,42084.43967
9217,9386,14400,144001,32,3,10,91945,1000,0,0,3567,0,2,135,22,0,16,1,1,813.0665544,40037.11651
9218,9387,14400,144001,32,3,10,91945,1000,0,0,3562,0,2,135,22,0,16,1,1,793.5506789,31908.95158
9219,9388,14400,144001,32,3,10,91945,1000,0,0,3558,0,2,135,22,0,16,1,1,1292.434621,64514.58107
9220,9389,14400,144001,32,3,10,91945,1000,0,0,3558,0,2,135,22,0,16,1,1,1282.130607,74593.01531
9221,9390,14400,144001,32,3,10,91945,1000,0,0,3560,0,2,135,22,0,16,1,1,831.5653416,25683.53271
9222,9391,14400,144001,32,3,10,91945,1000,0,0,3567,0,2,135,22,0,16,1,1,1153.787031,57014.97553
9223,9392,14400,144001,32,3,10,91945,1000,0,0,3562,0,2,135,22,0,16,1,1,870.8520559,34342.97011
9224,9393,14400,144001,32,3,10,91945,1000,0,0,3567,0,2,135,22,0,16,1,1,849.0983235,29146.7026
9225,9394,14400,144001,32,3,10,91945,1000,0,0,3612,0,2,135,22,0,16,1,1,1036.142516,49078.46123
9226,9395,14400,144001,32,3,10,91945,1000,0,0,3616,0,2,135,22,0,16,1,1,1242.11757,46150.59817
9227,9396,14400,144001,32,3,10,91945,1000,0,0,3567,0,2,135,22,0,16,1,1,765.8546229,31837.48893
9228,9397,14400,144001,32,3,10,91945,1000,0,0,3616,0,2,135,22,0,16,1,1,1105.634066,31432.95375
9229,9398,14400,144001,32,3,10,91945,1000,0,0,3612,0,2,135,22,0,16,1,1,1375.181831,50430.23268
9230,9399,14400,144001,32,3,10,91945,1000,0,0,3567,0,2,135,22,0,16,1,1,571.1335302,15196.36241
9231,9400,14400,144001,32,3,10,91945,1000,0,0,3567,0,2,135,22,0,16,1,1,712.3008659,23340.19772
9232,9401,14400,144001,32,3,10,91945,1000,0,0,3616,0,2,135,22,0,16,1,1,884.4735607,19823.70574
9233,9402,14400,144001,32,3,10,91945,1000,0,0,3636,0,2,135,22,0,16,1,1,831.2311241,41467.79655
9234,9403,14400,144001,32,3,10,91945,1000,0,0,3636,0,2,135,22,0,16,1,1,996.6817395,56551.40452
9235,9404,14400,144001,32,3,10,91945,1000,0,0,3636,0,2,135,22,0,16,1,1,906.4381032,29391.0722
9236,9405,14400,144001,32,3,10,91945,1000,0,0,3636,0,2,135,22,0,16,1,1,640.0530348,18543.36105
9237,9406,14400,144001,32,3,10,91945,1000,0,0,3636,0,2,135,22,0,16,1,1,676.1745972,26842.74569
9238,9408,14400,144002,32,3,10,91945,1000,0,0,3577,0,2,135,22,0,16,1,1,1057.731593,37730.20166
9239,9409,14400,144002,32,3,10,91945,1000,0,0,3587,0,2,135,22,0,16,1,1,1602.156033,130350.9
9240,9410,14400,144002,32,3,10,91945,1000,0,0,3588,0,2,135,22,0,16,1,1,897.7054576,39743.80872
9241,9411,14400,144002,32,3,10,91945,1000,0,0,3588,0,2,135,22,0,16,1,1,938.7309135,40744.44649
9242,9412,14400,144002,32,3,10,91945,1000,0,0,3588,0,2,135,22,0,16,1,1,983.2303933,40779.88195
9243,9413,14400,144002,32,3,10,91945,1000,0,0,3577,0,2,135,22,0,16,1,1,925.3059682,39716.22964
9244,9414,14400,144002,32,3,10,91945,1000,0,0,3577,0,2,135,22,0,16,1,1,1466.553808,109517.3322
9245,9415,14400,144002,32,3,10,91945,1000,0,0,3588,0,2,135,22,0,16,1,1,649.9744555,13664.9207
9246,9416,14400,144002,32,3,10,91945,1000,0,0,3577,0,2,135,22,0,16,1,1,874.7652334,33879.79465
9247,9417,14400,144002,32,3,10,91945,1000,0,0,3588,0,2,135,22,0,16,1,1,475.2652921,9874.707211
9248,9418,14400,144002,32,3,10,91945,1000,0,0,3587,0,2,135,22,0,16,1,1,831.7686093,39185.54343
9249,9419,14400,144002,32,3,10,91945,1000,0,0,3588,0,2,135,22,0,16,1,1,572.7103233,15662.05372
9250,9420,14400,144002,32,3,10,91945,1000,0,0,3577,0,2,135,22,0,16,1,1,354.9649597,6053.02084
9251,9421,14400,144002,32,3,10,91945,1000,0,0,3587,0,2,135,22,0,16,1,1,2125.172601,101204.674
9252,9422,14400,144002,32,3,10,91945,1000,0,0,3577,0,2,135,22,0,16,1,1,732.8453133,25258.57852
9253,9423,14400,144002,32,3,10,91945,1000,0,0,3588,0,2,135,22,0,16,1,1,407.4296976,9314.618216
9254,9424,14400,144002,32,3,10,91945,1000,0,0,3645,0,2,135,22,0,16,1,1,1311.213504,74061.73302
9255,9425,14400,144002,32,3,10,91945,1000,0,0,3645,0,2,135,22,0,16,1,1,1187.823689,59376.55016
9256,9426,14400,144002,32,3,10,91945,1000,0,0,3645,0,2,135,22,0,16,1,1,1668.472547,64064.07914
9257,9427,14400,144002,32,3,10,91945,1000,0,0,3645,0,2,135,22,0,16,1,1,1245.518395,41233.55507
9258,9428,14400,144002,32,3,10,91945,1000,0,0,3645,0,2,135,22,0,16,1,1,945.3308798,40259.33375
9259,9429,14400,144002,32,3,10,91945,1000,0,0,3645,0,2,135,22,0,16,1,1,1195.69816,55143.07672
9260,9430,14400,144002,32,3,10,91945,1000,0,0,3587,0,2,135,22,0,16,1,1,1349.879547,77004.74119
9269,9439,14500,145001,33,3,9,91941,900,0,0,3489,0,2,136,22,0,16,1,1,2153.640737,136961.3532
9275,9445,14500,145002,33,3,9,91941,900,0,0,3491,0,2,136,22,0,16,1,1,1149.483052,67373.29049
9276,9446,14500,145002,33,3,9,91941,900,0,0,3491,0,2,136,22,0,16,1,1,1900.661205,108385.2831
9371,9541,14602,146023,33,3,9,91941,900,0,0,3438,0,2,136,22,0,16,1,1,1628.718215,113473.6889
22827,9542,14602,146023,33,3,9,91941,900,0,0,3438,0,2,136,22,0,16,1,1,856.1675064,38640.62921
