MGRA,population,avg_income
1,41,112737.33333333333
2,81,163858.4705882353
3,111,171303.01923076922
4,73,143758.13333333333
5,63,155432.0357142857
6,191,142683.68421052632
7,60,148891.95833333334
8,85,144539.33333333334
9,63,127110.28
10,36,158702.4
11,65,181134.56
12,54,134909.81818181818
13,62,123874.32
14,76,115025.69696969698
15,27,96811.61538461539
16,125,128928.55357142857
17,25,147533.25
18,53,148235.57142857142
19,11,110555.6
20,79,128131.39393939394
21,44,138699.05263157896
22,21,107665.375
23,88,162574.46153846153
24,31,148539.57142857142
25,63,112084.72
26,70,113203.65384615384
27,96,123058.73809523809
28,39,163063.64285714287
29,55,127093.81481481482
30,36,161519.2
31,39,112700.52631578948
32,30,152026.5
33,42,155634.2
34,58,120156.53571428571
35,54,118265.52380952382
36,44,188701.13333333333
37,21,103665.77777777778
38,53,147154.30434782608
39,32,151928.625
40,17,123869.22222222222
41,37,152108.42857142858
42,53,111489.92592592593
43,92,139092.97435897434
44,47,129443.0
45,16,146542.5
46,50,101890.16666666667
47,47,117239.09090909091
48,21,113648.75
49,32,158071.0
50,70,136720.38709677418
51,11,133843.0
52,13,157926.42857142858
53,28,134211.9090909091
54,28,94845.88888888889
55,1,205309.0
56,21,137315.77777777778
57,9,66218.6
58,29,95751.73333333334
59,59,163446.26086956522
60,30,178051.38461538462
61,29,124962.6
62,50,161865.65
63,60,127704.82142857143
64,214,107610.64948453609
65,65,99948.3
66,53,95395.90909090909
67,105,84371.26315789473
68,81,123277.02777777778
69,95,100036.27272727272
70,54,121551.1
71,73,99408.35135135135
72,16,161707.0
73,33,131353.0
74,87,107532.475
75,126,109639.55932203389
76,75,106925.09090909091
77,81,94598.93103448275
78,85,131123.71739130435
79,25,74662.53333333334
80,12,91961.33333333333
81,31,80322.88235294117
82,0,0
83,59,112946.76923076923
84,62,97303.75
85,111,109054.82352941176
86,37,97800.52631578948
87,51,94864.0
88,0,0
89,40,116332.5
90,50,83198.08333333333
91,306,114920.5034965035
92,5,124141.33333333333
93,95,110696.69230769231
94,13,119327.57142857143
95,0,0
96,37,155787.66666666666
97,110,81075.46153846153
98,67,101589.7741935484
99,105,78541.47169811321
100,138,92875.01538461538
101,420,88508.10555555555
102,63,80842.70370370371
103,46,70127.33333333333
104,83,85358.83870967742
105,238,84539.24347826088
106,90,85581.4
107,61,73424.0
108,106,88799.72222222222
109,25,65515.882352941175
110,75,78579.16666666667
111,78,94630.1052631579
112,99,94836.51020408163
113,0,0
114,115,95904.2156862745
115,79,103000.70588235294
116,252,73664.67768595042
117,144,72366.25
118,122,78686.46153846153
119,64,97088.62068965517
120,55,91149.11538461539
121,82,69909.73529411765
122,8,83702.0
123,34,81516.63157894737
124,159,93594.28169014085
125,59,63199.74074074074
126,36,86452.75
127,107,72478.27083333333
128,172,83154.49411764706
129,139,89691.1129032258
130,87,92002.59523809524
131,244,83379.60550458716
132,146,106283.01449275362
133,86,86524.45
134,110,94412.72727272728
135,234,74056.17272727273
136,201,77360.4945054945
137,31,98790.375
138,2,52667.0
139,98,90911.11538461539
140,42,68481.61904761905
141,57,62879.04
142,52,108842.58333333333
143,46,104075.79166666667
144,15,78420.9
145,81,94803.425
146,97,94419.98076923077
147,111,94387.6724137931
148,127,77172.06349206349
149,78,101062.80487804877
150,130,84533.42857142857
151,69,77524.57894736843
152,55,82290.66666666667
153,41,54521.57894736842
154,28,109183.375
155,83,79857.44444444444
156,129,85092.21538461538
157,177,94841.67
158,0,0
159,174,79360.3953488372
160,194,83259.22680412371
161,100,79816.29411764706
162,17,77016.875
163,41,93321.48148148147
164,0,0
165,24,53171.857142857145
166,430,86713.57327586207
167,201,82243.55208333333
168,43,76203.86956521739
169,401,84057.84183673469
170,75,92561.72727272728
171,133,73504.46031746031
172,82,96565.21212121213
173,69,77678.11111111111
174,93,81404.8
175,4,32874.333333333336
176,18,87773.8
177,345,84528.14444444445
178,336,81831.4678362573
179,148,88842.13513513513
180,339,79797.578125
181,97,75256.13333333333
182,94,70050.91304347826
183,87,75941.27777777778
184,61,111114.51612903226
185,93,75595.60869565218
186,157,73978.8
187,29,56047.666666666664
188,332,79033.98203592814
189,32,57540.31578947369
190,246,91585.19083969465
191,138,85387.7
192,62,62413.75
193,0,0
194,895,83111.23809523809
195,165,83880.85365853658
196,210,82590.70689655172
197,4,108474.0
198,110,81095.57142857143
199,159,80812.2125
200,291,78857.89436619719
201,96,74254.85714285714
202,101,95247.46
203,0,0
204,0,0
205,181,79022.28260869565
206,18,71412.16666666667
207,65,70824.35135135135
208,154,91204.32098765433
209,354,83711.3687150838
210,29,89770.33333333333
211,148,86008.28787878787
212,0,0
213,25,63177.13333333333
214,32,72682.22222222222
215,20,82528.0
216,18,70011.41666666667
217,40,89039.93333333333
218,0,0
219,0,0
220,6,120069.25
221,46,82411.66666666667
222,40,86304.25
223,63,71684.53125
224,56,63238.8
225,105,76235.20408163265
226,93,73714.67441860466
227,130,80940.54098360655
228,282,87066.39568345324
229,195,86287.92452830188
230,158,84957.29333333333
231,0,0
232,161,79311.86419753087
233,111,50295.163265306124
234,74,60150.34210526316
235,309,75525.28859060403
236,27,88695.9
237,84,63106.829268292684
238,230,80362.93333333333
239,187,78565.51578947369
240,419,81476.89861751153
241,303,80064.38461538461
242,237,88276.18918918919
243,55,76321.21428571429
244,9,36541.75
245,143,78686.34722222222
246,100,61980.0
247,58,90106.88
248,201,83930.95789473684
249,209,78293.45192307692
250,354,66444.04395604396
251,41,71405.80769230769
252,0,0
253,153,70980.04109589041
254,248,69840.69166666667
255,323,70770.92993630574
256,65,69175.58620689655
257,150,60494.91358024691
258,17,92195.5
259,137,62621.51315789474
260,265,66130.24647887323
261,191,63920.11363636364
262,156,64347.03896103896
263,310,65194.065868263475
264,37,77533.83333333333
265,26,66856.57142857143
266,148,65067.41095890411
267,43,57952.75
268,18,82669.27272727272
269,174,64560.63829787234
270,593,63964.07666666667
271,10,74101.2
272,280,64690.17266187051
273,15,67644.125
274,317,61480.40935672515
275,52,85005.78260869565
276,1,68749.0
277,3,90494.5
278,0,0
279,62,81371.11111111111
280,379,88276.91578947369
281,406,86861.53990610328
282,295,89785.75776397515
283,407,82085.92391304347
284,47,63662.0
285,86,97167.26829268293
286,325,86262.57396449705
287,153,99026.15
288,626,86811.26506024097
289,280,85499.65034965034
290,50,74666.30434782608
291,141,86556.1
292,90,108464.95555555556
293,136,89170.33333333333
294,440,88166.48717948717
295,195,74542.11111111111
296,146,75925.66233766233
297,84,89197.30555555556
298,187,92814.21052631579
299,75,98165.0
300,54,84482.66666666667
301,0,0
302,32,95748.3125
303,377,75607.69191919192
304,76,59834.31578947369
305,90,69000.0
306,301,69218.8
307,104,62892.28
308,163,80460.1038961039
309,69,82583.7
310,212,71874.83653846153
311,618,78683.23841059602
312,333,72814.39393939394
313,94,64983.22727272727
314,72,60184.02857142857
315,35,58640.8125
316,296,76553.27027027027
317,271,68111.02307692308
318,525,76551.98850574713
319,774,74673.59029649595
320,338,75095.65030674846
321,456,72344.19658119658
322,51,70297.96666666666
323,1,43831.0
324,725,59598.7808988764
325,258,58459.08547008547
326,153,57614.06578947369
327,94,67816.46511627907
328,337,59497.76875
329,231,57140.360655737706
330,319,58309.289855072464
331,189,61812.818181818184
332,443,62327.97767857143
333,368,55488.42541436464
334,108,57560.596153846156
335,119,60571.21568627451
336,807,59267.77237851662
337,228,62751.53153153153
338,290,55032.33802816901
339,190,52454.95652173913
340,241,57497.99206349206
341,246,60557.48529411765
342,25,39467.27272727273
343,116,57737.0625
344,115,64709.78571428572
345,100,73136.87234042553
346,220,59003.205128205125
347,329,61900.34693877551
348,222,79647.44545454545
349,347,72730.88202247191
350,349,72290.9018404908
351,244,68602.75423728813
352,284,73457.88405797101
353,376,77534.6256684492
354,266,80527.66141732283
355,495,74185.2905982906
356,238,71050.2389380531
357,188,64133.89156626506
358,483,72961.57870370371
359,432,69965.04326923077
360,197,81362.42
361,102,69054.53703703704
362,39,71787.68
363,25,81139.92307692308
364,480,74711.26066350711
365,478,69020.86111111111
366,181,74215.23655913978
367,149,71236.61333333333
368,270,70277.66666666667
369,510,68576.67886178862
370,141,72585.95714285714
371,203,74319.10784313726
372,219,79833.49484536082
373,212,69493.60185185185
374,217,64291.316326530614
375,505,72721.31225296443
376,209,64887.97
377,70,67094.80645161291
378,180,73649.03703703704
379,331,71610.41358024691
380,164,64317.52564102564
381,145,71136.97014925373
382,99,72314.37209302325
383,245,55099.545454545456
384,265,60726.06349206349
385,653,58789.45878136201
386,345,55573.388535031845
387,356,58602.76774193548
388,147,63759.065573770495
389,215,46727.602150537634
390,224,64964.841584158414
391,171,52178.8
392,168,58559.5974025974
393,82,60053.64102564102
394,294,58923.21374045801
395,221,56427.950980392154
396,313,58002.40151515151
397,352,61000.490683229815
398,259,56992.620689655174
399,278,57947.859375
400,427,57624.71957671957
401,233,57781.19642857143
402,588,59044.1679389313
403,253,70046.81415929203
404,0,0
405,324,62603.92617449664
406,285,55137.470588235294
407,111,56193.892857142855
408,61,61704.06060606061
409,306,58772.119718309856
410,368,55174.7256097561
411,34,42784.166666666664
412,214,60965.91588785047
413,452,56226.54
414,259,59940.11023622047
415,192,57807.34782608696
416,492,58751.00448430493
417,126,57716.857142857145
418,281,58119.567164179105
419,151,56904.36
420,0,0
421,611,60538.94699646643
422,403,59437.37096774193
423,336,56542.80864197531
424,199,60608.6
425,103,57441.3125
426,41,64122.15
427,242,60620.349593495936
428,228,60827.829268292684
429,574,64050.17441860465
430,601,57483.71532846715
431,587,59262.09489051095
432,178,57527.670886075946
433,45,83359.65384615384
434,0,0
435,15,78205.85714285714
436,200,113198.6705882353
437,77,89415.18421052632
438,24,94153.0
439,60,88997.23333333334
440,49,84531.30434782608
441,146,94804.79710144928
442,70,114890.16666666667
443,44,80226.0
444,72,78236.43333333333
445,65,85804.04
446,134,97868.16923076923
447,57,85975.46666666666
448,14,39791.166666666664
449,45,66976.59090909091
450,88,96503.29268292683
451,99,90217.6
452,66,82723.17857142857
453,28,117458.5
454,97,88663.41025641025
455,0,0
456,161,94598.81578947368
457,80,90454.92857142857
458,0,0
459,543,89919.952
460,344,90652.4832214765
461,131,80583.03076923077
462,430,87427.60989010989
463,182,96565.40476190476
464,262,85082.45454545454
465,641,79892.62765957447
466,74,62423.28125
467,81,82997.83333333333
468,227,76194.57731958762
469,39,49717.3125
470,137,78811.17741935483
471,92,97232.28571428571
472,149,76105.96666666666
473,102,95448.16666666667
474,129,85086.60344827586
475,116,59318.5625
476,167,80810.64285714286
477,243,79190.7924528302
478,8,33278.0
479,182,84083.46739130435
480,117,75639.77551020408
481,204,70501.74074074074
482,140,72572.15873015873
483,70,73856.875
484,82,94853.60975609756
485,170,91434.58571428571
486,20,55194.0
487,0,0
488,567,74700.4214559387
489,262,79272.22018348624
490,248,72174.96363636364
491,143,86690.81967213115
492,469,49071.822222222225
493,187,52757.40579710145
494,225,48232.705128205125
495,340,49261.8275862069
496,177,50409.6
497,0,0
498,205,42527.57831325301
499,174,50960.89230769231
500,25,32960.666666666664
501,5,44240.0
502,441,47062.82941176471
503,19,23571.14285714286
504,512,39692.04639175258
505,432,53843.88607594937
506,258,55421.135416666664
507,0,0
508,189,45869.78787878788
509,393,59181.51234567901
510,340,50204.89473684211
511,169,48538.81081081081
512,0,0
513,88,46196.083333333336
514,448,55075.3125
515,374,49430.683229813665
516,160,52561.75362318841
517,258,46946.49484536082
518,336,57259.227642276426
519,211,49435.68421052631
520,0,0
521,510,60246.87053571428
522,224,50243.4375
523,649,57881.19718309859
524,126,58514.732142857145
525,374,51519.14024390244
526,27,31400.636363636364
527,9,69756.0
528,297,59710.24545454545
529,334,53480.8
530,114,62809.913043478264
531,183,53007.31506849315
532,206,59280.75342465754
533,60,60018.58064516129
534,0,0
535,2,34771.5
536,114,55610.18
537,469,56428.841584158414
538,191,58561.32098765432
539,106,61361.65909090909
540,329,67673.79411764706
541,298,60396.43220338983
542,273,51546.351851851854
543,151,50470.42647058824
544,111,51274.0
545,244,66345.70476190477
546,158,48318.397260273974
547,0,0
548,74,77218.21428571429
549,71,65896.3448275862
550,243,61082.97247706422
551,484,62746.55399061033
552,18,40920.0
553,392,65857.48235294118
554,508,60426.333333333336
555,269,59177.30508474576
556,472,61631.11111111111
557,51,48792.1
558,0,0
559,321,54546.0979020979
560,806,57844.666666666664
561,227,57945.49462365591
562,489,60103.348837209305
563,312,58357.2
564,759,56329.12688821752
565,137,53061.54838709677
566,180,97638.875
567,175,92949.1125
568,120,103813.37288135593
569,203,85929.81176470588
570,259,105402.75438596492
571,138,96594.04081632652
572,218,92470.17894736842
573,53,104060.05263157895
574,245,96548.66949152542
575,156,93362.07352941176
576,150,109873.44615384615
577,59,91581.94285714286
578,193,96270.03157894737
579,103,91649.01785714286
580,43,76370.95
581,69,106662.3448275862
582,323,91070.60402684564
583,249,105426.03703703704
584,186,96524.75294117647
585,127,91195.04166666667
586,75,152330.0
587,254,118751.48648648648
588,79,150932.84848484848
589,162,131008.46753246753
590,215,140154.14285714287
591,60,105608.0
592,163,146124.661971831
593,52,138562.54545454544
594,0,0
595,0,0
596,347,126086.48965517241
597,132,135161.20833333334
598,136,131867.0483870968
599,266,134104.4661016949
600,81,151260.54285714286
601,325,134659.05594405593
602,155,136695.890625
603,65,121988.1875
604,19,142382.33333333334
605,15,101321.5
606,113,134681.47916666666
607,16,166507.25
608,42,132329.84210526315
609,403,129140.375
610,183,129857.60240963855
611,174,139596.46153846153
612,36,115574.71428571429
613,47,141972.6923076923
614,216,114742.84090909091
615,173,108329.53731343284
616,321,101815.35555555555
617,199,118317.84615384616
618,136,120937.40625
619,170,99177.91666666667
620,246,103055.41346153847
621,495,114634.59903381643
622,106,110662.53191489361
623,295,101712.52066115703
624,290,106107.515625
625,70,99085.84
626,146,68332.35087719298
627,114,76027.22916666667
628,85,58999.75
629,0,0
630,32,68963.0
631,82,58185.45238095238
632,209,60565.77528089887
633,150,74041.5
634,211,63322.8021978022
635,140,73713.05
636,137,70926.08333333333
637,186,59882.13698630137
638,199,62600.93103448276
639,0,0
640,0,0
641,0,0
642,123,72569.0
643,143,62151.71186440678
644,0,0
645,126,68412.58181818182
646,207,66817.3894736842
647,168,59593.469696969696
648,0,0
649,150,67114.06153846154
650,195,68301.87654320987
651,245,74779.34
652,178,66347.19718309859
653,290,65130.959677419356
654,7,68154.33333333333
655,5,26546.666666666668
656,304,57313.48120300752
657,338,63252.6858974359
658,216,59807.85365853659
659,299,62155.53787878788
660,1,85192.0
661,197,52202.27710843374
662,0,0
663,282,66275.3063063063
664,271,60788.232142857145
665,287,67391.26666666666
666,216,67673.1046511628
667,4,41650.5
668,135,53708.55263157895
669,718,43494.55803571428
670,534,45781.72340425532
671,366,50659.0775862069
672,0,0
673,380,39913.592307692306
674,469,44762.655844155845
675,342,41241.90654205607
676,347,51587.330357142855
677,361,38636.0
678,161,50133.19298245614
679,0,0
680,200,38334.32352941176
681,0,0
682,145,46941.617021276594
683,330,37382.7247706422
684,164,36083.98181818182
685,502,39793.13725490196
686,343,38862.11009174312
687,255,37816.58108108108
688,3,73316.5
689,499,40403.42168674699
690,0,0
691,0,0
692,348,40477.784
693,333,42878.529411764706
694,333,40802.58181818182
695,271,34095.857142857145
696,399,37690.19117647059
697,16,32080.833333333332
698,362,38346.3359375
699,750,41265.059760956174
700,0,0
701,0,0
702,139,45645.25581395349
703,5,62757.0
704,0,0
705,670,49272.444881889765
706,695,51862.436734693874
707,1,72935.0
708,0,0
709,0,0
710,374,56297.02721088436
711,218,48815.79012345679
712,427,44280.5375
713,113,42203.34042553192
714,9,168495.0
715,404,45691.10897435898
716,28,41346.72727272727
717,196,44440.90540540541
718,11,16949.0
719,3,13552.0
720,0,0
721,718,36228.59745762712
722,4,5127.0
723,1,9468.0
724,1038,39229.238853503186
725,0,0
726,0,0
727,13,43597.4
728,627,32755.444444444445
729,0,0
730,70,30026.2
731,547,33272.95348837209
732,623,35782.81182795699
733,509,39318.83950617284
734,585,34232.151685393255
735,163,34692.67346938775
736,0,0
737,431,38805.13698630137
738,595,32526.713513513514
739,439,33531.35507246377
740,178,35761.38596491228
741,381,34989.875
742,194,69091.45588235294
743,479,50235.67878787879
744,82,66300.35483870968
745,113,45384.119047619046
746,0,0
747,91,54021.17647058824
748,214,48430.18666666667
749,479,64729.23417721519
750,122,54144.604166666664
751,260,46625.739130434784
752,256,56471.73
753,208,44691.15873015873
754,121,49545.933333333334
755,603,58791.42288557214
756,656,51491.99523809524
757,204,58715.09722222222
758,119,60910.67441860465
759,452,50309.79113924051
760,134,54613.604651162794
761,352,42238.86915887851
762,350,45665.87037037037
763,0,0
764,373,44328.55855855856
765,0,0
766,289,38257.9156626506
767,382,43807.34862385321
768,413,45880.86178861788
769,494,48694.37671232877
770,43,28699.69230769231
771,173,36255.02040816326
772,192,41244.509090909094
773,379,37864.17171717172
774,265,41744.96
775,376,52913.346153846156
776,304,36263.234042553195
777,206,60569.912280701756
778,389,36645.46363636364
779,200,49577.7868852459
780,321,53087.21428571428
781,33,40752.5
782,158,47854.77551020408
783,226,58635.723076923074
784,253,59802.72222222222
785,362,51584.90909090909
786,129,57254.5
787,86,57659.06896551724
788,46,36547.875
789,48,32601.76923076923
790,145,63092.92857142857
791,163,54950.666666666664
792,201,49218.86153846154
793,282,52612.98901098901
794,206,47702.72580645161
795,65,55787.40909090909
796,304,49001.51515151515
797,73,66606.65
798,105,55867.0
799,149,52506.857142857145
800,318,46698.346534653465
801,561,50040.93292682927
802,245,58596.81081081081
803,75,45384.291666666664
804,93,70343.86666666667
805,129,49978.52631578947
806,296,52141.181818181816
807,156,49810.58
808,89,60962.69696969697
809,181,58045.892857142855
810,312,74364.49541284403
811,297,73415.40566037736
812,355,66493.3025210084
813,176,66841.32786885246
814,0,0
815,455,75742.0925925926
816,158,58771.12
817,287,56445.79775280899
818,75,72959.30434782608
819,120,63827.90476190476
820,27,30158.090909090908
821,269,58928.134020618556
822,86,58954.46153846154
823,284,70121.25531914894
824,109,58809.121212121216
825,66,63107.083333333336
826,127,74530.45652173914
827,136,74031.20833333333
828,341,59695.729508196724
829,510,57886.686390532544
830,125,47548.6
831,31,63157.166666666664
832,253,69784.07407407407
833,201,60680.421875
834,300,73406.67676767676
835,69,62006.541666666664
836,45,63346.8125
837,20,54922.142857142855
838,67,51337.63636363636
839,34,72626.4
840,66,78725.77272727272
841,98,58038.36666666667
842,411,46078.678260869565
843,397,50502.26724137931
844,61,30884.571428571428
845,315,44961.50617283951
846,222,52027.62295081967
847,165,42915.75
848,0,0
849,135,49032.48717948718
850,539,50206.53896103896
851,532,40101.620253164554
852,576,41016.242236024846
853,0,0
854,0,0
855,332,44198.53
856,271,39324.72
857,0,0
858,0,0
859,122,59818.5
860,253,50848.150684931505
861,105,38974.7
862,269,39502.08571428571
863,47,58524.4
864,147,52136.820512820515
865,232,41465.40579710145
866,245,39847.984615384616
867,69,48388.38888888889
868,95,38810.692307692305
869,73,55537.666666666664
870,158,56979.73809523809
871,423,52939.57142857143
872,138,57904.46153846154
873,172,53845.729166666664
874,126,42806.17647058824
875,132,51002.22857142857
876,98,72123.55172413793
877,0,0
878,37,61561.666666666664
879,207,57699.41818181818
880,89,56980.566666666666
881,2,102075.0
882,91,58872.06896551724
883,650,58851.58659217877
884,104,63042.4
885,67,40988.89473684211
886,59,62747.78571428572
887,314,61043.089887640446
888,355,61974.354166666664
889,230,52946.22388059701
890,81,64321.692307692305
891,249,62246.328571428574
892,88,51234.76
893,140,58234.64864864865
894,191,49767.41818181818
895,18,84073.85714285714
896,99,56365.7027027027
897,629,67593.82520325204
898,27,53894.230769230766
899,67,61317.380952380954
900,232,61199.663043478264
901,318,63268.44915254237
902,76,50597.34482758621
903,187,63334.94936708861
904,353,71289.72535211267
905,67,59895.967741935485
906,150,69718.42372881356
907,225,66251.16483516483
908,436,62133.756097560974
909,116,72344.5
910,354,66645.14705882352
911,25,57587.555555555555
912,221,64653.48888888889
913,0,0
914,191,58076.78666666667
915,0,0
916,184,58008.068493150684
917,60,54114.21428571428
918,106,70532.26190476191
919,0,0
920,898,63773.21511627907
921,48,72398.71428571429
922,246,53808.87804878049
923,0,0
924,1377,59167.37908496732
925,289,62568.23809523809
926,0,0
927,30,47414.11111111111
928,59,80142.46153846153
929,34,54101.642857142855
930,322,68301.77477477478
931,107,55793.65789473684
932,543,59702.62051282051
933,255,53969.81176470588
934,77,74193.83333333333
935,164,62764.0
936,127,62103.52272727273
937,230,65850.375
938,705,58900.07251908397
939,129,54054.88888888889
940,130,60326.48936170213
941,251,68019.92307692308
942,232,65383.142857142855
943,273,70887.53488372093
944,282,58823.42
945,277,64190.186274509804
946,0,0
947,472,66264.53293413174
948,0,0
949,0,0
950,0,0
951,390,59403.85840707965
952,165,57134.510204081635
953,238,56800.243589743586
954,397,48235.75833333333
955,325,59049.865979381444
956,320,56645.50420168067
957,0,0
958,73,59096.692307692305
959,93,61321.620689655174
960,381,57447.03278688525
961,430,53976.53333333333
962,127,59388.88888888889
963,766,58313.83884297521
964,267,54265.705128205125
965,86,45545.92592592593
966,0,0
967,294,34681.786516853936
968,154,29896.261904761905
969,0,0
970,372,46805.71304347826
971,742,40657.05936073059
972,0,0
973,598,42823.56976744186
974,0,0
975,755,43776.38532110092
976,0,0
977,277,40006.21621621621
978,579,36711.73099415204
979,146,38097.933333333334
980,654,38316.757731958765
981,681,41834.02870813397
982,198,41716.637931034486
983,726,41243.20247933884
984,963,41064.1891025641
985,0,0
986,343,40103.36538461538
987,210,43896.21917808219
988,0,0
989,353,39054.191666666666
990,0,0
991,774,38873.83464566929
992,855,40868.72638436482
993,759,37916.96
994,94,38234.970588235294
995,460,41770.92810457516
996,7,26120.666666666668
997,314,40106.28409090909
998,319,46412.63157894737
999,72,47992.5
1000,127,63053.475
1001,338,49645.885714285716
1002,531,55587.22641509434
1003,183,42528.07407407407
1004,251,40779.02898550725
1005,146,43296.619047619046
1006,33,46495.8
1007,289,45526.64835164835
1008,159,43452.4
1009,142,45796.58139534884
1010,147,62326.666666666664
1011,84,65404.807692307695
1012,169,34470.807692307695
1013,66,81946.18181818182
1014,353,60034.62626262626
1015,328,49187.63
1016,315,61541.45744680851
1017,405,60950.34259259259
1018,20,92310.4
1019,272,60381.103896103894
1020,312,51515.01098901099
1021,129,53295.57894736842
1022,201,54910.148148148146
1023,274,60097.0
1024,498,67485.93150684932
1025,403,62038.32773109244
1026,339,56860.42156862745
1027,409,61073.734513274336
1028,280,58250.26666666667
1029,152,60740.78431372549
1030,76,48900.541666666664
1031,55,63677.72222222222
1032,121,66958.54285714286
1033,229,55623.153846153844
1034,1382,66465.43902439025
1035,0,0
1036,385,64793.8
1037,424,73521.68695652173
1038,273,64035.844155844155
1039,250,59893.890410958906
1040,0,0
1041,290,60578.00925925926
1042,176,47485.53968253968
1043,45,56394.36842105263
1044,669,53435.70930232558
1045,0,0
1046,395,50217.72666666667
1047,64,38030.269230769234
1048,320,53038.39495798319
1049,68,49069.086956521736
1050,98,53276.230769230766
1051,249,53753.03157894737
1052,33,39305.77777777778
1053,45,50692.25
1054,66,46745.40625
1055,222,55842.77528089887
1056,34,56457.92857142857
1057,0,0
1058,1761,52788.96615384615
1059,0,0
1060,0,0
1061,147,111501.4
1062,219,80690.90909090909
1063,136,91707.5
1064,109,69539.85
1065,637,46962.420765027324
1066,330,76142.4
1067,110,74971.79069767441
1068,163,85299.20634920635
1069,0,0
1070,616,44813.305389221554
1071,72,30307.82978723404
1072,0,0
1073,1457,81261.02592592593
1074,0,0
1075,0,0
1076,588,14000.0
1077,0,0
1078,517,64840.389140271494
1079,291,70519.33070866142
1080,451,64130.6425120773
1081,288,65907.53333333334
1082,213,64777.688888888886
1083,19,91791.18181818182
1084,59,60217.620689655174
1085,0,0
1086,196,65562.02531645569
1087,173,56128.933333333334
1088,137,55818.72340425532
1089,370,59978.0
1090,543,68117.05833333333
1091,373,67793.45625
1092,202,65755.63529411764
1093,29,78385.92307692308
1094,99,65281.769230769234
1095,115,69870.52727272727
1096,230,70487.1
1097,98,68444.85365853658
1098,818,65948.31491712708
1099,322,70701.125
1100,600,72499.87692307692
1101,242,81024.26
1102,816,35247.045774647886
1103,154,72661.9649122807
1104,194,37718.75862068965
1105,48,61568.04761904762
1106,23,106815.4
1107,33,120408.53333333334
1108,34,89939.46153846153
1109,27,94064.8
1110,5,95894.0
1111,356,78707.8455882353
1112,246,95977.48514851485
1113,170,82115.45
1114,113,71397.05
1115,207,72018.70666666667
1116,118,90369.45238095238
1117,99,82511.08108108108
1118,132,75284.61363636363
1119,173,74853.48529411765
1120,6,132389.0
1121,0,0
1122,186,85822.11842105263
1123,106,75801.2564102564
1124,187,105372.98461538462
1125,0,0
1126,350,71221.2957746479
1127,155,84603.0350877193
1128,111,68293.84210526316
1129,9,73085.75
1130,12,109355.42857142857
1131,0,0
1132,220,76862.20454545454
1133,378,62377.513333333336
1134,0,0
1135,364,80673.69064748201
1136,202,80871.34567901235
1137,260,79470.213592233
1138,0,0
1139,169,80151.5303030303
1140,332,66258.90780141843
1141,60,64558.454545454544
1142,370,70534.20945945945
1143,62,65813.37037037036
1144,7,42501.25
1145,97,85863.35897435897
1146,52,71858.5625
1147,35,86154.64705882352
1148,28,78988.75
1149,23,69589.57142857143
1150,72,85581.35714285714
1151,24,100934.5
1152,40,82098.55555555556
1153,30,41521.444444444445
1154,142,81114.87096774194
1155,4,51108.0
1156,43,78983.64705882352
1157,46,86968.44444444444
1158,537,75414.58149779735
1159,674,73266.40875912408
1160,26,108151.09090909091
1161,109,74405.225
1162,145,71420.91228070176
1163,296,72476.91935483871
1164,141,65576.625
1165,326,71659.14285714286
1166,107,82476.4255319149
1167,105,66859.34146341463
1168,33,91239.0
1169,66,90675.37037037036
1170,6,41546.666666666664
1171,24,44313.333333333336
1172,0,0
1173,263,77693.66304347826
1174,139,81656.79591836735
1175,0,0
1176,199,66060.28787878787
1177,146,82795.75510204081
1178,353,85067.02608695652
1179,32,91449.85714285714
1180,0,0
1181,28,87956.45454545454
1182,272,79041.77083333333
1183,323,76556.87610619469
1184,56,84466.65
1185,0,0
1186,180,72900.1
1187,34,79517.53333333334
1188,237,77454.31914893616
1189,199,78513.0
1190,326,73681.7572815534
1191,147,74026.40816326531
1192,281,89682.34042553192
1193,110,80527.9268292683
1194,94,74837.7
1195,142,68632.3396226415
1196,158,79876.09523809524
1197,97,68206.57575757576
1198,316,55066.60902255639
1199,319,46625.55737704918
1200,248,44379.257731958765
1201,591,53225.76587301587
1202,191,50951.67567567567
1203,341,59193.60294117647
1204,104,52190.891304347824
1205,306,14000.0
1206,607,59522.91
1207,0,0
1208,125,66653.41818181818
1209,412,44829.32352941176
1210,97,55522.79069767442
1211,0,0
1212,0,0
1213,1677,14000.0
1214,74,69661.84848484848
1215,69,49857.75
1216,1404,57881.91358024691
1217,0,0
1218,141,58345.03703703704
1219,28,36113.61538461538
1220,0,0
1221,78,44430.0
1222,338,53068.91111111111
1223,166,44397.77777777778
1224,0,0
1225,366,49039.46715328467
1226,100,53553.48780487805
1227,93,55834.171428571426
1228,0,0
1229,58,46114.86363636364
1230,65,45151.34782608696
1231,27,69573.91666666667
1232,88,53656.666666666664
1233,61,67528.58333333333
1234,131,55905.490909090906
1235,477,56255.46073298429
1236,130,51353.44642857143
1237,159,52464.153846153844
1238,100,56148.357142857145
1239,130,66014.34
1240,69,68653.03571428571
1241,45,52753.52380952381
1242,163,46239.984615384616
1243,22,53199.444444444445
1244,114,61758.7
1245,24,44677.125
1246,32,63515.666666666664
1247,49,60810.0
1248,252,54324.14432989691
1249,71,58399.71428571428
1250,271,69804.0
1251,343,62449.924812030076
1252,120,63702.066666666666
1253,0,0
1254,197,59279.782608695656
1255,124,57600.92156862745
1256,695,56667.69731800766
1257,0,0
1258,0,0
1259,356,65703.01785714286
1260,71,65641.25925925926
1261,152,65549.01960784313
1262,90,77437.0
1263,181,80630.34545454546
1264,88,63525.818181818184
1265,138,73999.7843137255
1266,298,64348.1935483871
1267,49,74820.4
1268,103,60031.171428571426
1269,182,72907.72222222222
1270,187,61562.90909090909
1271,84,67459.83333333333
1272,170,79160.79591836735
1273,179,81670.03773584905
1274,33,90673.0
1275,51,72726.88888888889
1276,115,79634.625
1277,270,76297.08536585367
1278,399,75519.90983606558
1279,86,67479.96153846153
1280,161,72747.94444444444
1281,191,65303.19607843137
1282,17,38549.42857142857
1283,50,80071.0
1284,0,0
1285,0,0
1286,87,56886.32
1287,0,0
1288,0,0
1289,0,0
1290,76,66330.31818181818
1291,327,68270.31182795699
1292,0,0
1293,0,0
1294,30,97558.625
1295,353,69594.39830508475
1296,123,79070.59523809524
1297,44,64560.8125
1298,420,64201.942028985504
1299,193,76561.40625
1300,0,0
1301,111,65669.41666666667
1302,192,64592.148148148146
1303,42,85666.92857142857
1304,273,63622.380952380954
1305,119,65693.34210526316
1306,395,68877.10924369747
1307,195,74036.95588235294
1308,332,61422.588785046726
1309,175,78950.44444444444
1310,79,72411.42857142857
1311,156,63658.61363636364
1312,14,95086.4
1313,90,54354.10344827586
1314,476,65571.41212121212
1315,58,62666.88888888889
1316,132,63171.68
1317,128,58143.25581395349
1318,191,64638.245614035084
1319,61,46457.25
1320,78,57543.73684210526
1321,490,56947.368055555555
1322,125,57084.166666666664
1323,128,54583.2
1324,670,54591.83516483517
1325,183,53920.36363636364
1326,356,50735.36893203884
1327,133,66302.0
1328,123,52508.117647058825
1329,52,69480.76923076923
1330,0,0
1331,712,57020.529126213594
1332,173,51089.87755102041
1333,492,58816.585185185184
1334,153,69652.625
1335,727,58365.10426540284
1336,913,62034.28571428572
1337,711,67798.86497890296
1338,43,73411.92307692308
1339,394,68858.98387096774
1340,280,71059.42696629213
1341,416,61959.52032520325
1342,550,64942.431818181816
1343,162,73092.83018867925
1344,404,68163.65789473684
1345,289,57047.07058823529
1346,90,56364.57575757576
1347,292,60565.27472527473
1348,228,48424.92307692308
1349,534,67644.68421052632
1350,113,53655.620689655174
1351,117,60368.970588235294
1352,154,57080.694444444445
1353,232,60285.609375
1354,320,70899.15053763441
1355,359,66693.9801980198
1356,174,69190.34
1357,424,63687.621848739494
1358,147,61459.22727272727
1359,130,75128.20512820513
1360,111,66610.27777777778
1361,311,68047.67045454546
1362,229,53170.92857142857
1363,50,63357.23529411765
1364,95,68825.34375
1365,386,60492.74336283186
1366,22,71800.25
1367,20,51466.666666666664
1368,93,47859.041666666664
1369,68,57108.76190476191
1370,60,62856.8125
1371,218,64027.09090909091
1372,99,57472.48275862069
1373,383,64654.30841121495
1374,289,63711.09722222222
1375,189,65522.84905660377
1376,255,66937.44927536232
1377,181,57588.58490566038
1378,244,61845.10447761194
1379,216,55889.01724137931
1380,329,60394.34
1381,357,68172.35051546391
1382,63,72818.31818181818
1383,372,68826.88888888889
1384,319,67684.34567901235
1385,111,67464.75
1386,0,0
1387,135,72031.0
1388,203,68666.76666666666
1389,344,76610.65217391304
1390,375,78116.8691588785
1391,326,71606.21590909091
1392,250,83049.38888888889
1393,193,63734.15254237288
1394,19,65837.4
1395,192,58268.10909090909
1396,365,64936.898305084746
1397,132,64578.70731707317
1398,19,64571.166666666664
1399,267,71877.68571428572
1400,358,85445.25
1401,236,75097.0294117647
1402,72,88695.79166666667
1403,34,94254.7
1404,301,84782.02631578948
1405,44,71341.54545454546
1406,148,74567.32558139534
1407,457,71765.05785123968
1408,65,60401.6875
1409,86,73531.15
1410,152,74660.56818181818
1411,82,69768.79166666667
1412,35,58510.166666666664
1413,205,73924.58333333333
1414,184,56711.96610169492
1415,150,73551.26530612246
1416,0,0
1417,20,45478.0
1418,198,73067.60714285714
1419,0,0
1420,360,72517.82828282828
1421,272,62853.60526315789
1422,198,64184.224137931036
1423,230,64773.86153846154
1424,370,60724.730769230766
1425,211,84825.13333333333
1426,333,76157.73913043478
1427,189,64242.220338983054
1428,72,70587.16666666667
1429,198,73446.81481481482
1430,247,60024.126760563384
1431,309,69500.96666666666
1432,50,77701.93333333333
1433,116,53630.03333333333
1434,0,0
1435,318,88272.91011235955
1436,267,92865.6338028169
1437,179,88416.80392156863
1438,214,87893.53125
1439,450,91919.17322834645
1440,87,91779.18181818182
1441,316,107880.14444444445
1442,75,71438.0
1443,126,87825.57142857143
1444,321,85126.6551724138
1445,261,86835.67567567568
1446,193,92690.29090909091
1447,77,79238.47826086957
1448,48,58993.125
1449,40,43419.833333333336
1450,0,0
1451,688,59275.43157894737
1452,823,52692.16455696202
1453,163,46237.282608695656
1454,184,46869.781818181815
1455,178,58423.54
1456,526,48359.857142857145
1457,223,54451.0
1458,48,61166.666666666664
1459,263,46906.49230769231
1460,456,51860.31851851852
1461,249,58138.625
1462,95,45904.620689655174
1463,556,59189.44871794872
1464,102,53729.14705882353
1465,84,51671.28
1466,534,54650.903225806454
1467,174,57500.7037037037
1468,113,47103.51515151515
1469,143,59542.0
1470,48,51337.4
1471,19,68847.42857142857
1472,353,69779.3119266055
1473,343,67023.17821782178
1474,155,63789.08
1475,198,66948.1
1476,50,55690.73333333333
1477,192,65868.22222222222
1478,0,0
1479,229,62686.09722222222
1480,866,63874.85769230769
1481,59,58225.09523809524
1482,324,55412.84042553192
1483,161,58160.75675675676
1484,395,68828.45454545454
1485,305,64642.11363636364
1486,145,57127.6976744186
1487,156,60864.916666666664
1488,62,40224.846153846156
1489,572,96331.76047904191
1490,426,95768.95967741935
1491,82,83345.34782608696
1492,113,93369.26470588235
1493,115,75888.14285714286
1494,193,78936.56896551725
1495,291,88621.43529411765
1496,398,97816.90350877192
1497,67,91119.77777777778
1498,66,102455.68421052632
1499,531,88038.83950617284
1500,7,87491.0
1501,265,84222.5487804878
1502,169,97153.70370370371
1503,249,86837.80263157895
1504,253,78362.44
1505,244,86645.71232876713
1506,124,78964.18421052632
1507,28,73151.5
1508,85,80669.34615384616
1509,225,111496.36507936507
1510,423,105320.50862068965
1511,328,89547.03225806452
1512,37,90031.91666666667
1513,114,107625.27272727272
1514,100,110188.61538461539
1515,0,0
1516,412,98914.18260869566
1517,96,85175.03846153847
1518,28,84761.125
1519,214,105655.24590163934
1520,218,102292.88524590163
1521,99,105685.70370370371
1522,34,87350.0
1523,66,116407.5625
1524,127,99863.27586206897
1525,75,68423.66666666667
1526,60,117254.66666666667
1527,37,98087.22222222222
1528,33,124265.55555555556
1529,26,61601.75
1530,159,76728.94
1531,154,53723.64
1532,822,68496.83400809717
1533,0,0
1534,728,56572.938095238096
1535,48,43548.31578947369
1536,112,64295.606060606064
1537,145,74794.38888888889
1538,227,69250.20895522388
1539,320,52348.53125
1540,234,51739.40909090909
1541,184,46960.33928571428
1542,12,52003.666666666664
1543,218,69279.51666666666
1544,42,58543.5
1545,127,66360.92105263157
1546,130,56926.10256410256
1547,100,56269.851851851854
1548,174,46079.42
1549,61,42363.5
1550,90,66600.03448275862
1551,38,57053.818181818184
1552,76,52164.0
1553,241,59018.04054054054
1554,327,67390.1724137931
1555,440,65792.41860465116
1556,221,62913.21212121212
1557,154,64302.22448979592
1558,237,56694.62162162162
1559,135,48018.955555555556
1560,187,66187.56603773584
1561,105,48597.35294117647
1562,74,60907.03846153846
1563,44,47285.0
1564,282,54042.642857142855
1565,8,57000.333333333336
1566,0,0
1567,204,58633.206349206346
1568,180,54217.661016949154
1569,354,51452.54285714286
1570,166,64350.8679245283
1571,229,58815.901639344265
1572,117,60874.51282051282
1573,176,72751.8431372549
1574,115,73607.54285714286
1575,78,66945.75862068965
1576,0,0
1577,1377,55793.456057007126
1578,869,59083.18149466192
1579,229,59003.583333333336
1580,104,88108.03125
1581,132,76878.43902439025
1582,96,71955.36666666667
1583,101,58171.5
1584,86,59813.25
1585,140,64060.230769230766
1586,61,56911.52173913043
1587,92,74631.55172413793
1588,31,55816.583333333336
1589,32,57221.25
1590,114,55370.57575757576
1591,89,63958.444444444445
1592,99,79451.72413793103
1593,77,42104.708333333336
1594,80,56295.63636363636
1595,82,59806.833333333336
1596,64,74957.27272727272
1597,64,80528.33333333333
1598,49,80515.25
1599,51,52232.6875
1600,49,64663.42857142857
1601,72,78363.69565217392
1602,95,62686.2
1603,38,74545.27272727272
1604,91,60485.03846153846
1605,77,78573.17391304347
1606,79,69919.0
1607,78,62311.52173913043
1608,159,66551.65853658537
1609,189,53472.38333333333
1610,106,61110.709677419356
1611,77,58738.666666666664
1612,196,67685.37735849057
1613,163,51340.08928571428
1614,87,82413.73076923077
1615,208,57502.41791044776
1616,0,0
1617,138,66166.64285714286
1618,133,67341.775
1619,282,63084.7625
1623,0,0
1624,0,0
1643,44,85261.53846153847
1644,498,95986.53676470589
1645,6,78542.0
1647,542,92775.59310344828
1648,40,52068.46153846154
1649,57,91707.64705882352
1650,7,83932.5
1654,146,97960.93333333333
1657,546,88710.75138121546
1658,39,78873.07142857143
1659,55,68649.6
1662,42,87546.61111111111
1664,20,204373.2857142857
1665,64,77259.68421052632
1666,72,88697.45833333333
1667,119,104168.15384615384
1668,63,71717.85
1669,115,99093.85714285714
1670,528,83693.28484848485
1671,438,85066.3870967742
1672,123,90408.0487804878
1673,110,81973.31578947368
1677,150,78708.52083333333
1679,23,98546.11111111111
1680,70,83809.88
1684,27,104913.55555555556
1685,0,0
1686,93,95018.5294117647
1687,128,85779.86046511628
1688,230,92189.26923076923
1689,155,85364.11111111111
1690,98,84316.57575757576
1691,409,85066.90697674418
1692,166,93454.58490566038
1693,182,72093.0
1694,82,83683.51851851853
1695,318,92083.28695652174
1696,108,75402.82051282052
1697,67,80276.92592592593
1698,484,57020.337423312885
1699,1166,58696.981578947365
1700,177,51535.59322033898
1701,490,56013.54
1702,152,51035.73809523809
1703,351,55342.166666666664
1704,645,57775.211267605635
1705,23,63942.11111111111
1706,239,52341.0
1707,99,59216.27272727273
1708,175,62466.0
1709,383,53861.795774647886
1710,183,58088.16393442623
1711,110,59490.555555555555
1712,103,58249.17857142857
1713,756,55601.992424242424
1714,420,50476.73469387755
1715,106,47988.51282051282
1716,189,53405.66071428572
1717,142,56901.27272727273
1718,178,69016.09677419355
1719,142,53330.72727272727
1720,0,0
1721,1822,64286.47429519071
1722,0,0
1723,151,63192.61538461538
1724,183,67271.5
1725,188,56587.816666666666
1726,246,65334.295774647886
1727,415,66304.58914728682
1728,128,74779.05
1729,102,58575.0
1730,168,68644.37254901961
1731,128,55311.0
1732,534,65867.96449704142
1733,362,62312.656
1734,347,59410.75
1735,305,65757.69791666667
1736,0,0
1737,78,60089.46153846154
1738,208,79182.69491525424
1739,171,85050.34615384616
1740,197,57418.80303030303
1741,156,75682.34042553192
1742,180,68896.5625
1743,152,70767.72340425532
1744,154,76148.91304347826
1745,78,76410.69230769231
1746,61,96225.94736842105
1747,74,85700.72
1748,53,59352.125
1749,76,88603.84210526316
1750,87,64260.27272727273
1751,94,67657.9
1752,80,83274.72727272728
1753,42,78783.88235294117
1754,322,73196.62921348315
1755,355,65826.20183486238
1756,278,75954.5487804878
1757,71,88949.25
1758,158,66674.375
1759,200,71660.31666666667
1760,172,79408.09803921569
1761,112,77238.11764705883
1762,112,73216.54838709677
1763,190,73453.39622641509
1764,95,70344.89285714286
1765,167,74114.27450980392
1766,197,85826.74576271187
1767,258,70768.65789473684
1768,133,82831.88888888889
1769,104,79048.80645161291
1770,85,83231.0
1771,157,70020.06521739131
1772,30,69256.88888888889
1773,123,71189.71428571429
1774,63,75379.83333333333
1775,122,75004.85
1776,93,87784.93103448275
1777,121,79128.75675675676
1778,44,66469.64285714286
1779,113,79488.21428571429
1780,41,81635.09090909091
1781,171,81192.08333333333
1782,57,72534.82352941176
1783,183,82338.19230769231
1784,193,72531.05660377358
1785,32,93659.0
1786,94,99643.73333333334
1787,60,87179.15
1788,66,96502.57894736843
1789,64,97593.63157894737
1790,65,94134.5
1791,157,79460.76086956522
1792,106,87740.24242424243
1793,154,88430.24444444444
1794,231,80903.14666666667
1795,153,96509.51111111112
1796,240,82094.15492957746
1797,187,80426.26785714286
1798,56,85838.0
1799,15,159729.2
1800,221,93634.61428571428
1801,65,69313.52380952382
1802,23,83624.0
1803,77,67465.72727272728
1804,258,82567.0
1805,390,84804.34234234234
1806,290,95038.37777777777
1807,220,80183.69841269842
1808,43,75856.0
1809,274,89802.91666666667
1810,169,80492.2156862745
1811,193,70337.81034482758
1812,226,71730.25
1813,76,64574.681818181816
1814,179,69317.38775510204
1815,27,85029.25
1816,288,73626.4268292683
1817,148,64596.72
1818,241,74154.1375
1819,389,79560.1138211382
1820,810,79048.24691358025
1821,218,71751.54929577465
1822,179,64757.730158730155
1823,0,0
1824,341,74237.05737704918
1825,358,71620.51754385965
1826,276,70548.96341463414
1827,289,72104.34020618557
1828,320,78271.94680851063
1829,207,48295.94117647059
1830,0,0
1831,136,53309.91428571429
1832,164,49950.73333333333
1833,80,50290.86363636364
1834,0,0
1835,153,39816.4693877551
1836,290,40213.49382716049
1837,186,50631.16
1838,127,65474.15
1839,116,48804.06060606061
1840,71,41453.42105263158
1841,4,21646.0
1842,45,44310.25
1843,614,53527.97222222222
1844,0,0
1845,331,47572.17582417582
1846,209,51927.34426229508
1847,208,65728.75384615385
1848,195,34498.12280701754
1849,8,100130.0
1850,0,0
1851,652,47045.03278688525
1852,661,48611.102150537634
1853,183,47359.09523809524
1854,162,47814.92307692308
1855,172,51014.441860465115
1856,499,46365.33076923077
1857,270,51009.168831168834
1858,150,43464.431818181816
1859,40,37256.36363636364
1860,220,44665.0
1861,228,53776.983050847455
1862,262,42556.68918918919
1863,289,48344.10256410256
1864,474,51141.6328125
1865,517,57028.52205882353
1866,134,47185.558139534885
1867,274,43160.217391304344
1868,359,49512.47872340425
1869,909,47418.428015564205
1870,0,0
1871,0,0
1872,531,49763.80272108843
1873,984,43749.881918819185
1874,0,0
1875,107,39121.12
1876,81,46464.454545454544
1877,77,49190.65217391304
1878,0,0
1879,42,52944.36363636364
1880,211,51800.125
1881,376,43217.99145299145
1882,0,0
1883,24,47905.25
1884,40,52609.0
1885,283,42940.168831168834
1886,235,39351.857142857145
1887,361,49571.963302752294
1888,1356,44396.688
1889,0,0
1890,475,48093.60144927536
1891,0,0
1892,254,54288.671428571426
1893,78,47043.71428571428
1894,189,40427.232142857145
1895,178,34929.06
1896,468,54679.00763358779
1897,258,49071.680555555555
1898,297,51184.02298850575
1899,201,52398.41379310345
1900,287,63770.11578947368
1901,290,76540.38541666667
1902,563,70958.86893203884
1903,293,72075.33
1904,220,73440.97014925373
1905,227,66112.47222222222
1906,0,0
1907,0,0
1908,0,0
1909,0,0
1910,0,0
1911,0,0
1912,0,0
1913,0,0
1914,34,81665.57142857143
1915,674,66164.59832635983
1916,241,69286.33707865169
1917,111,60673.10526315789
1918,157,55517.06779661017
1919,84,66569.8
1920,247,59642.13924050633
1921,85,70408.10344827586
1922,512,68146.91803278688
1923,227,72833.42666666667
1924,133,67815.82222222222
1925,240,73180.4074074074
1926,270,65868.63106796116
1927,226,69267.86585365854
1928,0,0
1929,66,50638.333333333336
1930,187,71086.9
1931,69,63663.03703703704
1932,267,67264.19801980197
1933,262,53474.21212121212
1934,311,47888.57142857143
1935,384,48567.3962264151
1936,198,44668.181818181816
1937,0,0
1938,0,0
1939,0,0
1940,0,0
1941,360,47151.18279569892
1942,209,53920.311475409835
1943,207,54794.098039215685
1944,98,54179.206896551725
1945,248,46414.596774193546
1946,220,53140.83870967742
1947,210,43174.147540983606
1948,202,44863.12727272727
1949,0,0
1950,0,0
1951,6,29718.5
1952,0,0
1953,0,0
1954,0,0
1955,0,0
1956,118,57205.379310344826
1957,257,51475.385714285716
1958,271,43235.84
1959,320,57439.635294117645
1960,0,0
1961,107,48419.48275862069
1962,427,51117.91071428572
1963,414,62434.63888888889
1964,282,52801.73417721519
1965,0,0
1966,237,54418.08064516129
1967,0,0
1968,148,58296.48888888889
1969,0,0
1970,0,0
1971,86,78748.52631578948
1972,0,0
1973,96,63484.88
1974,368,46376.67032967033
1975,503,53753.62601626016
1976,495,52604.06976744186
1977,182,53271.6
1978,210,48970.0
1979,89,51334.55
1980,101,49705.62962962963
1981,0,0
1982,380,46651.19607843137
1983,0,0
1984,192,50366.12244897959
1985,217,45112.666666666664
1986,138,47500.73809523809
1987,141,47542.769230769234
1988,200,49138.86538461538
1989,251,50738.16393442623
1990,253,46026.16393442623
1991,149,50167.4358974359
1992,175,50820.09756097561
1993,195,56761.51111111111
1994,0,0
1995,16,50762.333333333336
1996,258,45944.4
1997,365,53948.041666666664
1998,225,58457.224137931036
1999,167,62081.743589743586
2000,516,47578.70229007633
2001,0,0
2002,375,48727.663265306124
2003,96,58504.958333333336
2004,197,43338.795454545456
2005,218,39850.0
2006,67,52003.529411764706
2007,159,39820.72
2008,267,37717.375
2009,140,50252.15909090909
2010,0,0
2011,300,48741.65853658537
2012,502,51184.38167938931
2013,241,45143.45901639344
2014,263,47618.47692307692
2015,295,49541.41176470588
2016,153,37888.829268292684
2017,190,36810.75
2018,323,43210.38372093023
2019,320,46056.87234042553
2020,286,43728.02469135803
2021,358,50091.24742268041
2022,150,43525.97435897436
2023,191,53653.2
2024,0,0
2025,0,0
2026,0,0
2027,0,0
2028,26,51591.0
2029,45,57657.77777777778
2030,44,75201.07692307692
2031,93,45084.086956521736
2032,0,0
2033,220,52260.142857142855
2034,205,36560.403846153844
2035,244,61358.666666666664
2036,17,23526.25
2037,198,50541.311111111114
2038,235,45817.57627118644
2039,283,48579.356164383564
2040,329,48311.4625
2041,194,52302.0
2042,161,48246.365853658535
2043,133,52168.97435897436
2044,251,41933.05882352941
2045,368,57065.78571428572
2046,228,56828.46666666667
2047,37,47580.333333333336
2048,106,68551.41379310345
2049,366,52493.90588235294
2050,28,53283.0
2051,9,61890.0
2052,261,46616.857142857145
2053,132,54266.6
2054,59,53396.25
2055,99,57316.291666666664
2056,68,52795.5625
2057,230,59947.75
2058,124,56334.0
2059,244,44626.01515151515
2060,364,52082.326315789476
2061,23,88008.42857142857
2062,254,53913.85507246377
2063,170,60187.171428571426
2064,78,54422.791666666664
2065,159,41968.37209302326
2066,70,53238.055555555555
2067,182,45129.441860465115
2068,206,50812.980769230766
2069,157,54863.45652173913
2070,0,0
2071,242,52974.85
2072,235,50108.75362318841
2073,59,58225.42105263158
2074,330,43737.42168674699
2075,214,36158.07407407407
2076,238,41753.42622950819
2077,89,45263.17857142857
2078,255,48398.779411764706
2079,309,52781.142857142855
2080,0,0
2081,23,37036.166666666664
2082,156,43864.60975609756
2083,167,44668.166666666664
2084,123,43511.89189189189
2085,130,37289.63888888889
2086,138,46969.05882352941
2087,55,65963.46666666666
2088,137,52062.717948717946
2089,135,60434.171428571426
2090,413,14000.0
2091,0,0
2092,0,0
2093,0,0
2094,0,0
2095,4249,14000.0
2096,2924,14000.0
2097,107,45215.625
2098,79,37783.47368421053
2099,0,0
2100,0,0
2101,292,35971.602739726026
2102,408,44708.868686868685
2103,209,41033.529411764706
2104,89,39814.59090909091
2105,75,32639.0
2106,135,57468.48484848485
2107,114,59971.48387096774
2108,149,52513.72972972973
2109,183,38183.056603773584
2110,196,44973.45283018868
2111,220,50335.94117647059
2112,121,41180.14705882353
2113,180,29242.26
2114,144,27951.026315789473
2115,67,41164.76190476191
2116,134,49755.0
2117,443,37329.944444444445
2118,189,45523.36363636364
2119,128,46655.25
2120,82,28683.08695652174
2121,148,46670.75
2122,0,0
2123,318,42730.44827586207
2124,369,45102.601851851854
2125,136,36049.18918918919
2126,0,0
2127,119,48793.10526315789
2128,19,36315.625
2129,253,40979.97402597403
2130,228,40000.22580645161
2131,236,42382.458333333336
2132,124,38344.8
2133,141,41975.62162162162
2134,0,0
2135,153,46984.22222222222
2136,106,42705.15625
2137,0,0
2138,219,40990.43859649123
2139,214,45068.96428571428
2140,141,37581.9
2141,222,46746.811594202896
2142,0,0
2143,37,60225.0
2144,138,45864.125
2145,123,45968.31428571429
2146,204,44802.967741935485
2147,173,42055.15555555555
2148,238,42837.53968253968
2149,70,34958.6
2150,134,44439.46341463415
2151,114,44880.03125
2152,104,41708.31034482759
2153,546,49191.35211267605
2154,347,52031.550561797754
2155,346,40741.67816091954
2156,71,72557.63157894737
2157,54,34100.583333333336
2158,130,54505.06451612903
2159,158,38640.12195121951
2160,290,47270.69736842105
2161,181,49114.6875
2162,87,47766.045454545456
2163,40,33161.916666666664
2164,5,22620.5
2165,254,48797.72463768116
2166,167,49866.0
2167,127,41292.35897435898
2168,186,47861.4
2169,78,51456.260869565216
2170,250,59932.913043478264
2171,90,59620.434782608696
2172,175,46978.26530612245
2173,0,0
2174,58,49627.28571428572
2175,195,39425.145833333336
2176,193,64812.16981132075
2177,205,50105.666666666664
2178,117,43533.290322580644
2179,32,33816.625
2180,116,48396.63333333333
2181,450,51812.92397660819
2182,186,45707.026666666665
2183,178,54531.83561643836
2184,209,48517.7037037037
2185,116,58927.08
2186,240,52594.094736842104
2187,209,57806.2
2188,133,58073.74
2189,178,50173.81538461539
2190,210,48424.25882352941
2191,145,63999.379310344826
2192,197,60205.9746835443
2193,82,50277.36666666667
2194,193,62679.4375
2195,112,41308.48780487805
2196,171,44246.80597014925
2197,138,53704.192307692305
2198,279,62566.166666666664
2199,272,52772.28155339806
2200,275,61199.07272727273
2201,277,54386.43636363636
2202,320,57482.9921875
2203,385,50624.28275862069
2204,15,63073.0
2205,44,63577.17647058824
2206,118,55488.270833333336
2207,145,46270.06
2208,267,60417.92307692308
2209,129,47192.21276595745
2210,208,46513.77777777778
2211,379,45220.98
2212,86,72730.16666666667
2213,232,63505.20879120879
2214,122,58010.48837209302
2215,14,29955.5
2216,27,39038.22222222222
2217,70,54953.096774193546
2218,12,42745.75
2219,81,61609.28
2220,25,70665.14285714286
2221,33,49548.357142857145
2222,50,54788.3
2223,5,37848.5
2224,148,99013.50704225352
2225,111,109046.5925925926
2226,0,0
2227,155,100660.80303030302
2228,313,108210.79365079365
2229,225,101480.61538461539
2230,93,101937.43243243243
2231,114,102593.54761904762
2232,283,109371.14285714286
2233,40,140150.26315789475
2234,110,97987.87234042553
2235,143,95954.6393442623
2236,59,110684.84615384616
2237,190,101580.82666666666
2238,89,131805.8
2239,112,107626.58333333333
2240,141,135516.33846153846
2241,206,118630.32911392405
2242,176,114083.45833333333
2243,145,108229.5076923077
2244,93,112608.33333333333
2245,0,0
2246,64,119402.24137931035
2247,179,110460.1506849315
2248,0,0
2249,144,106434.54838709677
2250,52,111231.48
2251,126,124869.98113207547
2252,73,114946.6551724138
2253,60,104222.21052631579
2254,55,94481.61904761905
2255,81,106874.46153846153
2256,201,103107.83544303797
2257,76,114300.0
2258,85,122058.27272727272
2259,49,99681.25
2260,158,100845.0
2261,91,116578.88235294117
2262,48,104807.8
2263,78,129643.4375
2264,40,113378.9375
2265,107,106249.65957446808
2266,109,118148.85416666667
2267,85,117916.15789473684
2268,340,114593.73943661971
2269,33,88180.46666666666
2270,93,102278.63157894737
2271,35,106838.84615384616
2272,51,101417.04166666667
2273,131,96185.14545454546
2274,48,125217.04761904762
2275,42,115357.42105263157
2276,41,99108.84210526316
2277,115,116975.97872340426
2278,132,112486.54385964913
2279,227,102588.35643564357
2280,182,87386.64634146342
2281,164,85461.05194805194
2282,302,97863.00694444444
2283,327,93942.24285714286
2284,162,80800.16666666667
2285,318,102394.22900763359
2286,208,77047.34146341463
2287,87,88910.35135135135
2288,115,95243.56521739131
2289,76,94964.0303030303
2290,214,86483.98901098901
2291,233,95861.66315789474
2292,165,110404.17142857143
2293,107,105146.82456140351
2294,176,95899.2987012987
2295,309,97438.00751879699
2296,66,100037.0
2297,307,88531.91333333333
2298,204,87076.28888888888
2299,200,94590.17204301075
2300,210,101799.07058823529
2301,38,66674.8
2302,31,95140.2
2303,64,76062.04
2304,47,86976.95
2305,166,76401.82608695653
2306,69,112608.76190476191
2307,161,98508.5142857143
2308,0,0
2309,75,95481.70370370371
2310,72,112196.20689655172
2311,336,84807.91549295775
2312,112,78582.45238095238
2313,24,116046.875
2314,4,81538.0
2315,207,90701.83908045977
2316,156,87356.38571428572
2317,45,77320.44444444444
2318,172,71515.04166666667
2319,197,89543.46428571429
2320,52,84225.57894736843
2321,115,110812.93617021276
2322,79,91416.34375
2323,87,92975.94871794872
2324,102,70278.68292682926
2325,114,95908.44444444444
2326,243,75456.35714285714
2327,69,78254.2
2328,119,97619.88888888889
2329,123,77149.81034482758
2330,64,73905.65217391304
2331,83,76944.45714285714
2332,129,85488.29824561403
2333,126,90954.36206896552
2334,172,101148.21052631579
2335,94,83978.94736842105
2336,25,126593.0
2337,59,99822.5925925926
2338,388,63946.81212121212
2339,315,57629.97692307692
2340,211,70795.71264367815
2341,203,65925.23376623377
2342,357,60217.333333333336
2343,321,71824.49285714286
2344,403,65322.99425287356
2345,231,73409.45192307692
2346,196,66250.66666666667
2347,347,75920.74825174826
2348,224,62376.41758241758
2349,153,70064.6129032258
2350,72,73208.0
2351,128,69358.35294117648
2352,54,74636.33333333333
2353,102,84083.18604651163
2354,134,67950.9104477612
2355,105,65430.6
2356,137,56203.296875
2357,112,54109.2962962963
2358,168,67120.55882352941
2359,68,60513.625
2360,42,54028.833333333336
2361,62,59140.91176470588
2362,83,71571.63636363637
2363,143,70361.10256410256
2364,88,57716.16216216216
2365,96,58069.32
2366,40,47424.192307692305
2367,15,35574.333333333336
2368,80,73005.57142857143
2369,197,67716.04
2370,146,55871.305555555555
2371,143,62366.84722222222
2372,160,41270.98333333333
2373,174,37963.242424242424
2374,191,54735.522388059704
2375,132,53737.891304347824
2376,0,0
2377,153,36659.90740740741
2378,139,45922.12765957447
2379,200,56096.26153846154
2380,293,44147.16504854369
2381,153,41433.542372881355
2382,56,38172.454545454544
2383,105,34961.63888888889
2384,55,29652.176470588234
2385,28,61172.92307692308
2386,44,42272.21428571428
2387,143,37704.0
2388,184,47138.38461538462
2389,76,45012.71428571428
2390,200,37697.77419354839
2391,135,41217.53658536585
2392,240,48419.7
2393,273,50540.1975308642
2394,144,48130.142857142855
2395,37,51935.166666666664
2396,253,54431.45070422535
2397,357,45993.436170212764
2398,194,41174.65517241379
2399,206,51509.08064516129
2400,217,35783.360655737706
2401,188,58221.11538461538
2402,164,51191.82692307692
2403,150,47995.025
2404,107,43512.6
2405,187,49526.333333333336
2406,160,43755.36363636364
2407,172,36199.07843137255
2408,88,58761.34782608696
2409,127,40415.9375
2410,304,41239.213483146064
2411,502,41874.52739726027
2412,339,41286.57731958763
2413,182,38977.01851851852
2414,261,32339.772151898735
2415,254,39558.12
2416,383,38089.87962962963
2417,157,48977.0
2418,144,38034.10256410256
2419,247,36027.53731343283
2420,553,43596.72602739726
2421,411,40423.8
2422,176,46921.06
2423,335,46739.030927835054
2424,151,42755.380952380954
2425,536,40347.04794520548
2426,20,36924.28571428572
2427,269,43384.291666666664
2428,148,38787.0
2429,121,31576.0
2430,81,54153.391304347824
2431,0,0
2432,327,37439.25882352941
2433,0,0
2434,0,0
2435,265,37747.09589041096
2436,150,31181.51020408163
2437,0,0
2438,497,38350.335766423355
2439,0,0
2440,134,42203.0
2441,147,42969.74418604651
2442,0,0
2443,23,44851.0
2444,0,0
2445,149,37896.52380952381
2446,92,51976.03703703704
2447,0,0
2448,92,34208.96296296296
2449,0,0
2450,0,0
2451,222,38252.42857142857
2452,0,0
2453,0,0
2454,0,0
2455,10,22072.0
2456,43,42056.72727272727
2457,0,0
2458,0,0
2459,0,0
2460,0,0
2461,520,70402.55462184874
2462,71,58906.42857142857
2463,5,72686.5
2464,0,0
2465,26,75781.92857142857
2466,1088,69803.5682382134
2467,7,16787.0
2468,331,75115.7987012987
2469,328,70720.85350318471
2470,0,0
2471,4,144447.0
2472,0,0
2473,0,0
2474,0,0
2475,103,57641.981132075474
2476,196,71504.33684210526
2477,233,78519.37272727273
2478,18,52942.0
2479,0,0
2480,0,0
2481,0,0
2482,0,0
2483,0,0
2484,504,63118.86363636364
2485,457,63084.95890410959
2486,241,76048.11206896552
2487,707,74445.10769230769
2488,684,70570.5020242915
2489,238,67181.14285714286
2490,142,77686.125
2491,385,62479.08139534884
2492,291,74024.57419354838
2493,400,38842.894941634244
2494,155,76679.44871794872
2495,1101,70511.39960238569
2496,0,0
2497,2,31887.0
2498,0,0
2499,0,0
2500,0,0
2501,0,0
2502,0,0
2503,0,0
2504,0,0
2505,0,0
2506,0,0
2507,0,0
2508,0,0
2509,0,0
2510,0,0
2511,0,0
2512,0,0
2513,0,0
2514,0,0
2515,0,0
2516,0,0
2517,0,0
2518,565,68994.40873015873
2519,293,80366.875
2520,0,0
2521,0,0
2522,1,107874.0
2523,0,0
2524,0,0
2525,0,0
2526,36,67306.61111111111
2527,0,0
2528,371,60076.557291666664
2529,45,71518.96
2530,698,63325.07526881721
2531,0,0
2532,0,0
2533,0,0
2534,38,51857.444444444445
2535,197,64438.454545454544
2536,59,68509.13157894737
2537,67,52976.107142857145
2538,0,0
2539,5,65505.0
2540,296,65517.845679012345
2541,634,63512.91447368421
2542,384,64893.95566502463
2543,53,46689.142857142855
2544,21,90713.11111111111
2545,0,0
2546,36,59177.17391304348
2547,5,82649.5
2548,2,68644.5
2549,1,21565.0
2550,0,0
2551,8,65969.0
2552,35,52650.22222222222
2553,668,59864.83720930233
2554,790,58029.875
2555,198,68114.30927835051
2556,31,44829.53846153846
2557,419,54692.04694835681
2558,1001,60949.28346456693
2559,376,61048.9
2560,1,23592.0
2561,0,0
2562,60,52779.46875
2563,68,87112.95454545454
2564,0,0
2565,406,53620.44978165939
2566,8,60211.75
2567,214,58727.73170731707
2568,346,57434.6375
2569,270,60931.70921985816
2570,0,0
2571,29,58244.58823529412
2572,0,0
2573,0,0
2574,181,75470.05
2575,45,54472.583333333336
2576,83,78714.66666666667
2577,226,67421.0671641791
2578,0,0
2579,0,0
2580,0,0
2581,0,0
2582,0,0
2583,0,0
2584,54,78599.52
2585,0,0
2586,314,59404.377358490565
2587,0,0
2588,0,0
2589,139,83861.953125
2590,26,49300.333333333336
2591,102,83271.37931034483
2592,174,69597.98936170213
2593,356,70572.91578947369
2594,11,15258.333333333334
2595,31,67015.88235294117
2596,66,76262.68181818182
2597,0,0
2598,98,87575.07407407407
2599,104,71919.87719298246
2600,44,79382.0
2601,0,0
2602,0,0
2603,0,0
2604,192,58996.09375
2605,18,80205.8
2606,142,67822.15584415584
2607,177,52217.82828282828
2608,52,76583.48
2609,7,53114.166666666664
2610,1,20056.0
2611,195,69723.08421052631
2612,259,62291.30263157895
2613,204,66238.5
2614,0,0
2615,0,0
2616,0,0
2617,0,0
2618,0,0
2619,0,0
2620,0,0
2621,0,0
2622,0,0
2623,0,0
2624,0,0
2625,0,0
2626,0,0
2627,0,0
2628,0,0
2629,0,0
2630,0,0
2631,0,0
2632,0,0
2633,0,0
2634,0,0
2635,0,0
2636,0,0
2637,0,0
2638,0,0
2639,0,0
2640,656,71048.60471976401
2641,0,0
2642,468,71633.625
2643,0,0
2644,0,0
2645,0,0
2646,0,0
2647,225,73453.4
2648,171,73939.11235955056
2649,293,84483.10191082803
2650,391,68747.0890052356
2651,279,61192.84076433121
2652,0,0
2653,0,0
2654,0,0
2655,0,0
2656,0,0
2657,474,99596.9251968504
2658,0,0
2659,0,0
2660,0,0
2661,0,0
2662,0,0
2663,0,0
2664,318,106371.18902439025
2665,120,103979.4857142857
2666,135,116149.13043478261
2667,0,0
2668,0,0
2669,0,0
2670,0,0
2671,0,0
2672,0,0
2673,0,0
2674,0,0
2675,0,0
2676,630,110225.23782234958
2677,0,0
2678,125,103577.6049382716
2679,528,93565.72222222222
2680,0,0
2681,0,0
2682,313,102212.07777777778
2683,0,0
2684,0,0
2685,0,0
2686,0,0
2687,0,0
2688,0,0
2689,0,0
2690,0,0
2691,384,108580.76960784313
2692,295,89452.37012987013
2693,605,105634.10601719198
2694,0,0
2695,342,105049.71957671958
2696,252,112151.91304347826
2697,569,106010.76623376623
2698,18,155518.16666666666
2699,0,0
2700,313,106919.9724137931
2701,349,100150.76331360947
2702,630,108023.17404129794
2703,180,91926.69387755102
2704,144,114123.59523809524
2705,76,91689.97777777778
2706,596,101179.52852852854
2707,79,80098.19047619047
2708,364,117277.4656084656
2709,430,105085.87711864407
2710,79,99342.43478260869
2711,341,93299.66847826086
2712,28,68596.66666666667
2713,0,0
2714,7,122698.33333333333
2715,177,93367.64583333333
2716,221,111412.75409836066
2717,15,71389.42857142857
2718,266,119990.72727272728
2719,0,0
2720,0,0
2721,0,0
2722,0,0
2723,63,109191.1724137931
2724,0,0
2725,0,0
2726,156,14000.0
2727,0,0
2728,0,0
2729,0,0
2730,66,94837.88888888889
2731,45,101589.15
2732,138,71759.78571428571
2733,0,0
2734,0,0
2735,517,84838.51636363636
2736,358,91380.51479289941
2737,384,86580.05963302753
2738,21,90691.26666666666
2739,99,93805.65384615384
2740,489,82691.08148148148
2741,2,139149.0
2742,0,0
2743,161,79642.01123595505
2744,372,78230.50802139037
2745,4,38235.0
2746,189,83562.65346534654
2747,0,0
2748,323,81769.79781420765
2749,0,0
2750,0,0
2751,0,0
2752,0,0
2753,0,0
2754,0,0
2755,0,0
2756,0,0
2757,0,0
2758,0,0
2759,0,0
2760,0,0
2761,0,0
2762,0,0
2763,0,0
2764,0,0
2765,0,0
2766,0,0
2767,296,84504.62580645162
2768,0,0
2769,767,82451.4725
2770,149,73526.6626506024
2771,199,76125.28971962616
2772,465,82527.30638297873
2773,245,91478.96376811594
2774,182,82299.69306930693
2775,114,71364.0506329114
2776,2,182451.0
2777,0,0
2778,129,54276.08474576271
2779,75,59956.77777777778
2780,0,0
2781,0,0
2782,36,45250.913043478264
2783,65,56328.02173913043
2784,118,50002.775862068964
2785,0,0
2786,62,41798.137931034486
2787,278,51114.496551724136
2788,144,61264.41333333333
2789,56,39580.379310344826
2790,99,48991.16071428572
2791,26,23649.0
2792,59,41440.21428571428
2793,96,56592.80392156863
2794,77,63500.65714285714
2795,36,50357.55
2796,298,49372.53939393939
2797,46,48309.47368421053
2798,2,57490.0
2799,319,46974.07534246575
2800,5,100994.0
2801,33,104953.16666666667
2802,0,0
2803,0,0
2804,0,0
2805,17,101258.66666666667
2806,1,22062.0
2807,83,103916.09375
2808,0,0
2809,11,221114.75
2810,0,0
2811,25,98805.75
2812,9,122640.6
2813,18,102528.83333333333
2814,0,0
2815,234,102348.44210526315
2816,188,108800.73737373737
2817,60,104122.58620689655
2818,52,108763.78571428571
2819,270,96232.71666666666
2820,0,0
2821,321,98396.92405063291
2822,54,123243.95454545454
2823,0,0
2824,0,0
2825,144,91822.97014925373
2826,3,41399.5
2827,20,93427.0
2828,0,0
2829,132,102242.22413793103
2830,164,93851.15662650602
2831,434,97498.04926108374
2832,209,91792.05607476635
2833,100,121825.1875
2834,228,102372.82608695653
2835,1,37711.0
2836,0,0
2837,0,0
2838,136,99868.28070175438
2839,111,104316.27586206897
2840,9,85485.83333333333
2841,505,99792.22692307692
2842,129,103631.13333333333
2843,296,111595.87012987013
2844,0,0
2845,207,106376.01785714286
2846,99,78659.61818181818
2847,299,74558.12925170068
2848,57,79588.46666666666
2849,55,51860.05405405405
2850,124,94323.98387096774
2851,186,80923.46666666666
2852,37,97223.05263157895
2853,242,74826.68595041323
2854,25,107555.625
2855,103,81346.82692307692
2856,79,74220.825
2857,77,73764.88636363637
2858,74,68766.69047619047
2859,3,41569.0
2860,57,75992.78125
2861,103,75957.37254901961
2862,131,76719.34426229508
2863,38,63584.52173913043
2864,111,79163.64516129032
2865,132,83179.3870967742
2866,48,85559.81818181818
2867,147,75106.87012987013
2868,24,111752.30769230769
2869,30,82285.88235294117
2870,72,71894.5
2871,110,89479.94736842105
2872,198,76217.84158415842
2873,125,65180.850746268654
2874,117,80555.49275362318
2875,65,91614.02777777778
2876,43,81670.28571428571
2877,53,61149.80952380953
2878,47,61838.846153846156
2879,111,68609.15625
2880,48,85338.22222222222
2881,53,76231.55882352941
2882,147,82452.13513513513
2883,111,70535.44897959183
2884,107,79908.6
2885,33,84926.58823529411
2886,72,108401.91666666667
2887,60,91408.27586206897
2888,7,122540.33333333333
2889,110,104011.28260869565
2890,38,81469.13636363637
2891,40,109744.0
2892,174,85084.6105263158
2893,4,86462.33333333333
2894,189,79096.5625
2895,83,104606.06666666667
2896,126,96727.03333333334
2897,21,82160.66666666667
2898,180,87419.08510638298
2899,114,96524.8813559322
2900,25,66112.5
2901,10,60986.4
2902,83,97579.34042553192
2903,78,99804.22857142857
2904,84,75176.73684210527
2905,27,92233.27777777778
2906,11,145684.0
2907,206,89277.72641509434
2908,97,87345.60975609756
2909,32,80979.25
2910,58,87751.0
2911,285,87081.16788321167
2912,0,0
2913,132,103275.62686567164
2914,136,114229.25
2915,63,104746.51612903226
2916,66,114276.9
2917,96,101369.51020408163
2918,81,87546.44444444444
2919,58,90086.25925925926
2920,174,87299.1052631579
2921,67,96428.19354838709
2922,34,84963.76470588235
2923,41,89530.47826086957
2924,23,87854.33333333333
2925,109,89906.10638297872
2926,30,80650.53846153847
2927,53,58275.09090909091
2928,37,103580.125
2929,76,90608.73529411765
2930,55,103383.39393939394
2931,57,93902.35294117648
2932,49,84138.03448275862
2933,11,107542.14285714286
2934,50,120352.76
2935,51,113557.20689655172
2936,39,72249.43478260869
2937,80,92891.18604651163
2938,52,65553.04
2939,30,120370.22222222222
2940,42,88954.08333333333
2941,0,0
2942,4,108486.0
2943,193,88042.84042553192
2944,134,85104.10606060606
2945,0,0
2946,16,107447.875
2947,142,94124.16666666667
2948,53,92352.86363636363
2949,74,93604.0625
2950,247,91390.66666666667
2951,44,81741.91304347826
2952,31,98323.83333333333
2953,25,64719.454545454544
2954,40,87125.14285714286
2955,47,97614.26315789473
2956,36,101034.52631578948
2957,54,109381.82608695653
2958,87,78430.27272727272
2959,22,92166.6
2960,83,93615.09302325582
2961,48,110971.73913043478
2962,114,86837.90909090909
2963,95,80203.52272727272
2964,29,78536.0625
2965,166,88612.42857142857
2966,83,77435.40909090909
2967,40,90871.65
2968,50,86278.71428571429
2969,22,65743.33333333333
2970,105,81975.41463414633
2971,112,88175.26923076923
2972,0,0
2973,0,0
2974,0,0
2975,0,0
2976,0,0
2977,0,0
2978,21,33081.71428571428
2979,0,0
2980,0,0
2981,0,0
2982,27,116825.6
2983,47,89887.5
2984,46,117195.13636363637
2985,48,94592.6
2986,82,95893.13043478261
2987,90,102132.42222222222
2988,74,92488.96774193548
2989,90,70864.6
2990,36,95981.09523809524
2991,31,84967.66666666667
2992,58,97961.59375
2993,80,91808.35897435897
2994,0,0
2998,0,0
3014,0,0
3018,0,0
3019,0,0
3023,0,0
3024,0,0
3027,0,0
3029,0,0
3030,0,0
3031,0,0
3032,0,0
3033,0,0
3034,5,87525.66666666667
3035,0,0
3036,0,0
3037,0,0
3039,0,0
3041,0,0
3042,0,0
3043,0,0
3045,0,0
3047,0,0
3048,80,42790.03846153846
3049,0,0
3050,0,0
3051,0,0
3052,0,0
3053,0,0
3054,0,0
3055,0,0
3056,0,0
3057,0,0
3058,0,0
3059,0,0
3060,0,0
3061,0,0
3062,8,90245.5
3063,77,73561.875
3064,0,0
3065,0,0
3066,6,64001.0
3067,0,0
3068,9,43896.0
3069,89,51034.32558139535
3070,4,83063.25
3071,4,76042.66666666667
3072,44,66183.91666666667
3073,28,80630.77777777778
3074,0,0
3075,51,55028.333333333336
3076,0,0
3077,0,0
3078,393,66425.34806629835
3079,8,106374.33333333333
3080,10,68684.0
3081,44,72190.39285714286
3082,8,49094.2
3083,0,0
3084,0,0
3085,0,0
3086,44,63244.181818181816
3087,58,76248.4375
3088,41,58032.04
3089,0,0
3090,13,82400.4
3091,0,0
3092,0,0
3093,0,0
3094,0,0
3095,0,0
3096,0,0
3097,0,0
3098,135,62819.88888888889
3099,0,0
3100,0,0
3101,206,65304.666666666664
3102,0,0
3103,0,0
3104,0,0
3105,117,68554.41538461538
3106,209,58486.40540540541
3107,0,0
3108,17,57834.625
3109,132,43924.39705882353
3111,0,0
3115,0,0
5849,0,0
5850,0,0
5851,0,0
5852,0,0
5853,0,0
5854,0,0
5855,0,0
5856,0,0
5857,0,0
5858,0,0
5859,0,0
5860,636,72228.35855263157
5861,0,0
5862,0,0
5863,0,0
5864,2,38221.0
5865,0,0
5866,456,83579.81081081081
5867,0,0
5868,335,66365.36781609195
5869,0,0
5870,0,0
5871,0,0
5872,0,0
5877,0,0
5878,0,0
5879,0,0
5882,997,69155.74741200828
6048,0,0
6049,0,0
6076,0,0
6077,390,58550.544444444444
6167,0,0
6169,0,0
6173,0,0
6174,0,0
6175,0,0
6176,0,0
6177,1,38231.0
6179,5,69215.5
6183,0,0
6186,0,0
6187,0,0
6189,1082,79056.63157894737
6190,6,83909.0
6191,0,0
6192,0,0
6193,0,0
6194,0,0
6195,0,0
6198,592,82716.42049469965
6199,0,0
6479,0,0
6482,0,0
6527,0,0
6528,0,0
6529,0,0
6611,466,113455.32222222222
6617,101,117863.51282051283
6618,251,109548.01149425287
6619,608,107287.96069868996
6620,245,105033.89690721649
6621,0,0
6637,88,99115.79411764706
6638,77,130567.24242424243
6639,92,122202.9
6642,25,196865.0
6643,0,0
6644,27,67614.85714285714
6645,210,105237.2643678161
6646,88,121919.4705882353
6647,165,114477.78378378379
6648,50,104817.86363636363
6649,89,107645.94285714286
6778,0,0
6779,0,0
6786,0,0
6787,0,0
6788,0,0
6789,0,0
6790,0,0
6801,0,0
6802,0,0
6803,0,0
7526,127,41727.97297297297
7527,310,45858.78888888889
7528,190,49203.0
7529,46,42576.857142857145
7530,32,35232.181818181816
7531,42,35135.25
7532,47,40958.86666666667
7533,27,50114.083333333336
7534,51,52199.692307692305
7535,32,57859.5
7536,43,33744.307692307695
7537,44,30001.090909090908
7538,59,54907.5
7539,41,50533.692307692305
7540,48,36455.642857142855
7541,108,41881.93103448276
7542,48,39724.61538461538
7543,3,154591.0
7544,36,54505.416666666664
7545,69,42145.27777777778
7546,14,31830.75
7547,65,47027.470588235294
7548,55,31754.625
7549,19,38750.666666666664
7550,164,49733.729166666664
7551,787,51215.922018348625
7552,156,53672.12195121951
7553,242,43715.115942028984
7554,34,76530.5
7555,24,40476.28571428572
7556,93,49067.53571428572
7557,60,32521.222222222223
7558,118,36542.0
7559,0,0
7560,864,37896.53305785124
7561,230,41212.692307692305
7562,4,53993.0
7563,613,41816.316091954024
7564,57,44355.5625
7565,53,37187.933333333334
7566,31,63899.416666666664
7567,0,0
7568,799,42457.45175438596
7569,0,0
7570,170,45588.32075471698
7571,177,34640.75925925926
7572,23,40415.0
7573,476,50347.421428571426
7574,285,50837.87209302326
7575,343,41130.11650485437
7576,503,45173.53333333333
7577,0,0
7578,43,57534.833333333336
7579,166,53723.875
7580,0,0
7581,51,62849.333333333336
7582,0,0
7583,0,0
7584,0,0
7585,46,40816.705882352944
7586,62,52043.22222222222
7587,34,62580.72727272727
7588,151,41664.90243902439
7589,41,34093.6875
7590,19,32808.0
7591,0,0
7592,116,40314.030303030304
7593,97,51146.24137931035
7594,0,0
7595,65,93008.22222222222
7596,39,25096.46153846154
7597,0,0
7598,5,21481.0
7599,48,43077.230769230766
7600,0,0
7601,301,47915.71428571428
7602,530,48412.44025157233
7603,61,45640.84210526316
7604,60,40619.47619047619
7605,621,50554.17679558011
7606,182,50581.75
7607,19,33582.5
7608,0,0
7609,69,45919.13043478261
7610,0,0
7611,0,0
7612,0,0
7613,222,45573.21875
7614,58,41486.57894736842
7615,162,50586.8
7616,0,0
7617,31,57821.375
7618,208,52970.882352941175
7619,15,40709.75
7620,156,55779.255319148935
7621,337,53207.070796460175
7622,138,42948.25
7623,109,64519.0
7624,321,51453.38947368421
7625,142,49151.9756097561
7626,21,47568.57142857143
7627,0,0
7628,126,59631.54761904762
7629,140,52529.91891891892
7630,162,56337.62
7631,87,48712.4
7632,0,0
7633,172,49063.03571428572
7634,265,48756.23170731707
7635,80,47846.0
7636,0,0
7637,0,0
7638,481,51311.08783783784
7639,0,0
7640,155,53288.25
7641,242,48894.92957746479
7642,38,47832.72727272727
7643,531,58441.85542168675
7644,46,41710.142857142855
7645,30,24627.916666666668
7646,87,58506.307692307695
7647,0,0
7648,0,0
7649,50,34340.57142857143
7650,278,44220.45348837209
7651,0,0
7652,70,65258.90909090909
7653,114,14000.0
7654,24,66206.0
7655,94,48964.375
7656,505,47694.38690476191
7657,154,55794.61538461538
7658,28,34918.46153846154
7659,179,48676.8813559322
7660,185,63667.983050847455
7661,22,81176.66666666667
7662,0,0
7663,9,65612.33333333333
7664,32,64193.77777777778
7665,40,40391.307692307695
7666,101,54552.0
7667,48,61884.375
7668,11,66092.5
7669,4,8931.0
7670,252,52149.015625
7671,74,47335.63636363636
7672,140,69638.81578947368
7673,130,60675.23684210526
7674,62,52715.25
7675,9,54053.5
7676,63,61862.35294117647
7677,7,132404.0
7678,8,19337.75
7679,0,0
7680,122,53463.769230769234
7681,198,52074.454545454544
7682,213,46252.19047619047
7683,5,22949.5
7684,76,50592.47619047619
7685,229,21537.27397260274
7686,6,54859.0
7687,25,56214.0
7688,61,72637.80952380953
7689,36,51632.57142857143
7690,22,67371.0
7691,0,0
7692,13,151638.4
7693,64,64099.933333333334
7694,144,39987.95
7695,102,70619.11111111111
7696,104,54769.92857142857
7697,96,63590.833333333336
7698,110,49124.7027027027
7699,19,65550.57142857143
7700,138,62456.64102564102
7701,93,72516.5925925926
7702,68,89067.76470588235
7703,133,51941.64444444444
7704,127,43254.57142857143
7705,184,54296.0
7706,144,45755.114285714284
7707,69,48679.0
7708,69,56437.71428571428
7709,100,60054.46428571428
7710,61,51991.63157894737
7711,50,40929.833333333336
7712,124,51098.3125
7713,61,40813.52631578947
7714,1080,50764.87364620939
7715,249,47604.296875
7716,382,51563.86
7717,143,51706.26190476191
7718,29,44690.42857142857
7719,21,76982.125
7720,175,47205.170731707316
7721,154,58927.256410256414
7722,93,51627.53846153846
7723,103,48056.555555555555
7724,217,52428.76271186441
7725,202,52286.98039215686
7726,78,58424.84
7727,13,26638.4
7728,146,49019.10526315789
7729,192,44236.97826086957
7730,127,67216.19444444444
7731,9,23981.5
7732,58,45872.57142857143
7733,193,46345.2
7734,161,45839.75
7735,145,57504.194444444445
7736,26,56241.42857142857
7737,28,37741.28571428572
7738,24,36039.333333333336
7739,337,45227.666666666664
7740,165,48562.066666666666
7741,202,51732.39655172414
7742,283,55971.066666666666
7743,148,48576.6
7744,606,46121.245398773004
7745,233,56293.32352941176
7746,467,53631.425
7747,72,52834.0
7748,488,72947.953125
7749,279,60563.01470588235
7750,165,60947.09090909091
7751,136,76220.31428571428
7752,353,68273.70967741935
7753,493,73548.98550724638
7754,255,67874.125
7755,351,63479.89898989899
7756,371,64334.484210526316
7757,981,69136.01195219124
7758,736,63768.0
7759,0,0
7760,35,42354.9
7761,224,75947.16393442624
7762,216,60946.862068965514
7763,179,82453.26086956522
7764,277,66025.34246575342
7765,0,0
7766,277,62178.432098765436
7767,605,73507.27950310559
7768,165,52679.47826086957
7769,44,60111.6
7770,421,49359.42753623189
7771,315,42338.78571428572
7772,175,51318.28301886792
7773,0,0
7774,17,22311.4
7775,30,41944.63636363636
7776,475,52913.80952380953
7777,205,51522.19047619047
7778,1666,50377.8948374761
7779,328,47222.839622641506
7780,0,0
7781,0,0
7782,142,58253.205128205125
7783,169,62882.60784313725
7784,253,76831.90909090909
7785,322,65683.03333333334
7786,45,67999.53846153847
7787,63,76421.22222222222
7788,105,70811.875
7789,126,59330.86111111111
7790,14,60182.75
7791,135,82619.25714285714
7792,27,65447.42857142857
7793,296,72960.30487804877
7794,65,72752.125
7795,0,0
7796,111,77086.58823529411
7797,216,63675.333333333336
7798,0,0
7799,141,85416.5294117647
7800,145,64885.75
7801,150,66395.38461538461
7802,112,56065.181818181816
7803,17,99010.6
7804,217,69176.29824561403
7805,147,65308.65853658537
7806,90,67618.06896551725
7807,37,64869.09090909091
7808,43,53723.846153846156
7809,90,50381.6
7810,126,59564.53658536585
7811,579,61601.52662721893
7812,82,53556.875
7813,101,47228.192307692305
7814,507,58391.59859154929
7815,67,49120.75
7816,103,57774.25
7817,69,51938.52173913043
7818,144,64562.181818181816
7819,48,46952.416666666664
7820,46,60918.25
7821,46,49207.307692307695
7822,52,66763.58333333333
7823,26,66054.22222222222
7824,33,41872.25
7825,54,45033.230769230766
7826,44,83903.15384615384
7827,54,58343.28571428572
7828,40,57452.61538461538
7829,0,0
7830,127,64724.76315789474
7831,163,49342.98
7832,0,0
7833,0,0
7834,157,70595.7027027027
7835,0,0
7836,93,58459.192307692305
7837,197,53369.71875
7838,96,68184.63333333333
7839,539,54022.19310344828
7840,0,0
7841,106,59598.275862068964
7842,0,0
7843,1,30570.0
7844,112,61258.71428571428
7845,69,67242.3125
7846,215,55769.91935483871
7847,182,54350.897959183676
7848,122,71573.5
7849,113,71932.53571428571
7850,113,58609.32258064516
7851,248,68160.89230769231
7852,0,0
7853,206,69410.48214285714
7854,266,53736.985714285714
7855,157,58374.88372093023
7856,56,62539.666666666664
7857,24,63655.125
7858,48,63134.38461538462
7859,9,67399.0
7860,0,0
7861,0,0
7862,0,0
7863,0,0
7864,49,62115.125
7865,140,59396.55
7866,110,55147.23529411765
7867,40,36488.375
7868,24,101350.85714285714
7869,46,69252.63636363637
7870,46,68944.2
7871,163,69227.21951219512
7872,32,81473.90909090909
7873,18,38341.0
7874,17,51287.333333333336
7875,0,0
7876,0,0
7877,207,58668.929824561405
7878,374,63048.93693693694
7879,27,67539.55555555556
7880,323,75231.85714285714
7881,97,57702.0
7882,35,86788.0
7883,14,115722.2
7884,19,77069.2
7885,175,46973.65306122449
7886,100,65583.84
7887,180,69008.38181818182
7888,142,66375.9
7889,57,63508.055555555555
7890,145,62959.10810810811
7891,0,0
7892,155,60676.025
7893,107,67691.56666666667
7894,55,65479.22222222222
7895,88,72300.04347826086
7896,88,80085.68181818182
7908,13,106697.5
7909,0,0
7941,0,0
7943,0,0
7944,0,0
7945,0,0
7946,0,0
7949,0,0
7952,0,0
7953,0,0
7954,0,0
8585,0,0
8588,67,145858.7142857143
8599,0,0
8600,62,139530.45454545456
8601,615,127846.2925531915
9017,139,62325.17647058824
9018,172,76708.2
9019,171,70275.22727272728
9021,16,60031.6
9022,479,75666.07382550335
9023,302,65961.6551724138
9029,105,51882.35135135135
9030,301,69138.20588235294
9031,45,85705.21428571429
9034,377,73825.25
9035,74,63412.25925925926
9036,20,85984.66666666667
9037,53,58989.63157894737
9038,32,55089.444444444445
9039,250,68505.08333333333
9040,203,80742.61111111111
9043,241,82054.61038961039
9046,469,54675.71034482759
9050,174,53897.265625
9051,151,65464.78048780488
9053,100,50595.148148148146
9062,0,0
9066,0,0
9138,108,51836.8717948718
9141,89,74491.28571428571
9146,261,62186.48235294117
9149,527,60703.19161676647
9152,626,60307.932291666664
9153,472,63213.48344370861
9188,0,0
9190,454,66689.8905109489
9191,378,71387.94736842105
9193,341,66883.05714285714
9194,196,72303.82456140351
9220,123,71651.73170731707
9221,132,65319.833333333336
9222,235,83522.68831168831
9223,211,70465.21212121213
9224,202,71373.0
9225,178,79750.83333333333
9226,289,68025.93548387097
9227,199,66133.16666666667
9228,187,78664.80327868853
9229,23,80299.0
9230,122,68625.58333333333
9231,3,7213.0
9232,378,71564.35433070867
9233,55,61216.333333333336
9234,265,75724.65882352942
9235,208,72582.69565217392
9236,66,56963.434782608696
9237,184,69017.83050847458
9238,133,67098.6888888889
9239,201,73516.01587301587
9240,135,81345.97777777778
9241,0,0
9242,126,78303.46341463414
9243,228,69511.9054054054
9244,25,63647.181818181816
9245,0,0
9246,0,0
9247,216,69823.52307692308
9248,2,81576.0
9249,166,71185.98507462686
9250,130,60610.275
9251,190,71318.04918032787
9252,178,61333.508771929824
9253,86,71331.96551724138
9254,196,84833.77611940299
9255,222,76356.81690140846
9256,318,78853.66
9257,67,78655.09090909091
9258,168,81748.44680851063
9259,33,70913.90909090909
9260,233,87775.30158730158
9261,154,80104.73913043478
9262,358,89865.7311827957
9263,0,0
9264,62,84791.0
9265,21,83213.0
9266,296,86694.29347826086
9267,149,70945.16279069768
9268,204,85160.0
9269,197,77970.72881355933
9270,199,67607.6724137931
9271,281,83217.64197530864
9272,118,91728.6129032258
9273,250,86804.52054794521
9274,111,94564.71428571429
9275,50,89024.0
9276,288,85222.55813953489
9277,158,70475.25581395348
9278,46,55815.0
9279,2,85968.0
9280,216,79073.2564102564
9281,185,68693.36363636363
9282,225,80389.81081081081
9283,109,71634.14285714286
9284,239,76236.0487804878
9285,350,65789.06666666667
9286,194,76242.25
9287,100,79327.23333333334
9288,121,68883.87878787878
9289,13,42480.666666666664
9290,0,0
9291,113,66980.21052631579
9292,19,84947.57142857143
9293,191,67821.61764705883
9294,108,71757.74285714286
9295,124,66868.95
9296,261,79557.22619047618
9297,346,78840.56310679612
9298,322,73786.91176470589
9299,65,101069.85
9300,228,73370.54285714286
9301,175,66862.71428571429
9302,235,76357.4268292683
9303,301,65328.98947368421
9304,387,64029.60833333333
9305,72,70226.25
9306,206,76363.34375
9307,217,63894.876923076925
9308,294,68765.46875
9309,202,66498.11475409837
9310,0,0
9311,102,69457.96551724138
9312,87,63541.32
9313,42,72509.91666666667
9314,70,64572.55
9315,273,57157.44155844156
9316,280,67090.29347826086
9317,163,63683.1914893617
9318,366,62907.47663551402
9319,139,70644.20930232559
9320,205,75877.75675675676
9321,135,64734.37837837838
9322,125,72756.75675675676
9323,205,72100.04615384615
9324,203,65384.22222222222
9325,165,69507.45454545454
9326,103,61162.27272727273
9327,231,80778.18181818182
9328,321,65802.74
9329,172,70980.83333333333
9330,88,59664.59259259259
9331,156,81423.21276595745
9332,151,73855.16981132075
9333,39,65528.666666666664
9334,78,62072.63636363636
9335,205,64969.4
9336,85,73616.17391304347
9337,168,73894.32727272727
9338,98,77908.93333333333
9339,147,72466.95918367348
9340,72,75874.04545454546
9341,300,63036.979166666664
9342,257,59503.14634146341
9343,215,68213.5
9344,275,63004.467391304344
9345,403,70877.95275590551
9346,69,84128.65
9347,286,65946.75789473685
9348,280,68748.98850574713
9349,158,64363.604166666664
9350,291,74656.35227272728
9351,256,73711.575
9352,156,56246.897959183676
9353,28,62596.9
9354,8,67267.25
9355,99,71514.71052631579
9356,30,49859.555555555555
9357,103,54514.6129032258
9358,348,54581.21238938053
9359,211,55459.379746835446
9360,285,57932.14893617021
9361,82,58670.666666666664
9362,42,56005.8
9363,178,56566.45161290323
9364,143,43740.875
9365,100,64875.07407407407
9366,139,64150.59523809524
9367,32,53059.46153846154
9368,129,60568.95744680851
9369,152,61762.1875
9370,101,59892.333333333336
9371,156,68661.41509433962
9372,446,60363.47222222222
9373,93,63111.818181818184
9374,49,59164.3
9375,210,52812.04054054054
9376,119,68953.0243902439
9377,161,70552.625
9378,159,47431.98039215686
9379,0,0
9380,1,169954.0
9381,355,38097.532258064515
9382,0,0
9383,203,42298.24
9384,0,0
9385,11,47022.0
9386,23,21619.375
9387,127,59704.29787234042
9388,406,45765.198675496686
9389,14,24890.0
9390,240,50474.336734693876
9391,285,47744.07526881721
9392,24,51794.583333333336
9393,31,50591.7
9394,2,48128.0
9395,31,44130.27272727273
9396,24,72681.55555555556
9397,0,0
9398,12,82562.0
9399,0,0
9400,31,38225.5
9401,99,42277.46153846154
9402,0,0
9403,530,48922.4793814433
9404,74,48087.25806451613
9405,6,21219.0
9406,0,0
9407,0,0
9408,92,41577.333333333336
9409,0,0
9410,0,0
9411,63,46777.333333333336
9412,32,22516.916666666668
9413,30,51453.53846153846
9414,8,88060.0
9415,22,43309.857142857145
9416,44,51593.31578947369
9417,13,37543.6
9418,0,0
9419,30,27522.222222222223
9420,115,53524.77777777778
9421,18,63781.857142857145
9422,53,43946.76470588235
9423,5,19299.5
9424,673,42142.50188679245
9425,217,44011.92105263158
9426,0,0
9427,67,46001.61538461538
9428,275,43911.16494845361
9429,166,51577.8
9430,0,0
9431,178,72294.38028169014
9432,0,0
9433,199,77324.60256410256
9434,47,58145.57894736842
9435,67,67792.64
9436,141,71373.33333333333
9437,16,52982.833333333336
9438,327,72233.109375
9439,330,58539.02380952381
9440,117,58831.53191489362
9441,176,66620.04615384615
9442,197,63322.39240506329
9443,104,76039.05128205128
9444,110,71339.27272727272
9445,250,68406.24742268042
9446,614,69498.62711864407
9447,50,54360.4
9448,16,71829.0
9449,2,60107.0
9450,94,60564.60975609756
9451,97,59767.68
9452,65,66473.33333333333
9453,57,81688.3
9454,94,78522.53125
9455,91,71763.8
9456,240,64690.1935483871
9457,41,42616.53333333333
9458,0,0
9459,18,36774.0
9460,196,74345.10869565218
9461,97,90529.0
9462,0,0
9463,0,0
9464,24,89058.28571428571
9465,0,0
9466,41,54442.65
9467,0,0
9468,51,37182.32
9469,229,61823.07777777778
9470,518,60002.96832579186
9471,131,78844.0172413793
9472,0,0
9473,157,73173.1506849315
9474,4,20527.333333333332
9475,19,46218.0
9476,43,52342.95
9477,124,49478.45283018868
9478,100,52893.70731707317
9479,174,62656.79746835443
9480,3,47569.0
9481,36,65921.05555555556
9482,0,0
9483,12,24626.714285714286
9484,259,66166.36697247706
9485,0,0
9486,370,67831.78666666667
9487,44,59018.95
9488,97,80122.28571428571
9489,52,75909.18181818182
9490,524,61245.878787878784
9491,137,61845.8275862069
9492,417,52399.36571428571
9493,0,0
9494,132,63344.62903225807
9495,183,55467.698795180724
9496,103,64958.681818181816
9497,99,64332.95
9498,365,58265.660377358494
9499,27,72500.33333333333
9500,138,93513.23076923077
9501,239,97415.29213483146
9502,139,102187.71666666666
9503,130,91412.98076923077
9504,149,88119.92857142857
9505,99,111862.875
9506,136,91606.26530612246
9507,106,88168.73809523809
9508,86,99071.53125
9509,47,94956.88888888889
9510,65,80285.91666666667
9511,92,102831.7
9512,135,103812.07547169812
9513,38,113467.66666666667
9514,91,92076.63157894737
9515,113,69673.63043478261
9516,44,95333.77777777778
9517,205,100167.16279069768
9518,158,90859.72131147541
9519,476,97948.2568306011
9520,15,52937.28571428572
9521,84,76352.4375
9522,160,115490.63333333333
9523,34,102993.0
9524,70,102133.30434782608
9525,0,0
9526,103,97474.56756756757
9527,55,80695.14285714286
9528,75,77427.4
9529,213,75414.44736842105
9530,21,87886.375
9531,182,96895.42028985507
9532,96,86238.97142857143
9533,181,101639.4776119403
9534,129,97766.12244897959
9535,156,83122.48214285714
9536,0,0
9537,72,82256.48484848485
9538,58,78181.07407407407
9539,177,102860.04225352113
9540,119,86305.14583333333
9541,185,91278.84848484848
9542,29,81418.25
9543,236,71707.20430107527
9544,272,85578.4953271028
9545,145,83985.05084745762
9546,140,71685.06896551725
9547,275,77386.27027027027
9548,334,74714.6875
9549,153,70863.09375
9550,115,69172.54
9551,107,56657.04878048781
9552,193,73455.96470588235
9553,66,76120.5625
9554,125,62506.03636363636
9555,95,68573.1052631579
9556,140,72883.30188679245
9557,128,66522.33333333333
9558,107,75744.71052631579
9559,85,85913.4
9560,107,75561.73913043478
9561,135,70502.73913043478
9562,23,98376.08333333333
9563,5,32091.5
9564,113,71022.94736842105
9565,61,86945.46153846153
9566,560,74766.60888888889
9567,0,0
9568,79,80724.45161290323
9569,0,0
9570,88,80608.66666666667
9571,240,71145.61538461539
9572,146,79343.16949152542
9573,17,62651.25
9574,18,97128.0
9575,0,0
9576,0,0
9577,84,65977.80555555556
9578,48,55577.458333333336
9579,265,69569.60185185185
9580,83,72344.6
9581,61,76380.6
9582,57,90657.25
9583,67,67896.80645161291
9584,96,75255.96875
9585,134,78985.66
9586,209,75271.30232558139
9587,260,81186.26732673268
9588,136,61518.357142857145
9589,124,76502.80434782608
9590,66,59287.32
9591,158,73494.703125
9592,136,69054.93220338984
9593,276,76750.35087719298
9594,2,137722.0
9595,0,0
9596,154,69211.50793650794
9597,48,74433.95454545454
9598,122,89953.53703703704
9599,110,79833.86363636363
9600,116,83635.4074074074
9601,101,85171.82926829268
9602,96,76141.44444444444
9603,107,79752.41304347826
9604,114,88871.52380952382
9605,188,68237.0
9606,30,90421.88888888889
9607,211,72105.65853658537
9619,0,0
9621,6,46391.25
9630,0,0
9631,0,0
9632,4,25281.0
9633,0,0
9634,2,67631.0
9635,0,0
9636,2,75386.0
9637,0,0
9638,0,0
9639,0,0
9640,0,0
9641,0,0
9642,7,44857.5
9643,2,21877.0
9674,162,59797.34246575343
9675,392,70099.36419753087
9681,3,4529.0
9683,808,64835.60779220779
9684,56,69315.34782608696
9685,0,0
9692,0,0
9694,61,61004.23333333333
9695,0,0
9697,24,51023.61538461538
9698,58,56780.125
9699,83,38348.142857142855
9700,57,62187.68
9701,329,61552.31333333333
9702,108,54599.68421052631
9703,18,56401.28571428572
9704,256,62151.74074074074
9705,236,54094.601769911504
9706,35,41211.53333333333
9707,0,0
9708,0,0
9709,2,13322.0
9710,118,54068.36734693877
9711,281,63135.650406504064
9712,290,63102.643939393936
9713,0,0
9714,289,57573.356643356645
9715,233,45910.26
9716,159,60000.873417721516
9717,51,63896.6
9718,113,58990.0
9719,0,0
9720,17,37192.5
9721,0,0
9722,64,49133.4
9723,65,48775.91176470588
9724,93,53037.333333333336
9725,0,0
9726,50,76392.80952380953
9727,314,80022.4695652174
9728,453,68868.8829787234
9729,107,65073.34210526316
9730,66,70253.5
9731,22,83007.9
9732,4,61002.333333333336
9733,92,70847.53846153847
9734,178,79735.24615384615
9735,77,82513.1875
9736,316,78664.07692307692
9737,240,69708.3870967742
9738,427,78625.73372781066
9739,68,74115.83870967742
9740,42,69930.73333333334
9741,41,114399.81818181818
9742,506,67074.30434782608
9743,0,0
9744,226,73475.45098039215
9745,0,0
9746,0,0
9747,75,72352.54285714286
9748,129,63080.74074074074
9749,219,70761.59183673469
9750,157,80029.32307692307
9751,188,61484.17105263158
9752,33,53402.357142857145
9753,105,84182.64102564103
9754,61,60722.42307692308
9755,10,133807.66666666666
9756,104,58000.239130434784
9757,9,79629.0
9758,45,73351.95
9759,62,62683.066666666666
9760,134,71355.03389830509
9761,28,76892.46153846153
9762,95,77225.45238095238
9763,0,0
9764,0,0
9765,40,69692.53333333334
9766,197,66523.47252747252
9767,110,66876.98214285714
9768,24,87246.3
9769,18,78244.0
9770,83,61368.970588235294
9771,33,82212.4705882353
9772,29,70968.90909090909
9773,183,58874.02739726027
9774,90,64498.78378378379
9775,88,62347.69047619047
9776,98,86270.47619047618
9777,90,55648.73809523809
9778,46,79330.27272727272
9779,318,62886.558139534885
9780,45,50004.10526315789
9781,245,60109.01680672269
9782,20,112295.58333333333
9783,189,65801.21951219512
9784,75,64669.90909090909
9785,37,76988.75
9786,110,57985.36363636364
9787,132,65830.453125
9788,125,57596.24074074074
9789,110,70050.69767441861
9790,96,82313.17073170732
9791,9,53012.0
9792,0,0
9793,0,0
9794,8,75909.0
9795,7,38776.71428571428
9796,0,0
9797,15,84071.83333333333
9798,3,29873.0
9799,0,0
9800,0,0
9801,4,25101.5
9802,72,63061.730769230766
9803,393,72058.63043478261
9804,259,69624.68292682926
9830,0,0
9833,0,0
9834,0,0
9835,0,0
9836,0,0
9917,373,107019.81690140846
9918,8,45589.0
9922,6,81938.0
9924,17,212855.66666666666
9926,43,95058.75
9927,61,99890.75
9928,54,95849.59090909091
9929,179,110307.73076923077
9934,24,100254.44444444444
9936,13,120232.75
9937,65,86240.53571428571
22749,0,0
22750,0,0
22751,0,0
22752,0,0
22753,33,44145.833333333336
22754,26,59777.2
22755,0,0
22756,0,0
22757,28,35432.0
22758,0,0
22759,11,66252.0
22761,27,54781.2
22762,44,56086.166666666664
22763,22,80019.14285714286
22764,0,0
22765,0,0
22766,33,37093.2
22767,32,52809.0
22768,0,0
22769,0,0
22770,68,25707.1875
22771,0,0
22772,190,52442.09433962264
22773,40,57808.166666666664
22774,0,0
22775,16,24664.333333333332
22776,0,0
22777,21,48285.5
22778,24,52682.666666666664
22779,0,0
22780,0,0
22781,0,0
22782,4,18530.666666666668
22783,0,0
22784,37,42395.92307692308
22785,0,0
22786,0,0
22787,0,0
22788,26,39073.166666666664
22789,0,0
22790,25,40080.125
22791,49,49500.63636363636
22792,0,0
22793,22,48171.42857142857
22794,0,0
22795,0,0
22796,0,0
22797,0,0
22798,2,51464.0
22799,0,0
22800,0,0
22801,0,0
22802,0,0
22803,0,0
22804,0,0
22805,0,0
22806,0,0
22807,0,0
22808,0,0
22809,0,0
22810,0,0
22811,0,0
22812,0,0
22813,0,0
22814,0,0
22815,0,0
22816,0,0
22817,0,0
22818,0,0
22819,0,0
22820,0,0
22821,0,0
22822,0,0
22824,0,0
22825,0,0
22826,0,0
22827,0,0
22828,0,0
22829,0,0
22831,0,0
22839,45,31397.3
22840,4746,14000.0
22841,0,0
22844,38,47619.63636363636
22845,8,38745.0
22846,0,0
22847,0,0
22848,0,0
22849,0,0
22850,0,0
22851,0,0
22852,31,67050.41666666667
22853,40,49961.0
22854,0,0
22855,0,0
22856,0,0
22857,0,0
22858,28,45532.22222222222
22859,26,57691.333333333336
22860,10,48055.333333333336
22861,31,57442.77777777778
22862,29,70549.625
22863,21,24848.4
22864,78,64583.84210526316
22865,35,53906.11111111111
22866,28,29602.428571428572
22867,41,44978.307692307695
22868,0,0
22869,37,69822.76923076923
22870,51,42939.166666666664
22871,18,72082.8
22872,97,54789.53571428572
22873,31,47202.22222222222
22874,0,0
22875,29,39403.0
22876,38,50098.416666666664
22877,0,0
22878,0,0
22879,18,46035.4
22880,27,31167.666666666668
22881,0,0
22882,244,60545.09090909091
22883,102,46445.0
22884,277,53857.02564102564
22885,0,0
22886,204,51157.84745762712
22887,227,57986.39344262295
22888,368,57576.81553398058
22889,117,54039.6
22890,134,60016.485714285714
22891,264,49430.96153846154
22892,87,53521.67857142857
22893,137,48593.1
22894,234,49498.91891891892
22895,62,67755.13333333333
22896,151,55968.25581395349
22897,606,55602.26506024096
22898,353,55866.380952380954
22899,508,52349.23776223776
