stop_id,stop_lat,stop_lon,string_id,walk_node
60726,32.68233703,-117.042947,60726,3371
12049,32.71857729,-117.1556907,12049,15160
11656,32.7159774,-117.155664,11656,15598
11654,32.71692554,-117.155677,11654,15447
12048,32.71348748,-117.1556319,12048,15934
12050,32.71023346,-117.1556017,12050,16408
11657,32.71176685,-117.1556402,11657,16236
99005,32.70750534,-117.1550698,99005,289
99367,32.71769488,-117.154586,99367,15301
12782,32.71635101,-117.1545657,12782,15451
99343,32.7165295,-117.154587,99343,15451
12781,32.7139981,-117.1545903,12781,15936
99010,32.70833408,-117.1544996,99010,145
12441,32.71139567,-117.1545343,12441,16240
75102,32.70587009,-117.1532179,75102,535
75103,32.70578492,-117.1533259,75103,535
75100,32.70523403,-117.1538999,75100,516
70009,32.7060948,-117.1528967,70009,486
88899,32.70555096,-117.1522829,88899,565
91101,32.70605117,-117.1532246,91101,446
91102,32.70560244,-117.152947,91102,535
88984,32.71373903,-117.1519106,88984,15939
99288,32.66808777,-117.1008249,99288,4400
99281,32.66787097,-117.1007773,99281,4400
50140,32.6659013,-117.1077704,50140,4514
99282,32.66620281,-117.1074939,99282,4514
99286,32.66964963,-117.0951273,99286,4283
99315,32.66937711,-117.0955894,99315,4283
99285,32.67077924,-117.0911119,99285,4204
99316,32.67070397,-117.0908642,99316,4204
50008,32.67125056,-117.0889002,50008,4161
50065,32.67136504,-117.089041,50065,4166
59003,32.6671752,-117.1032206,59003,4436
99308,32.66712191,-117.104169,99308,4448
50011,32.67279173,-117.0833353,50011,4063
50082,32.6726873,-117.0841467,50082,4063
50040,32.67183694,-117.0867383,50040,4135
50068,32.67196519,-117.086876,50068,4135
50012,32.67364475,-117.0803374,50012,4010
50083,32.67360803,-117.0808927,50083,4010
12411,32.71964764,-117.1637294,12411,14982
12751,32.71553186,-117.1637498,12751,15584
99118,32.715926,-117.1637493,99118,15584
11637,32.74341279,-117.163901,11637,11422
12759,32.7434827,-117.1637391,12759,11422
60546,32.71686628,-117.1637103,60546,15434
12753,32.72431993,-117.163755,12753,14442
12415,32.72595816,-117.1637395,12415,14193
12756,32.72844805,-117.1637751,12756,13901
11636,32.72943597,-117.1639837,11636,13761
12014,32.73113997,-117.1639948,12014,13448
12757,32.73158666,-117.1638011,12757,13448
12016,32.73322041,-117.1640197,12016,13126
12417,32.73332364,-117.1638126,12417,13126
12416,32.73649246,-117.1638422,12416,12582
12015,32.73759311,-117.1640455,12015,12431
12018,32.74677674,-117.1639326,12018,10662
12418,32.74715709,-117.1637902,12418,10662
12412,32.73856748,-117.1638572,12412,12292
12013,32.73955812,-117.1640692,12013,12141
12414,32.74066723,-117.1638725,12414,11948
12017,32.74119891,-117.1640797,12017,11807
12758,32.74194644,-117.1637167,12758,11808
50029,32.66274886,-117.0986256,50029,4710
50078,32.66315798,-117.0978855,50078,4693
50027,32.66209762,-117.1009945,50027,4751
50053,32.66220853,-117.1012523,50053,4751
75014,32.66196491,-117.1080061,75014,4747
75015,32.66170409,-117.1080052,75015,4747
91136,32.66195902,-117.1079043,91136,4747
91138,32.66162193,-117.1077646,91138,4799
91139,32.66157522,-117.1073677,91139,4799
75074,32.70527695,-117.138731,75074,599
75075,32.70528997,-117.1411539,75075,637
11684,32.71611353,-117.1403651,11684,15536
11682,32.70648888,-117.1402776,11682,453
12464,32.70610834,-117.1400689,12464,453
12466,32.71043145,-117.1401093,12466,16415
12076,32.70923456,-117.1402891,12076,8
12465,32.70832625,-117.1400881,12465,153
60220,32.69647225,-117.1381384,60220,1842
11639,32.72013133,-117.1629931,11639,14983
11640,32.7210545,-117.1630384,11640,14859
12020,32.72383894,-117.163012,12020,14443
11641,32.72525162,-117.1630201,11641,14316
13532,32.71882529,-117.1293964,13532,15179
13533,32.7187603,-117.1296461,13533,15179
12089,32.76258874,-117.1303147,12089,7362
11694,32.71710835,-117.1296589,11694,15475
12099,32.72322478,-117.130289,12099,14565
12091,32.74399356,-117.130142,12091,11230
12478,32.74410477,-117.1299642,12478,11230
11692,32.75555853,-117.1302477,11692,8916
12476,32.75494144,-117.1300627,12476,9070
12818,32.72465551,-117.1300789,12818,14413
11696,32.72563542,-117.130261,11696,14290
12474,32.72641717,-117.1300965,12474,14155
50037,32.659281,-117.0904954,50037,4892
50062,32.65937404,-117.0909577,50062,4901
12084,32.75422334,-117.1302435,12084,9199
12475,32.75394371,-117.1300657,12475,9199
12096,32.72985318,-117.1296593,12096,13723
12828,32.72989275,-117.1295069,12828,13723
50197,32.66042553,-117.0870947,50197,4863
99491,32.66028741,-117.0867912,99491,4863
12086,32.75896658,-117.1302623,12086,8143
12822,32.7594159,-117.1300781,12822,8143
12093,32.7471599,-117.1301346,12093,10630
12479,32.74722434,-117.1299628,12479,10630
12082,32.75199656,-117.1302349,12082,9602
12819,32.7524596,-117.1300541,12819,9602
11697,32.73753465,-117.1293587,11697,12482
12830,32.7376566,-117.1292169,12830,12482
11693,32.74863258,-117.1302078,11693,10390
12824,32.74879854,-117.1300599,12824,10390
75072,32.70576993,-117.124753,75072,530
75073,32.70577705,-117.1245239,75073,532
10563,32.70530322,-117.1168921,10563,9715
12508,32.70469927,-117.1081447,12508,719
99481,32.74954555,-117.1094792,99481,10179
60622,32.74424673,-117.1070664,60622,11314
60621,32.74575307,-117.107042,60621,10921
12512,32.69048329,-117.1023054,12512,2603
12860,32.68921909,-117.1022899,12860,5189
99148,32.68911845,-117.1025359,99148,2741
12513,32.69204751,-117.1022587,12513,2483
13432,32.69139698,-117.102532,13432,2511
12131,32.69404973,-117.1024666,12131,2214
12514,32.69384496,-117.1022696,12514,2214
11724,32.696003,-117.1025993,11724,4570
12530,32.72002491,-117.0934026,12530,15016
12529,32.71669902,-117.0934326,12529,15526
12151,32.71406692,-117.0936935,12151,15877
12154,32.72088083,-117.0936384,12154,14936
12531,32.72122317,-117.0934141,12531,14847
12527,32.7120654,-117.0933818,12527,16196
11738,32.71025999,-117.0937318,11738,16516
12528,32.71490964,-117.093448,12528,15792
12152,32.71785727,-117.093668,12152,15381
12150,32.70337456,-117.093796,12150,814
88890,32.70373879,-117.0935066,88890,814
12878,32.6973678,-117.0935825,12878,1835
12149,32.70020269,-117.0938111,12149,1327
12880,32.7007264,-117.0935918,12880,1327
11737,32.69828973,-117.0938123,11737,1570
12879,32.69885748,-117.0935837,12879,1570
88891,32.70832954,-117.0937979,88891,135
75070,32.70843908,-117.0948191,75070,87
75071,32.70844807,-117.0950721,75071,87
12035,32.71954557,-117.1611792,12035,14986
12036,32.71725334,-117.161175,12036,15437
12028,32.74314665,-117.1616087,12028,11426
12032,32.72173583,-117.1612214,12032,14743
11642,32.72320918,-117.1612008,11642,14590
11643,32.7252924,-117.1612224,11643,14320
12034,32.71236153,-117.1611017,12034,16097
12039,32.72697159,-117.161243,12039,14053
12042,32.72906042,-117.1612483,12042,13765
11644,32.73153127,-117.1612576,11644,13454
12040,32.73326267,-117.1612788,12040,13135
12037,32.73678491,-117.161352,12037,12586
12025,32.74661233,-117.1616348,12025,10666
11645,32.73884183,-117.1613235,11645,12290
12027,32.74775835,-117.1616499,12027,10372
12041,32.74061451,-117.1613386,12041,11949
50013,32.68735067,-117.0792346,50013,2875
50042,32.68633414,-117.0828425,50042,2979
59018,32.68621318,-117.0840666,59018,2979
50030,32.68186008,-117.0988908,50030,3363
50032,32.68245177,-117.0967807,50032,3311
99305,32.68258034,-117.0968697,99305,3311
99304,32.6830339,-117.0952588,99304,3269
50006,32.6839792,-117.0912671,50006,3155
99303,32.68417427,-117.0912787,99303,3155
50041,32.68530337,-117.0865086,50041,3051
99302,32.6853627,-117.0870812,99302,3051
12551,32.75129674,-117.0792998,12551,5329
12909,32.73613764,-117.0794693,12909,12843
12187,32.75738899,-117.0794743,12187,8449
12914,32.75830609,-117.0791999,12914,8449
12172,32.72578842,-117.0833064,12172,14272
11760,32.73613024,-117.0797522,11760,12841
11759,32.73094605,-117.0798302,11759,13634
12907,32.73097532,-117.0795638,12907,13640
12183,32.74541297,-117.0795957,12183,11019
12910,32.74657735,-117.0793335,12910,10825
12550,32.74121722,-117.0794163,12550,12002
12179,32.73362074,-117.0797708,12179,13154
12908,32.73398522,-117.0795206,12908,13154
11756,32.7289662,-117.0803774,11756,13894
12545,32.7285975,-117.0804357,12545,13927
11761,32.73787296,-117.0797263,11761,12518
12549,32.73753409,-117.079437,12549,12520
12182,32.74213649,-117.0796364,12182,11809
12548,32.74288868,-117.0793605,12548,3978
12185,32.75434603,-117.0795302,12185,9124
12912,32.75521402,-117.0792001,12912,9124
12186,32.7482331,-117.0795702,12186,10492
12552,32.74807569,-117.0792728,12552,10492
12913,32.75010505,-117.0792509,12913,9673
99495,32.72491114,-117.083789,99495,14404
11767,32.70031391,-117.0732909,11767,1391
12923,32.70022125,-117.073173,12923,1391
12765,32.71803122,-117.1600516,12765,15294
12766,32.7212655,-117.16015,12766,14865
12426,32.71562882,-117.1600788,12426,15593
12429,32.74323347,-117.1602729,12429,11428
12434,32.71656915,-117.1600333,12434,15438
12427,32.72392918,-117.1600995,12427,14452
12425,32.71274025,-117.160062,12425,16093
12771,32.72745521,-117.1601424,12771,14054
12770,32.72954404,-117.1601477,12770,13766
12767,32.73152516,-117.1602235,12767,13455
12772,32.73375181,-117.1601749,12772,13138
12432,32.74505579,-117.1602657,12432,11057
12439,32.73682571,-117.1601804,12439,12580
12430,32.74847984,-117.1603466,12430,10326
12431,32.74804585,-117.1603096,12431,10326
12773,32.74087179,-117.1602943,12773,11950
99441,32.70453869,-117.1615507,99441,420
99236,32.71342667,-117.0579608,99236,16134
12966,32.76912778,-117.0469489,12966,6494
12232,32.77064913,-117.0471514,12232,6266
12573,32.77066995,-117.0469076,12573,6266
99098,32.77214037,-117.0417872,99098,6073
75032,32.772147,-117.0422951,75032,5999
75033,32.77229008,-117.0424841,75033,5999
10600,32.67653456,-117.1039092,10600,3801
13411,32.67683388,-117.1035513,13411,3787
11358,32.67737441,-117.1016977,11358,3751
10228,32.67756198,-117.1004061,10228,3731
99486,32.6781033,-117.0992284,99486,3683
10593,32.6759728,-117.1060453,10593,3836
75016,32.67501911,-117.1130951,75016,15096
75017,32.67473308,-117.1130819,75017,15096
70050,32.67446741,-117.1130273,70050,15096
70052,32.67489492,-117.113207,70052,15096
70053,32.67507851,-117.1132867,70053,15096
70054,32.67533901,-117.1133738,70054,15096
70055,32.67552812,-117.1134504,70055,15096
12438,32.71648316,-117.1564072,12438,15443
10160,32.76282743,-117.1303757,10160,7362
11297,32.76298262,-117.1305821,11297,7361
10554,32.76331293,-117.1247171,10554,7264
10937,32.76349122,-117.1247676,10937,7264
10188,32.76329493,-117.1229896,10188,7269
10939,32.76345102,-117.1226821,10939,7269
10564,32.76327039,-117.1202373,10564,7277
10198,32.76325179,-117.1174135,10198,7283
11327,32.76341841,-117.1175616,11327,7283
10581,32.76322081,-117.1108487,10581,7303
11342,32.76338323,-117.1112049,11342,7301
10140,32.76280518,-117.1377011,10140,7345
10900,32.76296473,-117.1369187,10900,7347
10224,32.76317276,-117.1043163,10224,7326
11354,32.76331745,-117.1044576,11354,7326
10169,32.76283621,-117.1283719,10169,7367
10577,32.76323842,-117.1138351,10577,7293
11335,32.76340212,-117.1143995,11335,7293
10507,32.76241147,-117.1435069,10507,7455
11266,32.76256161,-117.1440289,11266,7455
10947,32.76343392,-117.119263,10947,7278
10540,32.7628182,-117.1335895,10540,7355
10594,32.76319826,-117.1069807,10594,7318
10973,32.76334272,-117.1071546,10973,7318
10518,32.76280365,-117.139822,10518,7342
11271,32.76294882,-117.1402724,11271,7342
11291,32.76297665,-117.1329568,11291,7357
10549,32.76324203,-117.1265738,10549,7268
10933,32.76348527,-117.1263811,10933,7268
99087,32.71029635,-117.0637806,99087,16524
88933,32.68129156,-117.0607294,88933,3449
50092,32.6790786,-117.0684063,50092,3614
88934,32.68004863,-117.0653231,88934,3554
13410,32.76615486,-117.0221565,13410,6970
10326,32.7659153,-117.0195877,10326,6978
40383,32.76611671,-117.0176995,40383,6983
10324,32.76596372,-117.0215172,10324,6972
75064,32.77730903,-117.0567069,75064,5605
75065,32.77742199,-117.0569181,75065,5605
75084,32.71638588,-117.1688111,75084,15429
75085,32.7166269,-117.1688139,75085,15429
97004,32.72000249,-117.171816,97004,14967
59009,32.69368921,-117.0692895,59009,2234
40244,32.71787302,-117.1598874,40244,15294
75018,32.69812698,-117.146665,75018,1529
75019,32.69788609,-117.1464559,75019,15230
11763,32.72316573,-117.0789116,11763,14531
13109,32.72316717,-117.078697,13109,14531
12190,32.72389346,-117.0781868,12190,14531
12916,32.72400572,-117.07784,12916,14531
12195,32.72763262,-117.0755459,12195,14077
12555,32.72789201,-117.0753922,12555,14077
11764,32.72555551,-117.075845,11764,14389
12919,32.72551533,-117.0756886,12919,14389
10167,32.72122117,-117.1295114,10167,14825
11300,32.72137939,-117.1296788,11300,14825
10489,32.71569692,-117.1500495,10489,15604
10863,32.71584694,-117.1502071,10863,15604
10840,32.71585513,-117.1636705,10840,15584
13314,32.71564979,-117.1639331,13314,15584
10119,32.71572127,-117.1459499,10119,15616
10873,32.71587176,-117.1456654,10873,15616
10504,32.71573459,-117.143736,10504,15619
10878,32.71587945,-117.143848,10878,15619
10134,32.71575334,-117.1407646,10134,15622
13313,32.71577614,-117.1627938,13313,15587
10094,32.71561383,-117.1621074,10094,15591
10841,32.71579056,-117.1608803,10841,15592
10097,32.71566019,-117.160297,10097,15593
13312,32.71576782,-117.160051,13312,15593
99237,32.71596284,-117.0572265,99237,15572
99238,32.7158316,-117.0575407,99238,15676
10099,32.71566351,-117.1594745,10099,15594
13088,32.74266336,-117.0451193,13088,11736
40918,32.74238868,-117.0459461,40918,11736
13311,32.71578215,-117.157323,13311,15596
13315,32.71565037,-117.1566298,13315,15597
40130,32.74255179,-117.0337779,40130,11695
40364,32.74281513,-117.0347233,40364,11695
10836,32.71580373,-117.1672626,10836,15579
10090,32.71559826,-117.1649521,10090,15583
10724,32.74267388,-117.0270762,10724,11676
11463,32.74289609,-117.027579,11463,11676
10454,32.71562174,-117.1688181,10454,15577
10833,32.71585722,-117.1689376,10833,15577
99239,32.71583871,-117.053506,99239,15681
11458,32.74283905,-117.0313868,11458,11688
10701,32.7424446,-117.0423822,10701,11724
11441,32.74269114,-117.0433666,11441,11724
10828,32.71584424,-117.1717823,10828,15574
99026,32.71559841,-117.1704727,99026,15576
10109,32.71570092,-117.1540128,10109,15601
99342,32.71583248,-117.1540629,99342,15601
40981,32.74407958,-117.0216281,40981,11244
10086,32.7155689,-117.1666847,10086,15580
99258,32.74485626,-117.020051,99258,11221
99259,32.74507808,-117.0201798,99259,11221
10839,32.71582801,-117.1659175,10839,15582
40021,32.743241,-117.0234289,40021,11559
40380,32.74351409,-117.023272,40380,11549
10705,32.74268804,-117.0387061,10705,11701
10708,32.74249558,-117.0382849,10708,11703
10720,32.69910321,-117.030388,10720,1525
99233,32.71324653,-117.0623709,99233,16128
99235,32.7132456,-117.0583297,99235,16134
99234,32.71311932,-117.0608189,99234,16129
10138,32.71680461,-117.1382912,10138,15469
11280,32.71695476,-117.1384325,11280,15469
10532,32.71681943,-117.1358497,10532,15470
10904,32.71697047,-117.1358674,10904,15470
10148,32.71683051,-117.1343054,10148,15471
11288,32.71698302,-117.1341184,11288,15471
10166,32.71680897,-117.1304005,10166,15475
99260,32.778567,-117.1189016,99260,5511
99263,32.77077838,-117.1319842,99263,6198
99262,32.77382673,-117.12461,99262,5751
13009,32.77769352,-117.1180438,13009,5511
10210,32.77785771,-117.1154068,10210,5489
13079,32.77809237,-117.1050044,13079,5447
10615,32.77668827,-117.1005725,10615,5588
10556,32.77468311,-117.12361,10556,5751
13043,32.7779437,-117.107417,13043,5490
10194,32.77667102,-117.1203925,10194,5596
13158,32.77105959,-117.0717334,13158,6184
11808,32.71870598,-117.0259415,11808,15356
12975,32.71896011,-117.0257389,12975,15356
12246,32.71632811,-117.0255727,12246,15829
12584,32.71513046,-117.0250257,12584,15829
60327,32.70111876,-117.1443907,60327,1171
75090,32.71628902,-117.1541729,75090,15450
75091,32.71623012,-117.1542221,75091,15601
75086,32.71671,-117.1624709,75086,15435
75087,32.71677298,-117.162429,75087,15436
11781,32.75747581,-117.0664576,11781,8534
12937,32.75804089,-117.0662091,12937,8498
12205,32.77616075,-117.0680167,12205,5615
12562,32.77558868,-117.0676601,12562,1159
12209,32.76500628,-117.066934,12209,7068
12934,32.76554354,-117.0667373,12934,7068
12952,32.74571257,-117.058478,12952,11082
11791,32.74466111,-117.0549299,11791,5077
12962,32.74466098,-117.054107,12962,5077
99250,32.7439908,-117.0531936,99250,11435
99650,32.74433013,-117.0533375,99650,5522
12203,32.7684996,-117.0685962,12203,6559
10262,32.76195317,-117.0668634,10262,7623
12207,32.76064058,-117.0670985,12207,7903
12564,32.76063425,-117.0668089,12564,7903
99040,32.76227535,-117.0667721,99040,7522
12963,32.74160006,-117.0501635,12963,5515
12929,32.77223524,-117.0697729,12929,5997
12206,32.76658652,-117.0673716,12206,6817
12563,32.76661551,-117.0671441,12563,6817
12931,32.76877504,-117.0685077,12931,6530
99097,32.77291614,-117.0698833,99097,5187
11778,32.76212247,-117.0670309,11778,7623
10685,32.74546708,-117.0581928,10685,11082
12215,32.75247601,-117.0644207,12215,9688
12943,32.75324258,-117.0644603,12943,9550
12176,32.76135727,-117.0824132,12176,7668
12171,32.76401049,-117.0834988,12171,7153
12170,32.7663783,-117.0837066,12170,6809
12896,32.76694425,-117.0837412,12896,6809
11755,32.76000436,-117.0808781,11755,8040
12904,32.76011275,-117.0807002,12904,8040
60771,32.76928628,-117.0857283,60771,6462
75096,32.70898098,-117.1634631,75096,16538
75097,32.70881988,-117.16332,75097,16538
75080,32.72149387,-117.169898,75080,14733
75081,32.72136294,-117.169985,75081,14846
75109,32.71671555,-117.1660236,75109,15432
99344,32.6780342,-117.0571458,99344,3680
60810,32.67537274,-117.0639751,60810,3887
60811,32.67611831,-117.0613626,60811,3856
50116,32.66282914,-117.0973429,50116,4720
50117,32.66123108,-117.0967167,50117,4787
50149,32.66131996,-117.0965811,50149,4787
50118,32.65862696,-117.095704,50118,4910
50080,32.6584253,-117.0954519,50080,4949
50139,32.67145404,-117.1005194,50139,4181
50194,32.67124997,-117.1006182,50194,4181
50110,32.68020793,-117.1041072,50110,3492
50145,32.68034354,-117.103972,50145,3492
50147,32.67767625,-117.1029615,50147,3703
50095,32.67714062,-117.1029141,50095,3773
99289,32.67514905,-117.1019622,99289,3885
99290,32.67538897,-117.102244,99290,3885
12972,32.69602093,-117.0297139,12972,1973
99114,32.69295657,-117.0732352,99114,2397
50071,32.69095699,-117.0804159,50071,2596
50081,32.68952575,-117.0855963,50081,2698
59013,32.6893702,-117.0854323,59013,2698
50086,32.69144977,-117.0786621,50086,2541
50054,32.68536435,-117.1004943,50054,3049
59010,32.68507606,-117.100849,59010,3049
50067,32.68811141,-117.0906857,50067,2839
99311,32.68777031,-117.091131,99311,2839
99310,32.68712753,-117.093491,99310,2889
99313,32.6872719,-117.0936809,99313,2889
50026,32.68102893,-117.1018402,50026,3442
50077,32.68102533,-117.1023602,50077,3442
99306,32.68156334,-117.1004707,99306,3404
50034,32.6829447,-117.0950402,50034,3257
10543,32.75521009,-117.1297759,10543,8916
11296,32.75549333,-117.1305268,11296,8916
10189,32.75515457,-117.1224991,10189,8939
10942,32.75542033,-117.1218414,10942,8941
10190,32.75515393,-117.1175225,10190,8959
10196,32.75513002,-117.1181858,10196,8955
11329,32.75539432,-117.117733,11329,8955
11334,32.75540376,-117.1183446,11334,8952
10201,32.75511258,-117.1155825,10201,8965
11333,32.75538371,-117.1161131,11333,8964
10204,32.75509992,-117.1138594,10204,8970
10960,32.7553639,-117.1134489,10960,8970
11344,32.75534847,-117.1113313,11344,8975
10609,32.75501257,-117.1015147,10609,9022
10986,32.75528888,-117.1017028,10986,9021
10247,32.75669001,-117.0869294,10247,8682
10639,32.75724196,-117.0829403,10639,8580
11013,32.75740124,-117.0833679,11013,8625
10250,32.75787567,-117.0786266,10250,8437
10257,32.7576761,-117.0796949,10257,8449
11389,32.75786887,-117.080048,11389,8449
10655,32.75841879,-117.0746861,10655,8377
11399,32.75854263,-117.0750743,11399,8377
10659,32.75871553,-117.0726429,10659,8334
10665,32.75972655,-117.070229,10665,8070
11033,32.75990727,-117.0703315,11033,8070
10679,32.76373731,-117.0626446,10679,7285
11418,32.76349878,-117.0638069,11418,7300
11053,32.76873316,-117.0527067,11053,6570
10691,32.76855582,-117.0508118,10691,6556
10697,32.76862142,-117.0466223,10697,6548
11438,32.7688439,-117.0474962,11438,6548
10303,32.76872907,-117.0405659,10303,6535
11445,32.76894484,-117.0407793,11445,6535
10129,32.75513971,-117.1426363,10129,8903
11270,32.75544263,-117.1429353,11270,8903
11406,32.75915208,-117.0718858,11406,8239
11010,32.75707862,-117.085554,11010,8664
10139,32.7551642,-117.1377184,10139,8909
10682,32.76504358,-117.0604446,10682,7093
11044,32.76517643,-117.0607223,11044,7093
10620,32.75535434,-117.0967034,10620,8944
11369,32.75546769,-117.0972874,11369,8947
10673,32.76150228,-117.0664689,10673,7772
11412,32.76121435,-117.0676145,11412,7772
11355,32.75529902,-117.1042107,11355,9013
13531,32.75503113,-117.1036031,13531,9015
10260,32.75814842,-117.0768922,10260,8417
11025,32.75818964,-117.0777123,11025,8417
88979,32.7560106,-117.091855,88979,8797
88980,32.75619517,-117.0920347,88980,8806
10612,32.75500376,-117.1004022,10612,9030
11364,32.75521584,-117.099539,11364,9034
13484,32.7553764,-117.1089018,13484,8992
13485,32.75502129,-117.1085861,13485,8995
10548,32.75519125,-117.1274045,10548,8922
11303,32.75549745,-117.128019,11303,8922
10306,32.76863289,-117.0379853,10306,6567
11065,32.76890444,-117.0380723,11065,6567
10517,32.75514164,-117.1397056,10517,8907
11351,32.75531149,-117.1063771,11351,9005
13528,32.75503613,-117.1056588,13528,9006
10607,32.75587673,-117.0947526,10607,8867
10623,32.75572275,-117.0941607,10623,8867
10290,32.76813892,-117.0544808,10290,6588
10533,32.75516331,-117.1347813,10533,8911
13430,32.75547827,-117.1349373,13430,8911
10502,32.75512019,-117.1457098,10502,8897
10310,32.76819913,-117.0335897,10310,6626
11079,32.76839032,-117.0339525,11079,6626
10688,32.76703206,-117.0568877,10688,6743
11049,32.76720356,-117.0571398,11049,6785
10894,32.75545775,-117.1385573,10894,8908
13554,32.75517706,-117.1382227,13554,8908
99199,32.75545774,-117.1393217,99199,8762
10150,32.75517721,-117.1328396,10150,8914
11290,32.75547964,-117.1328263,11290,8914
11377,32.7567288,-117.0880975,11377,8702
13555,32.75653907,-117.0877054,13555,8702
75066,32.71013009,-117.063361,75066,24
75067,32.71008392,-117.06311,75067,16525
99108,32.71017768,-117.0634382,99108,16524
50102,32.67565802,-117.0796037,50102,3857
50180,32.67436349,-117.0789078,50180,9322
50127,32.68801827,-117.0845712,50127,2822
50176,32.68836239,-117.08449,50176,2822
50103,32.67256888,-117.078475,50103,4101
50181,32.67228251,-117.0781441,50181,4101
50132,32.66862684,-117.0769432,50132,4340
50158,32.66917847,-117.0769006,50158,4331
50128,32.68574069,-117.0836234,50128,2979
50156,32.68644105,-117.0836983,50156,2979
12169,32.7234569,-117.0850492,12169,14574
50129,32.68428506,-117.0830571,50129,3137
50177,32.6831217,-117.0823539,50177,3292
12165,32.70386508,-117.0851276,12165,825
60637,32.74541738,-117.0922092,60637,11061
50121,32.69005319,-117.0852308,50121,2698
50172,32.69000254,-117.0849995,50172,2698
91043,32.70724308,-117.0851141,91043,337
12168,32.72051059,-117.0850382,12168,15013
12894,32.72203533,-117.0847308,12894,14768
11750,32.71255296,-117.0851449,11750,16182
12543,32.71228537,-117.0848855,12543,16182
12167,32.71516435,-117.0850981,12167,15814
12544,32.71489119,-117.0848484,12544,15814
60635,32.74289769,-117.0922296,60635,11594
11749,32.69800489,-117.0851859,11749,1629
12541,32.6977263,-117.0849264,12541,1629
50123,32.69652605,-117.0852076,50123,1861
12892,32.70368007,-117.0848495,12892,825
12893,32.70848706,-117.0848691,12893,203
50188,32.6851551,-117.0831989,50188,3059
50101,32.6796293,-117.0801363,50101,3550
50178,32.68014896,-117.0801484,50178,3550
50133,32.66586573,-117.0759555,50133,5386
50159,32.66635608,-117.0757878,50159,4508
50179,32.67644799,-117.0795546,50179,3820
50099,32.69381058,-117.0852014,50099,2279
50173,32.69385058,-117.0849775,50173,5056
99002,32.66178978,-117.078403,99002,925
99003,32.66200559,-117.0785999,99003,6764
60634,32.74015762,-117.0922034,60634,12115
12164,32.6999673,-117.0851882,12164,1402
12542,32.69987819,-117.0849533,12542,1402
12166,32.70890865,-117.0851169,12166,202
88880,32.74754584,-117.0921258,88880,10604
50130,32.68144619,-117.0815844,50130,2978
70024,32.71000327,-117.0866325,70024,16501
75068,32.70958396,-117.0861291,75068,67
75069,32.70950703,-117.085761,75069,67
91031,32.70998947,-117.0862357,91031,16477
91032,32.71000728,-117.0860408,91032,16477
91033,32.70995988,-117.0861411,91033,16477
91035,32.70995836,-117.0863654,91035,16501
91037,32.70979656,-117.0863119,91037,16501
91038,32.709787,-117.0861005,91038,67
91039,32.70995421,-117.0857607,91039,67
91040,32.70995542,-117.0855819,91040,67
91041,32.71011824,-117.0862954,91041,16501
94017,32.71011464,-117.0860158,94017,16477
11735,32.72393024,-117.0938465,11735,14504
12524,32.72408246,-117.0936918,12524,14504
11727,32.7441731,-117.1010262,11727,11348
12517,32.74385848,-117.100815,12517,11348
12518,32.75481199,-117.1007094,12518,9025
60627,32.73884073,-117.1010657,60627,12315
99037,32.72862462,-117.0990616,99037,13871
99038,32.72853475,-117.0993404,99038,13871
12135,32.74601477,-117.1010017,12135,10948
99384,32.74619743,-117.1008181,99384,10948
60629,32.73162521,-117.1011684,60629,13494
99127,32.73172297,-117.1009417,99127,13494
12866,32.75738681,-117.1007863,12866,8635
12134,32.74238649,-117.1010382,12134,11735
12516,32.74194531,-117.1008453,12516,11735
60628,32.73531676,-117.1011228,60628,12908
99126,32.735412,-117.1008635,99126,12908
12136,32.75285625,-117.1009344,12136,9449
12865,32.75347606,-117.1007322,12865,9449
99355,32.73788684,-117.1010891,99355,12461
99125,32.73892212,-117.1008226,99125,12349
12139,32.72609785,-117.0979935,12139,14208
12868,32.72693365,-117.097956,12868,14184
12872,32.76738401,-117.0966603,12872,6741
12515,32.74015891,-117.1008281,12515,12109
60626,32.74044595,-117.101052,60626,12109
11729,32.74978593,-117.1009698,11729,10198
12864,32.7500346,-117.1007803,12864,10198
12863,32.74768727,-117.1007967,12863,10568
11225,32.76165904,-117.1692364,11225,12861
11623,32.76169329,-117.1694352,11623,12861
10692,32.74140218,-117.0488901,10692,5516
10637,32.72127357,-117.0843887,10637,14883
10642,32.72141025,-117.0824651,10642,14849
11384,32.72160189,-117.0829839,11384,14849
75088,32.71679,-117.1596779,75088,15439
75089,32.716724,-117.1597201,75089,15438
12009,32.75342291,-117.1650099,12009,9226
12012,32.71762489,-117.1648203,12012,15290
99039,32.71581374,-117.1648048,99039,15583
96010,32.71370605,-117.1647471,96010,15935
10487,32.71255487,-117.1516235,10487,16099
75098,32.706942,-117.1597629,75098,336
75099,32.7067651,-117.1595992,75099,389
11717,32.72488655,-117.1082112,11717,14393
11616,32.74746879,-117.1714008,11616,10537
12726,32.74716769,-117.1712351,12726,10537
11615,32.74535218,-117.171434,11615,11003
12725,32.7453701,-117.1712423,12725,11003
11992,32.74954076,-117.171455,11992,10027
10640,32.72565755,-117.0827426,10640,14297
10261,32.72760644,-117.0769926,10261,14074
11393,32.72759069,-117.0772916,11393,14074
10648,32.72598421,-117.0799493,10648,14267
11020,32.72609375,-117.0800089,11020,14267
99022,32.72434895,-117.1720435,99022,14374
94004,32.74130535,-117.0565903,94004,11851
94005,32.74156951,-117.056544,94005,11851
94006,32.74171274,-117.0564965,94006,11851
96025,32.67823103,-117.0722787,96025,3716
96027,32.67805142,-117.0724233,96027,3716
99321,32.68137214,-117.0739883,99321,3399
75104,32.6913259,-117.1328639,75104,15912
75105,32.69115188,-117.1326389,75105,15912
11613,32.75112549,-117.1723465,11613,9807
12720,32.7511074,-117.1721935,12720,9807
12019,32.72711415,-117.1631499,12019,14051
12520,32.67351097,-117.0967729,12520,4005
11730,32.6730955,-117.0968371,11730,4049
11733,32.66978147,-117.0955412,11733,4283
12873,32.66996683,-117.0953643,12873,4283
99483,32.66719762,-117.0943759,99483,4468
99484,32.66652214,-117.0942817,99484,4468
12147,32.66401674,-117.0932992,12147,4631
12877,32.66472556,-117.0933417,12877,4631
12884,32.66119222,-117.0919563,12884,4800
99485,32.66101784,-117.0921365,99485,4826
11742,32.65929354,-117.0914768,11742,4901
12532,32.65839644,-117.0908314,12532,4901
50115,32.68168939,-117.100247,50115,3393
99338,32.6819729,-117.1000684,99338,3393
12137,32.67753072,-117.0985599,12137,3683
99337,32.6786561,-117.0987787,99337,3611
50114,32.68520859,-117.1015588,50114,3070
99339,32.68534183,-117.1013684,99339,5215
12138,32.67471547,-117.0974766,12138,3944
12519,32.67527633,-117.0974528,12519,3944
50167,32.68708563,-117.1019832,50167,5217
50198,32.68647812,-117.1019969,50198,2950
12867,32.67679786,-117.0980166,12867,3824
60631,32.73084467,-117.0971709,60631,13585
60632,32.73230329,-117.0956891,60632,13400
60633,32.73598469,-117.0923066,60633,12776
10230,32.728334,-117.1001546,10230,13871
60630,32.72920988,-117.0990867,60630,13720
10592,32.72340767,-117.1070523,10592,14541
10219,32.72434645,-117.1052471,10219,14433
13067,32.75967796,-117.1765054,13067,8067
13096,32.75966337,-117.1784472,13096,8039
13066,32.75976294,-117.1812815,13066,7960
13095,32.75985922,-117.1841808,13095,7970
13098,32.76052029,-117.1722985,13098,7799
99379,32.7617366,-117.1673082,99379,12863
10818,32.76028753,-117.1864168,10818,7750
13032,32.75902725,-117.1753145,13032,8013
12998,32.75894122,-117.1779874,12998,8067
88998,32.75897863,-117.1801731,88998,8039
13030,32.75910297,-117.1827806,13030,8045
13033,32.7602566,-117.1693291,13033,7763
12999,32.75962964,-117.1715801,12999,7972
13034,32.76055868,-117.1667788,13034,7635
10433,32.75926063,-117.1884487,10433,8021
13510,32.76065348,-117.167336,13510,7791
88918,32.75551349,-117.1086728,88918,8995
88919,32.75487017,-117.1088952,88919,8992
88916,32.74998335,-117.1086547,88916,10183
88917,32.74941963,-117.1089312,88917,10182
60555,32.75495216,-117.1082504,60555,8996
60556,32.75544248,-117.1092798,60556,8989
13487,32.74990115,-117.1093298,13487,10179
13489,32.74947706,-117.1082621,13489,10183
10115,32.70621434,-117.1497024,10115,456
11258,32.70637054,-117.1497657,11258,456
10499,32.70621126,-117.1463507,10499,466
10871,32.70637498,-117.1465149,10871,466
10874,32.70637988,-117.1447042,10874,479
10123,32.70621679,-117.1440751,10123,482
10127,32.70622508,-117.1425505,10127,460
10882,32.70642783,-117.14226,10882,460
10515,32.70627168,-117.1395244,10515,454
10889,32.70643626,-117.139952,10889,453
10137,32.70630307,-117.1382212,10137,455
10896,32.70645596,-117.1379821,10896,455
10911,32.70647569,-117.1337042,10911,461
10164,32.70634271,-117.129623,10164,474
10926,32.70649292,-117.1293709,10926,474
10178,32.7063728,-117.1253939,10178,468
11311,32.70652477,-117.1256685,11311,468
10187,32.70666939,-117.1227149,10187,418
10938,32.70685778,-117.1221153,10938,418
10950,32.70496923,-117.1167035,10950,673
10203,32.7048041,-117.1147774,10203,694
10953,32.7049055,-117.1144273,10953,694
10207,32.70481068,-117.1126612,10207,697
10216,32.70475529,-117.1087824,10216,719
10232,32.70406208,-117.0981456,10232,795
10993,32.7042541,-117.0977996,10993,795
10624,32.70402567,-117.0926319,10624,811
10997,32.70428506,-117.0932846,10997,812
11375,32.70427542,-117.0898646,11375,740
99371,32.70402725,-117.0895795,99371,817
11007,32.70422876,-117.0866199,11007,831
10650,32.70707956,-117.0783865,10650,411
11022,32.70722411,-117.0785536,11022,411
10653,32.70763651,-117.076077,10653,349
10669,32.70928474,-117.0675457,10669,100
11410,32.70942057,-117.0682004,11410,100
10273,32.70967287,-117.0641325,10273,52
11416,32.70990852,-117.064242,11416,24
10276,32.7098784,-117.0625577,10276,25
11042,32.71012939,-117.0624234,11042,16525
10686,32.71045946,-117.057784,10686,16491
11047,32.71068424,-117.0578739,11047,16470
11429,32.71093941,-117.0558411,11429,5208
10291,32.71125466,-117.0513283,10291,16372
11054,32.71150275,-117.0512167,11054,16372
10292,32.71180223,-117.0495387,10292,16275
10636,32.70470029,-117.0843651,10636,731
11323,32.70613565,-117.1196765,11323,515
91103,32.70617683,-117.1200735,91103,515
10618,32.70401613,-117.1012237,10618,838
11367,32.70428945,-117.1018439,11367,793
10147,32.70632038,-117.1346649,10147,459
10664,32.70904984,-117.0702223,10664,185
11407,32.70915722,-117.0714327,11407,128
10598,32.70408184,-117.1052325,10598,786
10641,32.70578918,-117.0822591,10641,606
11015,32.70583391,-117.0825553,11015,606
10658,32.70868279,-117.0725108,10658,218
13306,32.70877566,-117.0730091,13306,218
13308,32.70812337,-117.0743781,13308,408
10286,32.71071811,-117.0556375,10286,16461
99791,32.71699254,-117.1681756,99791,15429
12406,32.72230279,-117.1681594,12406,14735
13021,32.71288508,-117.0362938,13021,16143
13118,32.71629082,-117.029308,13118,15509
13023,32.71615056,-117.029323,13023,15509
10714,32.71391959,-117.0348302,10714,16037
99378,32.71378194,-117.0352972,99378,16037
10319,32.71754502,-117.0261166,10319,15422
11466,32.71764546,-117.0263158,11466,15422
99252,32.71819304,-117.0249031,99252,15362
11810,32.71702215,-117.0205231,11810,15568
12976,32.71723173,-117.0204111,12976,15568
10730,32.71463441,-117.0168837,10730,15964
11473,32.71487357,-117.0168325,11473,15868
10312,32.71536671,-117.0320113,10312,15782
11452,32.712354,-117.0376837,11452,16270
11455,32.7152216,-117.0332227,11455,15810
10728,32.71843511,-117.0231202,10728,15364
11083,32.71870613,-117.0232917,11083,15364
11476,32.71487801,-117.0139468,11476,15900
88910,32.75415395,-117.1939879,88910,9146
88911,32.75518786,-117.1962603,88911,8828
12556,32.71411128,-117.0741253,12556,15974
11766,32.71385799,-117.0737783,11766,15997
12583,32.74182466,-117.0261939,12583,11883
13541,32.72217893,-117.1692896,13541,14734
11997,32.72490711,-117.1698058,11997,14303
11461,32.76700504,-117.027704,11461,6829
13161,32.76621252,-117.0274204,13161,6829
11080,32.76809885,-117.0294605,11080,6582
10336,32.77230406,-117.0060416,10336,6109
10331,32.76934368,-117.0110033,10331,6439
11477,32.76985667,-117.0102692,11477,6447
12979,32.76666393,-117.0158858,12979,6905
10735,32.77328346,-117.0054384,10735,5923
11480,32.77374355,-117.0048112,11480,5923
10333,32.77042545,-117.0085077,10333,6340
12240,32.76802897,-117.0296454,12240,6620
10733,32.768789,-117.0126999,10733,6571
11089,32.76908948,-117.0125561,11089,6526
10328,32.76780465,-117.0154272,10328,6693
13170,32.7652285,-117.0265562,13170,7143
99291,32.7678116,-117.0156355,99291,6693
40390,32.77218323,-117.0064732,40390,6109
75034,32.76513688,-117.020565,75034,7088
75035,32.76490512,-117.0205311,75035,7141
75038,32.74348189,-117.0306539,75038,11556
75039,32.7432961,-117.030783,75039,11556
10825,32.75185048,-117.180118,10825,9646
10080,32.7517283,-117.1751663,10080,9652
11217,32.75188861,-117.1743126,11217,9654
10826,32.75186373,-117.1757987,10826,9651
11213,32.75185651,-117.1778575,11213,9649
10076,32.75171067,-117.1786106,10076,9648
13116,32.71217625,-117.043973,13116,16439
10698,32.71197702,-117.0450343,10698,16286
11056,32.71210461,-117.0486831,11056,16288
10707,32.71204487,-117.0383182,10707,16280
10704,32.7120368,-117.0395795,10704,16279
13467,32.71219415,-117.041187,13467,16283
12861,32.69665502,-117.1021115,12861,4570
10613,32.69676187,-117.1001687,10613,1805
13440,32.69691554,-117.0978103,13440,1814
13441,32.69673716,-117.0981694,13441,1814
10622,32.6967161,-117.0956338,10622,1823
11370,32.69692169,-117.0961136,11370,1823
10235,32.69670801,-117.0932023,10235,14093
11371,32.69691835,-117.0941958,11371,1830
10629,32.69671922,-117.0891426,10629,1838
10501,32.7023953,-117.1457365,10501,963
11262,32.70289521,-117.1461577,11262,945
10876,32.70179362,-117.1445666,10876,1132
10122,32.70154139,-117.1444795,10122,1132
10510,32.70011607,-117.1424237,10510,1295
10987,32.69694532,-117.1010676,10987,1802
11382,32.69690655,-117.0866512,11382,1858
10884,32.70023502,-117.1423176,10884,1295
11000,32.69692223,-117.090812,11000,1832
10519,32.69784201,-117.1391436,10519,1599
11277,32.69824122,-117.1394304,11277,1599
10117,32.7038153,-117.1477599,10117,798
10868,32.70382011,-117.1474771,10868,798
99240,32.71655861,-117.0526932,99240,15567
12576,32.72610796,-117.0431783,12576,14351
11058,32.72040309,-117.0489859,11058,14992
12965,32.72085823,-117.0483072,12965,14931
11793,32.72385201,-117.0456519,11793,14648
12967,32.72356857,-117.0457046,12967,14648
11062,32.72601005,-117.043444,11062,14351
11279,32.69353152,-117.1384955,11279,2256
12077,32.69295277,-117.1379501,12077,2289
10143,32.6927249,-117.1360041,10143,2325
10902,32.69287499,-117.1357716,10902,2325
10913,32.69291155,-117.1333569,10913,2329
99414,32.69272299,-117.1332055,99414,2329
10165,32.69275093,-117.1292956,10165,2331
10927,32.69291853,-117.1293038,10927,2331
10551,32.69196601,-117.1248836,10551,2462
11308,32.69279601,-117.1256654,11308,2401
11664,32.70021545,-117.1484189,11664,1302
12794,32.70039682,-117.148424,12794,1302
10313,32.74249573,-117.0309154,10313,11688
11667,32.69870532,-117.146393,11667,1469
12451,32.69899914,-117.1463554,12451,1469
11679,32.69677991,-117.1434886,11679,1779
12462,32.69676303,-117.1431634,12462,1779
12110,32.6898144,-117.1217127,12110,2636
12488,32.69010767,-117.1218294,12488,2636
11681,32.69559943,-117.1417799,11681,1955
12463,32.69559067,-117.141471,12463,1955
12115,32.6875179,-117.1184203,12115,2835
12493,32.68780588,-117.1185077,12493,2835
12119,32.68522433,-117.1150891,12119,3017
12496,32.68546596,-117.115124,12496,3017
12497,32.68434218,-117.1135042,12497,3123
60226,32.68354261,-117.1126839,60226,5078
99113,32.68947723,-117.0723739,99113,2701
99112,32.68836342,-117.0757632,99112,2805
10105,32.71143588,-117.1557961,10105,16236
10856,32.71162453,-117.1551836,10856,16236
10488,32.71145095,-117.1514886,10488,16239
11256,32.71165737,-117.1522027,11256,16239
10116,32.71142899,-117.1496028,10116,16244
10866,32.71163834,-117.1491628,10866,16244
10118,32.7114408,-117.1468492,10118,16256
11263,32.71164973,-117.1460874,11263,16258
10503,32.71146383,-117.1436764,10503,16260
11264,32.7116496,-117.1442115,11264,16260
10133,32.71151504,-117.1403966,10133,16248
11275,32.7117102,-117.1407757,11275,16248
10524,32.71153076,-117.1378349,10524,16246
10897,32.71174396,-117.1379996,10897,16246
10530,32.711532,-117.135751,10530,16253
10903,32.71174644,-117.1357434,10903,16253
10537,32.71154497,-117.1335599,10537,16255
10914,32.71176488,-117.1335556,10914,16255
10158,32.71156459,-117.1304326,10158,16261
10923,32.71180612,-117.1304805,10923,16261
10171,32.71157701,-117.1275328,10171,16262
11304,32.71178505,-117.1276519,11304,16262
10179,32.71159492,-117.1254002,10179,16263
10935,32.71179677,-117.1256168,10935,16263
10184,32.71168209,-117.1224069,10184,16222
11317,32.71190442,-117.1228382,11317,16229
10571,32.7114349,-117.1161429,10571,16291
10951,32.71166973,-117.116363,10951,16291
10587,32.71141125,-117.1085189,10587,16302
10619,32.71135238,-117.097559,10619,16337
11368,32.71156054,-117.0976651,11368,16337
10625,32.7112162,-117.0929672,10625,16346
10998,32.71152498,-117.0932303,10998,16346
10474,32.71143589,-117.1587839,10474,16225
10846,32.7115798,-117.1590227,10846,16225
10848,32.71162721,-117.1570628,10848,16234
10225,32.71139783,-117.102927,10225,16326
10983,32.71158874,-117.1023469,10983,16327
10576,32.71141146,-117.1136068,10576,16294
10578,32.7113854,-117.1118315,10578,16300
11338,32.71161669,-117.1125587,11338,16300
10267,32.70999972,-117.0716258,10267,16533
11032,32.7101058,-117.0709668,11032,16534
10221,32.71138957,-117.1057065,10221,16314
10977,32.71161078,-117.1059103,10977,16314
10108,32.71146838,-117.1539889,10108,16241
10858,32.71164624,-117.154098,10858,16241
10963,32.71162651,-117.1095776,10963,16298
11029,32.7101172,-117.0721438,11029,16533
12968,32.73441076,-117.0428107,12968,13146
11797,32.74187281,-117.0429546,11797,11982
11796,32.73900515,-117.0429789,11796,12365
12575,32.73876201,-117.0427491,12575,12365
11798,32.72769544,-117.0429292,11798,14224
12969,32.72782595,-117.0427222,12969,14096
12235,32.73124286,-117.0430652,12235,13551
12574,32.73081815,-117.042863,12574,13631
12236,32.73312576,-117.0430366,12236,13271
11795,32.73620431,-117.0429992,11795,5437
75040,32.72355904,-117.039489,75040,14538
75041,32.7234619,-117.0396799,75041,14692
12238,32.70523908,-117.0314924,12238,648
12577,32.70549564,-117.0313419,12577,648
11803,32.69988446,-117.0298456,11803,1462
12241,32.69932886,-117.0281699,12241,1506
11801,32.70348892,-117.03096,11801,982
12971,32.70363319,-117.0307467,12971,982
11800,32.70733707,-117.032652,11800,404
12970,32.70769282,-117.0328958,12970,404
12239,32.70219559,-117.0307697,12239,1083
12578,32.70192845,-117.0304196,12578,1083
75078,32.73378586,-117.174923,75078,13031
75079,32.73351391,-117.174793,75079,13171
11712,32.72652426,-117.109453,11712,14219
50051,32.66137106,-117.1043115,50051,4804
10258,32.77105299,-117.0797038,10258,6192
11390,32.77133829,-117.0797846,11390,11668
10654,32.77059793,-117.0758379,10654,6252
11395,32.77086749,-117.0766277,11395,6252
10274,32.77041066,-117.0647296,10274,6324
11039,32.77053055,-117.0640541,11039,6324
13332,32.76951628,-117.0586314,13332,6474
11031,32.77085083,-117.0708888,11031,6256
10634,32.77032427,-117.085055,10634,6368
11009,32.77027772,-117.0858418,11009,6357
13331,32.76972438,-117.0608455,13331,6408
10284,32.76907119,-117.0573456,10284,6493
11050,32.76909711,-117.0563243,11050,6516
60623,32.74213021,-117.1066945,60623,11697
60624,32.74211419,-117.1042487,60624,11708
60625,32.74209173,-117.1011362,60625,11735
60061,32.70415242,-117.1501527,60061,768
60119,32.70412961,-117.1498891,60119,768
10895,32.69599317,-117.1378735,10895,1897
10529,32.69579803,-117.1355799,10529,1915
11284,32.69602611,-117.135969,11284,1898
10910,32.696018,-117.1336514,10910,1904
10154,32.69585228,-117.1322292,10154,1905
10544,32.6958986,-117.1292067,10544,1908
11299,32.69602485,-117.1296176,11299,1908
10552,32.69592164,-117.1248091,10552,1910
11309,32.6960555,-117.1256978,11309,1910
10555,32.69590077,-117.1227123,10555,1911
11316,32.6960748,-117.1233641,11316,1911
10195,32.69594054,-117.1190266,10195,1926
10946,32.69611025,-117.1187357,10946,1926
10197,32.6959479,-117.1171999,10197,1929
10948,32.69610345,-117.1165773,10948,1929
10205,32.69597766,-117.112565,10205,1927
11337,32.69612796,-117.11269,11337,1927
10214,32.69601305,-117.1082812,10214,1928
10967,32.69616073,-117.1079933,10967,1928
10220,32.69602495,-117.106175,10220,1925
10975,32.69619496,-117.1058354,10975,1925
60166,32.70201103,-117.1467988,60166,1080
60465,32.70187572,-117.1468852,60465,1080
60123,32.70055566,-117.1447231,60123,1242
10227,32.69641482,-117.1030616,10227,4570
50163,32.66753863,-117.1035264,50163,4446
50164,32.66486336,-117.1024769,50164,4608
50112,32.66438732,-117.1025568,50112,4608
50168,32.66236073,-117.1015007,50168,4755
12503,32.68089316,-117.108732,12503,3440
60068,32.65745665,-117.0996209,60068,4957
99420,32.65729597,-117.0998045,99420,4974
60073,32.65411266,-117.0982891,60073,5034
12505,32.67918831,-117.1080557,12505,3582
60507,32.6769819,-117.107173,60507,3798
50144,32.67048078,-117.1045752,50144,4195
50096,32.66216698,-117.101697,50096,4755
50052,32.67438509,-117.1061891,50052,3967
60279,32.68190634,-117.1100614,60279,3349
50108,32.67207337,-117.1055493,50108,4089
50142,32.67224514,-117.1053527,50142,4089
50109,32.67015077,-117.104959,50109,4195
50111,32.66681869,-117.1035031,50111,4448
99417,32.65469582,-117.0988571,99417,5027
11714,32.68025551,-117.1087323,11714,3514
11715,32.67858343,-117.1080856,11715,3652
60280,32.67539841,-117.1068294,60280,3853
12500,32.68217443,-117.1102427,12500,3329
10535,32.70109979,-117.133296,10535,1174
10912,32.70124801,-117.133707,10912,1174
10918,32.7012666,-117.1314935,10918,1175
10163,32.70111472,-117.1296683,10163,1176
10925,32.70127097,-117.1293416,10925,1176
10177,32.7011366,-117.1254362,10177,1178
11310,32.70128205,-117.1254669,11310,1178
10186,32.70115313,-117.1227155,10186,1185
11319,32.70131129,-117.1228926,11319,1185
10568,32.701176,-117.1183078,10568,1181
11324,32.70137042,-117.1191907,11324,1181
10570,32.70116904,-117.1165621,10570,1190
10949,32.70134169,-117.1166353,10949,1190
10206,32.70121027,-117.1126422,10206,1188
10956,32.70136606,-117.1123739,10956,1188
10582,32.70122242,-117.1101165,10582,1199
10962,32.70138098,-117.1102384,10962,1199
11346,32.70139344,-117.1084506,11346,1200
13460,32.70101215,-117.107553,13460,1259
11365,32.70058032,-117.0984599,11365,1313
13013,32.70042249,-117.0962285,13013,1320
91106,32.7005327,-117.0953876,91106,1323
10236,32.70040491,-117.0939821,10236,1327
10516,32.70516435,-117.1398611,10516,601
10890,32.70510407,-117.1394541,10890,600
10893,32.70444315,-117.1384885,10893,729
99345,32.70419077,-117.1384209,99345,729
10231,32.70045362,-117.0992974,10231,1309
10982,32.70060827,-117.1011842,10982,1308
10145,32.70214509,-117.1354747,10145,1044
10907,32.70210345,-117.1351492,10907,1044
10223,32.70048297,-117.1045962,10223,1303
11353,32.70060811,-117.1043861,11353,1303
10603,32.7004574,-117.1019369,10603,5061
10635,32.6974586,-117.084277,10635,1783
11011,32.6974148,-117.0846569,11011,1793
10255,32.69784545,-117.0815307,10255,1648
11386,32.69798242,-117.081597,11386,1648
10263,32.69935486,-117.0749105,10263,1481
11397,32.69945193,-117.0751909,11397,1481
10259,32.69880564,-117.0777106,10259,1538
11024,32.69897575,-117.0773449,11024,1538
10647,32.69865727,-117.0797473,10647,1580
11391,32.69856663,-117.0801463,11391,1591
88961,32.75310661,-117.0832603,88961,9514
88943,32.75308636,-117.080312,88943,9488
75106,32.68609889,-117.1247909,75106,5124
75107,32.68589302,-117.1246371,75107,2988
99025,32.71615347,-117.1708589,99025,15574
11994,32.7214335,-117.1712099,11994,14731
12691,32.74760274,-117.197981,12691,10113
11986,32.72412154,-117.1715794,11986,14374
11589,32.74735154,-117.1981214,11589,10113
12377,32.74108432,-117.1848729,12377,11839
90001,32.73284345,-117.176527,90001,13049
90004,32.73289508,-117.1763864,90004,13049
60718,32.6917105,-117.0363324,60718,2530
60723,32.69176714,-117.0373633,60723,2530
10722,32.69549801,-117.0289552,10722,2096
60721,32.69524194,-117.0298988,60721,2094
99317,32.70292823,-117.0125137,99317,1087
99318,32.70208459,-117.0129355,99318,1087
11470,32.69806973,-117.0234162,11470,1708
10318,32.69767706,-117.0251096,10318,1716
11465,32.69725583,-117.0265328,11465,1784
88928,32.68890048,-117.0626916,88928,2773
88931,32.6891758,-117.06287,88931,2773
60719,32.69327865,-117.0326377,60719,2375
60722,32.69318084,-117.033326,60722,2375
99279,32.68902206,-117.0672505,99279,2771
99276,32.68880525,-117.067203,99276,2771
88929,32.68806064,-117.0489671,88929,2837
88930,32.6884657,-117.048807,88930,2837
60717,32.68902171,-117.0458771,60717,2781
60739,32.68900689,-117.0468943,60739,5314
99319,32.69730961,-117.0192684,99319,1822
99320,32.69705953,-117.019263,99320,1943
75092,32.71105999,-117.153721,75092,16241
75093,32.71092006,-117.1538009,75093,16409
99006,32.70694025,-117.1552201,99006,7645
12053,32.71829933,-117.1538671,12053,15302
12786,32.71804817,-117.1536337,12786,15302
91107,32.71601546,-117.1538469,91107,15601
12062,32.74406003,-117.1476203,12062,11176
12795,32.74462248,-117.1473789,12795,11176
12800,32.75574122,-117.1461065,12800,8774
11671,32.75383378,-117.1466325,11671,9172
12454,32.75389407,-117.1461267,12454,9172
13552,32.75434063,-117.1463264,13552,9172
13553,32.75368869,-117.1464011,13553,9172
12064,32.72730061,-117.1486137,12064,14067
11673,32.76114592,-117.1463306,11673,7693
12802,32.76122159,-117.1461297,12802,7693
12065,32.75689395,-117.1463329,12065,8477
12801,32.75757446,-117.1461089,12801,8402
11672,32.75923852,-117.146321,11672,8096
12455,32.7588909,-117.1461222,12455,8096
12798,32.72781238,-117.1470289,12798,2093
11670,32.75256932,-117.1465003,11670,9557
12453,32.75205263,-117.1461177,12453,9667
12060,32.72538567,-117.1507695,12060,14259
12793,32.72586549,-117.1501761,12793,14259
13137,32.7205293,-117.1538152,13137,14914
13147,32.72083414,-117.1533989,13147,14914
11675,32.74858136,-117.1464825,11675,10336
12066,32.74806783,-117.146422,12066,10336
12456,32.74822644,-117.1461536,12456,10336
12804,32.74893332,-117.1460828,12804,10336
13550,32.74883567,-117.1462834,13550,10336
13551,32.74867016,-117.1463663,13551,10336
12797,32.74108301,-117.147294,12797,11864
12067,32.73206175,-117.1462494,12067,13465
12457,32.73201184,-117.1459302,12457,13465
11666,32.74041032,-117.1475766,11666,12055
12068,32.73481521,-117.1459457,12068,12859
12458,32.73505679,-117.1456067,12458,12859
60712,32.67539997,-117.0425012,60712,3876
60729,32.67542863,-117.0427452,60729,3876
60711,32.67206476,-117.0435566,60711,4143
60730,32.67180893,-117.044019,60730,4143
60710,32.67029148,-117.0474693,60710,4239
60731,32.67053298,-117.047101,60731,4239
60699,32.66589202,-117.0545261,60699,4551
60734,32.66602106,-117.0545468,60734,4551
60708,32.66808209,-117.0503771,60708,4430
60698,32.66615983,-117.057284,60698,4530
60735,32.66629791,-117.0571846,60735,4530
60732,32.66848738,-117.050605,60732,4386
60707,32.66638298,-117.0525745,60707,4511
60733,32.66699592,-117.0517255,60733,4511
11718,32.73167207,-117.1078936,11718,13482
11768,32.71033273,-117.072796,11768,16529
50186,32.67679346,-117.0861874,50186,3810
50010,32.67649838,-117.0863341,50010,3810
50190,32.68082161,-117.0773955,50190,3441
99494,32.6805598,-117.0775003,99494,3495
50025,32.67470236,-117.1037582,50025,3912
50001,32.67513921,-117.1021928,50001,3885
50076,32.67526347,-117.102506,50076,3896
50072,32.68025843,-117.0794019,50072,3550
50085,32.67950878,-117.0809321,50085,3615
59005,32.67955909,-117.0803996,59005,3550
50043,32.67805711,-117.0826311,50043,3708
50070,32.67813993,-117.0829828,50070,3708
50090,32.68159021,-117.0746695,50090,3399
88926,32.68166196,-117.073845,88926,3399
50003,32.67590279,-117.0994769,50003,3842
50031,32.67659275,-117.097069,50031,3824
50058,32.67684436,-117.0968504,50058,3724
50035,32.67700204,-117.0934949,50035,3757
50060,32.67736246,-117.0946455,50060,3757
88927,32.6845625,-117.070664,88927,3110
88932,32.68493102,-117.0709603,88932,3110
50063,32.67710858,-117.0923845,50063,3792
50009,32.67678355,-117.0896678,50009,3779
50066,32.67695575,-117.0902121,50066,3779
11361,32.7371642,-117.1026495,11361,12538
10981,32.73596158,-117.1040623,10981,12802
10980,32.73492812,-117.1052555,10980,12983
11350,32.7339694,-117.1063713,11350,13093
11765,32.71208389,-117.0739763,11765,16323
12922,32.71195266,-117.073871,12922,16323
11716,32.72983722,-117.1081229,11716,13705
11713,32.72858686,-117.109278,11713,13959
92201,32.67645882,-117.0655742,92201,3815
60809,32.67860336,-117.0675407,60809,3643
13184,32.73383106,-117.1695022,13184,13151
13099,32.73536904,-117.1692939,13099,12811
11619,32.73260234,-117.1698894,11619,13266
12004,32.74016599,-117.1691878,12004,11962
12739,32.74104659,-117.1690441,12739,11962
12404,32.73702832,-117.169773,12404,12485
11621,32.74225616,-117.1704877,11621,11563
12735,32.74249549,-117.170461,12735,11563
11998,32.7373374,-117.1699746,11998,12485
10638,32.71170849,-117.0840283,10638,16334
11012,32.71177093,-117.0841427,11012,16334
11027,32.71596119,-117.0753325,11027,15656
10651,32.71499733,-117.0776643,10651,15820
11023,32.71477386,-117.0786083,11023,15848
11019,32.71406522,-117.0805816,11019,15983
41049,32.71397208,-117.0805352,41049,15983
10264,32.71581815,-117.0753507,10264,15686
88920,32.68134592,-117.0558329,88920,3419
10321,32.71215697,-117.024967,10321,16290
11809,32.71228911,-117.0249324,11809,16290
13468,32.71145636,-117.029288,13468,16400
10712,32.70879821,-117.0349797,10712,194
11069,32.70870028,-117.0352519,11069,269
13486,32.71146072,-117.0285988,13486,16387
10719,32.71082301,-117.0316492,10719,16496
11076,32.71089623,-117.0318059,11076,16496
10715,32.70959957,-117.033007,10715,108
11071,32.70963065,-117.0333063,11071,108
10725,32.71185602,-117.0264956,10725,16322
11081,32.71195674,-117.0266493,11081,16352
75082,32.71732492,-117.1698609,75082,15284
75083,32.71732388,-117.169779,75083,15284
99589,32.71705839,-117.169298,99589,15284
75062,32.77327502,-117.0706382,75062,12661
75063,32.77316493,-117.070372,75063,12661
99017,32.7731391,-117.0706597,99017,12661
99094,32.77312869,-117.0701586,99094,375
99095,32.77290675,-117.0700556,99095,375
99096,32.7730452,-117.0715535,99096,15988
75094,32.71173999,-117.1684522,75094,16149
75095,32.71200095,-117.16862,75095,16149
11663,32.70231296,-117.1491197,11663,1014
12447,32.70204026,-117.1492014,12447,1014
10672,32.70132831,-117.0670623,10672,1213
10293,32.70251753,-117.0495845,10293,1067
11434,32.70275991,-117.0495054,11434,1067
12581,32.72793867,-117.0267316,12581,5157
10296,32.7027509,-117.0449478,10296,1016
12244,32.72325442,-117.026427,12244,14662
12974,32.72367052,-117.0262551,12974,14662
12243,32.72844278,-117.0269865,12243,13966
10713,32.70210462,-117.0347088,10713,1129
11070,32.70230789,-117.0347268,11070,1129
10280,32.70122966,-117.0590973,10280,1230
11423,32.70142743,-117.0595347,11423,1230
11051,32.70138283,-117.0554319,11051,1238
11806,32.73868654,-117.0265272,11806,12459
12582,32.73772,-117.0263788,12582,12550
11805,32.73150437,-117.0270232,11805,13522
99251,32.7315638,-117.0267506,99251,13522
10678,32.70124856,-117.062075,10678,1225
11417,32.70150201,-117.0632379,11417,1221
11411,32.70154744,-117.0680038,11411,1211
12242,32.73396302,-117.0272205,12242,13059
12579,32.73454167,-117.0269882,12579,13059
10268,32.70141969,-117.0710972,10268,1206
11408,32.70155531,-117.0705426,11408,1206
10690,32.70190927,-117.0522543,10690,1155
11432,32.70191569,-117.0529565,11432,1155
11807,32.72040339,-117.0261255,11807,14995
10307,32.70287961,-117.0373098,10307,1018
11067,32.70287609,-117.0365686,11067,1018
10299,32.70316505,-117.0429491,10299,971
11063,32.70355163,-117.0426697,11063,971
11437,32.7029955,-117.0445242,11437,1016
10287,32.70117147,-117.055391,10287,1238
40616,32.7556245,-117.014801,40616,5727
40715,32.75492429,-117.0133638,40715,9245
70031,32.75672793,-117.0172501,70031,8694
70032,32.75696737,-117.0171969,70032,8694
75036,32.75690711,-117.017385,75036,8694
75037,32.75675394,-117.017531,75037,8694
12737,32.73016513,-117.1690542,12737,13658
12003,32.73063279,-117.1694779,12003,13528
12731,32.73205576,-117.1698381,12731,13312
10652,32.74244872,-117.0769335,10652,11643
11026,32.74277747,-117.0770927,11026,11643
13081,32.74470583,-117.069265,13081,11504
13110,32.74434912,-117.0688025,13110,11496
11425,32.74529687,-117.059001,11425,11142
10675,32.74423887,-117.0644063,10675,11327
11415,32.74444106,-117.0641708,11415,11349
10278,32.74399002,-117.0612949,10278,11403
10266,32.7434085,-117.0712963,10266,11517
11405,32.74336167,-117.0719304,11405,11517
88901,32.75112298,-117.1873049,88901,9701
88902,32.75130447,-117.1830506,88902,9711
88903,32.75113659,-117.1830433,88903,9711
88900,32.75131701,-117.1875607,88900,9691
40617,32.72457823,-117.014303,40617,14486
40806,32.7246137,-117.0139889,40806,14486
99598,32.72142477,-117.0139677,99598,14948
10330,32.71422822,-117.0128,10330,15898
99492,32.66120536,-117.0843662,99492,5291
50047,32.66026069,-117.0748535,50047,4859
50089,32.66053742,-117.0749828,50089,4854
50049,32.65996043,-117.0733106,50049,4874
50073,32.66018614,-117.0732607,50073,4874
12588,32.7087649,-117.0113581,12588,222
50084,32.66172411,-117.08081,50084,4781
99358,32.71773906,-117.0136565,99358,15514
99359,32.71749282,-117.0139177,99359,15514
13160,32.71283095,-117.0125246,13160,16292
99493,32.66152956,-117.0811298,99493,4788
99256,32.73003297,-117.0144196,99256,13736
99257,32.73102138,-117.0145875,99257,13645
50091,32.6604741,-117.0704691,50091,4858
10064,32.75925323,-117.1905044,10064,8017
10816,32.75940833,-117.1899889,10816,7963
12689,32.75656106,-117.1985815,12689,8518
11590,32.7592311,-117.1966325,11590,8035
12692,32.75926361,-117.1963369,12692,7976
11584,32.75738275,-117.1982391,11584,8381
12813,32.76770057,-117.1391883,12813,6652
11687,32.76768472,-117.139481,11687,6652
12078,32.76048766,-117.1389204,12078,7711
12814,32.76082429,-117.1387383,12814,7711
11688,32.75740396,-117.1389022,11688,8492
12469,32.75712769,-117.1387173,12469,8492
10106,32.74831789,-117.155463,10106,10313
10161,32.7483355,-117.1302406,10161,10390
11298,32.74856439,-117.1305194,11298,10388
10560,32.74873617,-117.121811,10560,10301
13501,32.74986938,-117.1185763,13501,10141
11331,32.74983055,-117.1158894,11331,10156
11336,32.74978461,-117.1134235,11336,10168
10208,32.74964632,-117.1119748,10208,10174
60648,32.74978826,-117.1109354,60648,10177
10092,32.74819693,-117.1629261,10092,10375
10238,32.74947427,-117.0935219,10238,10223
10999,32.74965496,-117.0932244,10999,10223
11240,32.74830927,-117.1618572,11240,10372
10633,32.74914782,-117.0865683,10633,3758
10252,32.74899361,-117.0837698,10252,10299
11014,32.74917524,-117.0833291,11014,10299
11021,32.74862597,-117.0783673,11021,10425
96024,32.74850203,-117.0788149,96024,10425
10661,32.74909635,-117.0721465,10661,10341
11403,32.74889571,-117.0729708,11403,10341
13017,32.7512707,-117.0683809,13017,9844
10098,32.74820876,-117.1605812,10098,10326
11413,32.75214389,-117.0672636,11413,9699
11435,32.75531961,-117.0494587,11435,9094
10294,32.75506844,-117.0496223,10294,9101
11245,32.74845244,-117.1599625,11245,10327
10478,32.74826766,-117.1589296,10478,10321
10847,32.74847449,-117.1580894,10847,10321
13391,32.74830807,-117.1575477,13391,10318
10852,32.74849414,-117.1561641,10852,10320
10130,32.74837212,-117.1427401,10130,10343
10885,32.7485526,-117.1421077,10885,10344
10320,32.76577668,-117.0250484,10320,6916
10288,32.7552306,-117.0538522,10288,9037
11052,32.75551704,-117.054603,11052,9033
10899,32.7485497,-117.1371737,10899,10359
10527,32.74839507,-117.1365086,10527,10362
11315,32.74858117,-117.1242944,11315,10404
10683,32.75422342,-117.0595059,10683,9269
10621,32.74948383,-117.0961402,10621,10215
10994,32.74969076,-117.0964252,10994,10213
60665,32.74967023,-117.1144502,60665,10166
11398,32.74798687,-117.0748909,11398,10595
10676,32.75289159,-117.0639204,10676,9550
11040,32.75306553,-117.064218,11040,9550
88938,32.75214751,-117.0662602,88938,9699
99090,32.75257465,-117.0648835,99090,9550
10242,32.74945296,-117.090201,10242,10241
11005,32.74964711,-117.0899426,11005,10244
10611,32.74953033,-117.1001705,10611,10199
10989,32.74972052,-117.1004911,10989,10199
10547,32.74840445,-117.1278931,10547,10395
10494,32.74835185,-117.148939,10494,10329
10550,32.74842592,-117.1256458,10550,10400
10616,32.74952055,-117.0983978,10616,10207
10992,32.74970444,-117.0984354,10992,10207
13523,32.74954378,-117.108549,13523,10183
13524,32.74983218,-117.1089713,13524,10182
11301,32.74858196,-117.1280542,11301,10394
10934,32.74858146,-117.1261905,10934,10399
10317,32.76414544,-117.0270184,10317,7143
11464,32.76453041,-117.0269892,11464,7143
10696,32.75496373,-117.0471136,10696,9152
10136,32.74837408,-117.1401869,10136,10350
10892,32.74853858,-117.1398633,10892,10350
10308,32.75740049,-117.0374489,10308,8565
11068,32.75801356,-117.0369925,11068,8552
10314,32.76195824,-117.0304081,10314,7621
11459,32.76210235,-117.0306534,11459,7621
10599,32.7495688,-117.1053423,10599,10190
10978,32.74975167,-117.1055262,10978,10189
10700,32.75514962,-117.0425778,10700,9110
11440,32.75513697,-117.0436901,11440,9110
10865,32.74849758,-117.149308,10865,10328
10909,32.74854376,-117.1349392,10909,10366
13354,32.74834937,-117.1466362,13354,10336
13355,32.74851349,-117.1471225,13355,10335
10717,32.76043378,-117.0328603,10717,8025
11074,32.7606914,-117.0329764,11074,8025
10534,32.7483941,-117.1343458,10534,10369
10114,32.74836182,-117.1513394,10114,10308
10862,32.74867435,-117.1510726,10862,10308
11427,32.75469324,-117.0586938,11427,9170
13018,32.75508584,-117.0516001,13018,9121
13085,32.75532384,-117.0517714,13085,9085
11017,32.74920485,-117.0813845,11017,10300
13194,32.74893744,-117.0810957,13194,10300
60664,32.74970748,-117.1189292,60664,10141
10523,32.74837803,-117.1384957,10523,10354
13112,32.75052552,-117.0705011,13112,10080
99093,32.75038806,-117.0700932,99093,10045
10151,32.74836023,-117.1329339,10151,10383
10915,32.74855937,-117.1323764,10915,10384
10970,32.74972552,-117.1037468,10970,10192
60666,32.74955002,-117.102893,60666,10194
10111,32.74834756,-117.1536647,10111,10307
11254,32.74862428,-117.1537847,11254,10307
10943,32.74941212,-117.1206696,10943,10257
10572,32.74968916,-117.1164539,10572,10156
11380,32.74963152,-117.0877893,11380,10251
11447,32.7559051,-117.0404898,11447,8925
13521,32.75566945,-117.0403771,13521,8925
10162,32.74102988,-117.1294814,10162,11920
10924,32.74117963,-117.1296813,10924,11917
11719,32.73262757,-117.1060558,11719,13311
10966,32.6757028,-117.1077196,10966,3861
11236,32.75002431,-117.1629776,11236,10023
10468,32.74980407,-117.1622825,10468,10024
11243,32.75004303,-117.1611889,11243,10013
10088,32.74977421,-117.166312,10088,10017
10838,32.75000797,-117.1659242,10838,10017
10456,32.74974837,-117.1683088,10456,10028
10834,32.74998364,-117.1684576,10834,10028
10452,32.74974541,-117.1701822,10452,10032
11221,32.74995457,-117.1716187,11221,10027
13353,32.74303266,-117.1812868,13353,11401
13356,32.74348402,-117.181207,13356,11401
13351,32.74062888,-117.1840387,13351,11906
99373,32.74153561,-117.1837134,99373,11805
75076,32.74172394,-117.1844679,75076,11627
75077,32.74154196,-117.18429,75077,11844
88879,32.74772807,-117.1093057,88879,10525
60716,32.68689167,-117.0450193,60716,2924
60715,32.68343775,-117.0431682,60715,3295
60713,32.67629776,-117.0400817,60713,3869
60728,32.67609513,-117.0403919,60728,3869
99322,32.70524493,-117.0553599,99322,716
99323,32.70493892,-117.0550808,99323,716
99326,32.69543582,-117.0498323,99326,2089
99327,32.69568693,-117.0496785,99327,2089
60725,32.68647931,-117.0450319,60725,2969
99117,32.68500204,-117.043959,99117,3072
60724,32.68855629,-117.0464449,60724,2781
99110,32.68877767,-117.0462129,99110,2781
99324,32.69668705,-117.0518459,99324,1872
99325,32.69697535,-117.0518908,99325,1872
99106,32.70171572,-117.054541,99106,1240
99107,32.70089511,-117.0547806,99107,1240
60714,32.6798116,-117.0403114,60714,3556
60727,32.67909435,-117.0402952,60727,3606
