from_node,to_node,distance,travel_time,source_edge_id
541,638,363.31174727,4.128533199583638,168496.0
542,550,667.8195805,22.76652486585258,33071.0
542,1051,19.70227234,0.6716668487117076,210705.0
545,408,19.88206885,0.5422370090067977,214126.0
546,638,339.62424737,4.631229211342701,168506.0
546,541,39.07591496,0.4440434789920932,168377.0
550,1052,216.69829123,7.387424956875098,210707.0
551,549,181.7727217,6.1967832470835305,168359.0
560,542,217.25809643,7.4065091816836786,33076.0
560,412,498.85900637,5.668839461387588,205116.0
567,578,1229.63649249,18.63081360405999,168346.0
567,1054,174.27087526,6.601154514800345,210709.0
575,567,116.50237672,4.41295878569973,168492.0
578,560,714.78310939,8.122516873711652,120064.0
579,546,347.87863002,3.953157265778942,168378.0
579,575,103.34914185,3.9147313244742623,168491.0
582,545,187.32325003,5.108804298990229,37281.0
602,579,944.76409442,10.735931218565414,168348.0
602,575,849.99752997,9.659040888202528,168473.0
609,592,107.6784138,2.097626670328996,13081.0
609,640,86.26353477,2.940795638078096,114496.0
636,609,81.41384281,1.5859803463433688,168387.0
638,681,105.35950955,1.1972644329217434,168497.0
638,579,350.40838063,13.273014554891164,168490.0
640,592,140.14573136,5.308538365443109,168484.0
657,638,69.14926131,2.619284248217617,168489.0
657,636,74.8512649,1.4581382100754967,168389.0
681,614,175.51983015,5.983616974165968,45091.0
681,657,75.68341459,1.474348881479815,13089.0
681,923,955.22916674,10.854852224654037,168525.0
685,636,122.91858381,1.3967989142070134,168485.0
685,657,86.44028741,3.274245869516963,168488.0
728,395,232.43780786,6.339198534366967,37278.0
728,421,54.62766499,2.069225031685534,214156.0
732,734,479.64405282,16.351464638262186,63715.0
732,403,259.08057566,7.0658178229594935,214110.0
732,1047,62.5114109,2.131065982804585,210693.0
734,405,28.55486263,0.9734590136158782,214115.0
734,402,754.69623886,28.58691377443839,214123.0
736,418,557.77049997,19.014860192476835,205162.0
736,738,256.07027942,4.9883707294171735,37288.0
737,681,329.78151388,6.424300604771353,13084.0
738,739,130.01538371,2.532761458853828,37287.0
738,673,259.12352267,17.667472755971012,114490.0
739,618,585.94618406,39.95078538866957,114489.0
739,702,50.67272922,0.9871288452266505,194889.0
740,741,168.02678358,3.2732415915937856,37285.0
740,669,390.60784445,26.63229250274432,114488.0
741,634,362.61910991,24.7239740302863,114491.0
741,742,202.022276,3.935489938821568,37293.0
742,684,224.26992667,15.29109661137134,114492.0
742,744,285.5192754,5.562051165468131,205163.0
744,748,157.7580862,3.073202486877465,37290.0
744,91,833.60468636,28.41827699346138,218020.0
745,666,343.32380719,11.704194099217958,46159.0
745,737,60.20948807,1.1729094395564683,13085.0
745,872,451.20860047,7.69103821019725,13674.0
748,806,418.15767363,8.145910193645664,37283.0
763,745,117.20181937,2.2831471364188456,13087.0
800,398,142.75559805,2.7809468884323967,214093.0
800,379,1226.09762599,13.932895902395678,214049.0
802,828,138.85414192,4.733653170788248,49412.0
802,420,154.99946874,4.227248630980384,214155.0
803,763,128.72382064,2.5076011964907874,13088.0
806,871,370.06176012,7.208978942969934,218069.0
806,771,238.63082866,16.270246794439103,114494.0
807,800,69.02913223,1.3447202989473723,45141.0
807,373,1426.59963112,16.211322600630453,214031.0
827,802,174.29089409,4.753377217506324,37274.0
827,834,83.02393631,2.8303550324885625,49411.0
833,828,456.75932498,15.571305234988102,215500.0
833,747,286.01089495,9.750349258865322,50250.0
834,736,1023.96569702,19.94733837332188,37284.0
834,846,824.10545139,28.094440173658697,49406.0
836,750,246.09957334,16.779478228913117,77695.0
836,833,189.02380803,6.443978810161796,49407.0
839,640,694.81172954,26.31856630401597,168483.0
840,836,458.01746692,15.61419634000832,49408.0
840,377,265.62612794,9.05541559928273,214042.0
842,685,609.2672612,23.07825289791008,168487.0
842,839,32.72040748,1.1154659016684054,168375.0
844,842,17.85705655,0.608761907927482,61563.0
846,736,358.61439737,12.22546303428856,33074.0
846,705,91.33167764,6.227145686487076,194893.0
849,850,366.0,12.47724436989916,49402.0
850,851,253.0,8.624980397771823,49405.0
851,819,54.0,1.8409049070343024,19959.0
851,840,941.07663484,32.08208509207934,49400.0
855,849,410.01197544,13.977649213524517,49403.0
861,855,145.08518188,4.946074504830671,49404.0
869,834,50.09081753,0.9757929289771096,37280.0
869,827,83.45058418,1.625657036104139,37279.0
871,803,260.27677576,5.07031527707567,13086.0
872,998,656.77188174,11.19494981386406,168507.0
872,737,459.12468669,8.943967075854047,168416.0
883,871,355.37304343,12.11496258292595,60196.0
883,763,342.81092199,23.3734188324572,168417.0
883,1075,657.97036407,44.8615137740596,128471.0
892,833,175.00285712,5.965992933652424,50253.0
892,215,254.29384811,17.33817751164202,212917.0
893,840,175.0114282,5.966285128897435,14000.0
893,892,650.03769121,44.32065094465696,128433.0
909,913,495.06564212,16.877199442273998,172.0
909,869,273.51376463,5.32817811056923,37259.0
913,917,445.18884757,15.17685803793628,173.0
917,846,304.32219768,10.374596796825465,33070.0
923,998,277.67487205,3.1553891019565863,168524.0
923,872,387.93991002,7.55725379883877,168390.0
928,892,172.0,5.86362303722037,50241.0
934,893,172.0261608,5.864514880648,13999.0
934,928,653.03892466,22.262640016499965,205122.0
936,937,120.001,4.090933884241172,42197.0
937,850,339.0235862,11.55759598955457,64243.0
937,938,261.999,17.86352758289186,42195.0
938,851,339.03687115,23.116097769095983,19949.0
938,943,119.1632463,8.12474832784471,42196.0
950,871,830.87084048,16.185758807950762,13054.0
950,748,716.80680805,24.43654019138593,64015.0
957,913,163.02762343,11.115494516830644,128431.0
957,956,107.0046728,7.295756564189627,128432.0
959,909,177.51150004,3.45800837543551,37272.0
959,957,527.00853894,35.932318717912004,128430.0
962,950,194.62868099,3.791459194540792,13080.0
962,1068,388.13875174,26.46394565512351,114484.0
967,1068,229.00872574,15.614195813645878,114483.0
967,962,139.44532979,2.7164612896659,13077.0
969,961,109.76698047,7.484095295465238,72977.0
969,954,58.66905489,4.000153742150586,72978.0
976,928,171.00520819,5.829709757136916,50247.0
980,934,170.02646853,5.796343708196118,14010.0
980,341,167.92529558,11.449425949941023,213839.0
987,849,519.09631091,17.696424925511536,34056.0
988,987,412.02041697,28.09223731105157,128438.0
988,855,520.13842004,17.731951292383428,18562.0
989,861,623.56223026,21.257754991238656,63359.0
989,988,330.00606097,22.50036211076793,128439.0
990,937,186.01076313,6.341261603837264,64244.0
990,991,261.0,17.79541410133159,128435.0
991,938,186.02419198,12.683438809002707,19956.0
995,923,332.46757431,6.476626338381698,168391.0
995,685,1197.37701301,13.606526042099905,168479.0
998,382,2508.34611519,28.50386834564013,168508.0
1008,967,685.16668892,13.347372695971146,205164.0
1016,995,98.03987787,1.9098634101156264,168392.0
1016,842,668.91637654,25.33768394996072,168486.0
1016,839,662.1828816,25.0826279031184,168482.0
1021,1008,334.63583567,6.518865100046851,13076.0
1021,917,353.684888,12.057411960427364,33069.0
1025,1021,977.12983871,19.03495359672884,13070.0
1025,959,213.37173383,4.156582770688509,37258.0
1026,1025,146.01383758,2.844418942814091,205141.0
1026,723,329.76166108,11.241849259888047,215497.0
1027,1026,339.00589965,6.603996023060986,13073.0
1027,976,169.00295855,5.761451401814996,50248.0
1029,980,166.02710622,5.660002121131543,14011.0
1029,1027,657.00684928,12.798805638039134,13071.0
1030,1032,135.00370365,2.6299363017681454,13069.0
1031,1029,653.03751806,12.721481179620696,13055.0
1032,1033,260.0,5.06492355374517,13068.0
1032,990,154.01298647,5.250430787770937,64247.0
1033,1031,278.00179856,5.415607144269478,13067.0
1033,991,154.02921801,10.501968268935752,19957.0
1035,1030,142.01408381,2.7665018386646523,13060.0
1037,1035,94.02127419,1.831579100761784,13062.0
1037,987,163.02762343,5.557747258415322,34061.0
1039,1037,163.02760502,3.1758552176017782,13064.0
1040,1039,254.62685478,4.960252131504896,13061.0
1040,988,164.2263291,5.598612131563337,18567.0
1042,1040,277.3828029,5.403548814661785,13063.0
1044,1042,47.01063709,0.9157895502834896,13065.0
1044,989,164.02743673,5.591831725268807,63362.0
1053,1044,338.03698023,6.585121012322374,13056.0
1053,374,447.07406772,8.709215291783428,214033.0
1059,389,56.65086206,1.9312749991477292,49397.0
1059,368,2043.75522741,69.67331531326066,214016.0
1059,1064,458.10233383,7.80854476177327,214059.0
1061,1059,709.00282087,12.085247889266162,134811.0
1061,1053,927.05597772,18.05949098920879,13057.0
1064,370,1967.83219512,22.36167866800303,214020.0
1064,384,395.18134738,6.736030384817307,214065.0
1068,1086,85.00589392,5.795843231265384,114486.0
1075,49,589.48971627,20.0961946542167,31755.0
1093,138,1030.2233392,20.069240216661846,214085.0
1095,969,423.58539163,28.88075651850792,72976.0
1095,1075,333.26376918,11.36123903741128,31756.0
1097,381,130.34364297,3.5548185473214837,17401.0
1097,383,317.11515638,3.6035731325610634,214061.0
1,1064,279.815729,3.179716966552349,116859.0
6,1025,276.65520781,5.389374916550514,37271.0
6,7,379.0474746,12.922043629446298,31746.0
7,10,441.07255639,15.036530248453982,31745.0
8,12,514.13905901,17.527428085731625,31747.0
8,1008,346.14444962,6.743058368763448,39921.0
9,1095,206.09310241,7.025885250601704,158156.0
10,8,497.00723045,16.943389803091357,31748.0
11,995,445.171659,5.058757355096921,168477.0
11,1016,356.66107439,13.509858477215582,168522.0
12,1085,195.36888437,13.32057547846482,114485.0
12,23,474.84168597,16.187747958641005,31749.0
13,1,102.04633361,1.1596147918982005,138908.0
13,384,118.16351369,4.028292447858074,214064.0
16,1026,318.35357702,10.85293818718594,44204.0
18,6,46.00986852,0.8962941029679478,37273.0
23,9,762.15295416,25.982428022663587,31744.0
23,513,235.10795519,8.015025710964295,199255.0
31,16,34.05877273,1.1610918860411683,44205.0
33,1029,351.11534003,11.96981393326379,14009.0
33,34,659.00959457,22.466185119011094,51301.0
34,1027,355.06900738,12.104597741141498,50249.0
34,31,329.03799173,11.217178769934614,51302.0
35,1031,355.03620942,12.103479631409929,49026.0
35,33,649.09567965,22.128211514860197,51294.0
36,1030,361.01246516,12.307215159511,64246.0
36,35,671.02681616,22.875862196676827,51300.0
37,38,259.0,8.829525387442303,51297.0
37,1039,358.06842921,12.206850525680624,135.0
38,1035,363.03443363,12.376145746146031,34059.0
38,36,144.05554484,4.910973321878815,51296.0
39,1040,359.09781586,12.241943172629156,18566.0
39,37,256.01757752,8.727852124881535,51298.0
41,1042,360.00555551,12.27288877218461,63361.0
41,39,271.00737997,9.238866956097828,51299.0
42,1053,355.13848801,6.918266510628061,45115.0
49,69,215.58524996,14.698960908725208,96367.0
49,127,500.21905405,17.052883540605592,31754.0
54,1061,423.09673362,28.847439002638637,96356.0
59,388,261.51566468,5.094449421965599,214076.0
59,60,194.1801609,7.355292408426345,17404.0
60,386,242.61257834,8.270864555080557,214071.0
70,73,178.41671207,6.0823740878998,43173.0
73,75,636.36237374,21.69412252722153,43174.0
74,23,239.03347046,8.148849791023203,64014.0
75,42,190.96214722,3.720033374339733,45131.0
81,59,143.40153416,2.793530030808372,28899.0
81,60,117.79643458,4.015778415730874,17399.0
93,37,311.13019783,10.606687183551855,134.0
93,98,265.76664858,9.060206064758944,23755.0
94,39,309.04043426,10.535445405578624,18563.0
94,93,252.00098413,8.590923115970192,23754.0
96,35,332.14956872,11.32325501714769,49025.0
98,99,145.00344823,4.943288136731508,23753.0
98,38,323.03871208,11.012658337594688,34058.0
99,36,328.02438934,11.182624221535862,64245.0
99,96,665.01196124,22.670810790430025,23756.0
102,9,428.1313474,14.595353671923473,157195.0
111,114,473.38070917,16.137942044563538,56042.0
111,8,517.41978449,10.079583283219812,39919.0
114,74,790.14397951,26.93666535451056,10290.0
114,116,522.13791282,17.800115664055312,56043.0
116,74,262.12210895,8.935960677930277,64034.0
116,122,912.64749069,31.112911925995625,56041.0
121,1016,1200.07629488,23.37805650857287,205616.0
122,56,412.17472023,14.051378981979587,68014.0
122,123,310.1950999,10.574808917479734,56044.0
123,57,420.20014279,14.324972311085656,68015.0
127,155,204.12041544,6.958634711284748,31757.0
129,130,386.03238249,26.32032989629569,118700.0
129,18,601.7051198,11.72150166801569,37269.0
130,7,646.34124114,22.034310415430877,57416.0
131,127,223.09471195,7.605484258558504,20480.0
135,10,658.24615457,22.440158814525425,6397.0
138,211,506.32487578,5.753678693684788,120085.0
139,98,304.51515211,10.381174773807333,34057.0
141,143,307.00162866,10.46594082717994,18431.0
141,34,654.14983057,22.300511722814267,205159.0
142,33,656.07663945,22.36619823989037,14007.0
142,141,655.00076336,22.32952072927107,18432.0
143,31,660.98108899,22.53339500330681,205161.0
146,96,316.07752214,10.775345583532763,49024.0
146,142,656.01428539,22.3640725381306,18430.0
147,73,493.27127547,16.81602799095911,29595.0
148,147,646.95482985,22.05522816482236,16381.0
150,155,335.95502055,11.45298603469083,56045.0
151,174,635.22124341,21.655220445294447,6656.0
151,116,249.12848091,8.492997092392972,64032.0
152,94,407.03072366,13.876015861100315,18564.0
152,154,283.0,19.295410692248428,10676.0
155,213,357.06975946,12.172805043397627,31758.0
157,121,226.54885901,4.413279431053241,13693.0
158,164,679.10603001,23.151289315592468,23467.0
158,111,315.15869019,6.139441050426185,39920.0
164,151,325.29371773,11.089533355492376,23468.0
174,213,1000.98051929,34.1242583297538,6657.0
178,212,388.17852054,13.233328579025958,18006.0
184,185,393.00508903,13.397870312681109,17587.0
184,129,421.47479165,8.210529228992012,37270.0
185,130,418.20210425,14.256857515664738,57418.0
186,184,77.77610979,2.6514522622675862,17588.0
188,186,72.38725891,2.467741854336695,17589.0
188,143,337.4803698,11.504986459121683,44203.0
189,190,377.0,12.85224351762837,17586.0
190,188,292.00696586,9.954760302590222,17584.0
190,141,340.01323504,11.59133394151377,50245.0
192,142,341.05278184,11.626772956425102,14008.0
192,189,281.00711735,9.579766319281092,17585.0
194,196,328.01371923,11.182260468612572,17582.0
195,194,322.01397485,10.977724193240473,17583.0
196,192,660.04848307,22.501601691927974,17574.0
196,146,346.14447851,11.80035313022016,49027.0
200,201,28.0,0.9545432851288976,17579.0
201,195,494.03757446,16.842151760791452,17578.0
202,200,145.01379245,4.943640779793683,17580.0
202,152,273.02930246,9.30779597523642,18565.0
203,202,279.00716837,9.511586395371827,17581.0
203,41,989.24466135,33.724173172901885,63360.0
204,206,638.01048991,21.7503081780496,17577.0
204,147,325.11294812,11.083370769157344,29596.0
206,203,383.02181517,13.0575322045859,17575.0
206,75,801.08990359,15.605612005232455,45132.0
211,337,927.31494111,10.537645836145828,120082.0
211,280,774.19547636,17.59531174610967,150849.0
212,309,357.86573651,12.199940562975993,213696.0
213,319,722.34533966,24.625353339878775,31751.0
217,174,281.02846831,9.580494191263202,96495.0
218,212,106.72500591,3.638344205240443,152040.0
221,267,278.61096407,5.4274739778838175,213461.0
223,218,99.30524679,3.385398446480804,167756.0
226,223,152.65890106,5.204268890070705,17571.0
235,184,253.38705571,4.936100256460456,37265.0
235,236,150.01333274,5.114079265956215,42527.0
236,237,249.03212644,8.489712288381163,42526.0
237,185,257.12448347,8.765587469233024,57417.0
237,238,183.01092864,6.238994751375566,42529.0
238,239,745.06711107,25.39995742293768,42528.0
239,158,495.4886477,9.652354316727202,39918.0
239,240,171.52549829,5.8474468793252745,42530.0
240,922,55.23438199,1.8829860155999647,216625.0
241,242,197.02284132,6.716672507107939,42531.0
241,277,297.92087974,20.312741089679346,96401.0
242,164,493.1987429,16.813555295328875,48811.0
242,243,309.00724628,10.534313999740911,42524.0
243,151,547.48333308,18.664162118267917,64023.0
243,283,533.37536742,18.183209836568555,42525.0
250,196,326.12420947,11.11784550955566,49018.0
250,251,662.0,22.56813052697608,43990.0
251,192,334.07334524,11.38883815854964,14003.0
252,253,171.999,5.863588946388759,43991.0
253,194,330.00606055,11.250181041065815,19950.0
253,250,321.00155763,10.943210048272618,43992.0
259,268,84.95881355,2.896316606666804,19192.0
261,226,339.00478259,11.556954958852367,39973.0
262,218,378.10763078,25.78000714407468,152041.0
264,240,245.25329444,16.721777525960167,152054.0
265,226,630.21101216,21.484417495414785,17572.0
266,200,691.20976255,47.127831246974445,31888.0
268,348,326.83510416,8.913664400580908,150850.0
271,269,642.60177752,21.90682899084321,67981.0
274,190,545.0146787,18.580003637491732,50242.0
275,189,548.05839105,18.683766322690172,23096.0
275,274,381.01181084,12.98900948543299,43993.0
279,236,325.30139871,11.089795206488168,18561.0
279,282,440.00922718,15.00028047140802,13898.0
280,268,296.36606358,8.082692455153511,134799.0
282,238,322.0559144,10.979153947377393,50715.0
283,312,215.4257256,7.344042136267872,42533.0
283,245,398.61565836,13.589139286956168,55685.0
284,292,303.1055924,10.33312171108702,37200.0
284,243,311.13019783,10.606687183551855,64030.0
289,223,451.59423451,15.395223005515897,167757.0
295,310,72.20191134,2.4614232015381785,58479.0
310,239,433.63260073,8.447369127342892,58480.0
311,313,318.02515624,10.84174204967716,55737.0
311,253,323.00619189,11.011549697273416,19955.0
312,233,426.2299853,14.530534656739418,57611.0
312,314,177.0254219,6.034943848991253,42534.0
313,316,663.02714877,22.60314688273436,55735.0
313,250,328.03810754,11.183091886382078,49023.0
314,697,32.33017731,1.1021626306531125,194882.0
315,311,330.12270446,11.254157528960164,55736.0
315,195,659.10924739,22.46958236651735,29389.0
316,317,282.0,9.613614514512468,55738.0
316,251,334.02395124,11.387154276013009,14006.0
317,275,122.01639234,4.159640285135716,23103.0
318,201,675.48901157,23.027982149017845,134959.0
319,459,625.96642506,21.339715991327296,31752.0
335,338,662.17091752,22.573957247369894,38909.0
337,502,948.79010882,14.375575037632492,150852.0
338,284,191.06540765,6.513578639025821,64028.0
340,81,2085.51340403,40.62679216047236,28897.0
340,265,587.95740466,20.04395687714346,17573.0
343,317,182.0711384,6.206956520553363,23102.0
343,344,164.0,5.5908963843264,9970.0
344,345,169.0,5.761350542385132,9969.0
345,274,254.00787389,8.65933965684169,50244.0
345,346,232.001,7.909107024756762,9968.0
346,188,804.73853759,27.43420597646369,44197.0
348,502,808.98794751,18.3860479296638,150851.0
349,385,2223.13433346,25.2628327374256,214069.0
351,629,167.91334649,5.724305620555409,194515.0
353,221,745.01085491,14.513165487805711,13690.0
355,338,123.19908279,4.199959186115486,64029.0
355,362,424.09550811,14.457768554276017,38908.0
357,235,662.3786695,12.90345124864976,37268.0
357,359,114.01756006,3.8869534407876345,47228.0
359,361,42.01187928,1.432219902227495,47227.0
361,279,337.66740785,11.511362741789224,18559.0
361,358,469.01097405,15.988974140399684,47226.0
364,351,326.53483735,11.131844155467828,16840.0
365,322,259.01737393,17.660235358328734,19903.0
366,11,2050.38186321,23.299740946156945,168475.0
366,353,390.18198707,13.301628419139956,168527.0
367,365,322.00155289,21.954601436587648,38819.0
382,366,129.44316362,4.41282509426115,168526.0
382,536,640.46674159,7.278014613489515,168532.0
392,397,665.00776687,22.670667800868635,23050.0
392,313,334.05388787,11.388174840625362,49019.0
397,316,331.02415622,11.284888769116437,14005.0
399,314,493.78611861,16.833579421751317,72979.0
401,390,209.38376542,7.1380666891666165,37135.0
415,423,301.05979473,10.26337876720735,43225.0
436,310,506.63096369,9.86941192711575,58478.0
436,415,534.25442659,18.213177694709785,43224.0
440,492,225.07998578,15.34632778880048,96756.0
440,179,1556.42192354,53.05971771223248,20481.0
443,422,68.09811282,2.3215212972243244,220109.0
445,436,363.62767104,12.39636970279613,43226.0
446,443,270.00050081,9.204541608200891,141329.0
449,450,358.0349145,12.205707981345498,7867.0
450,351,346.02312061,11.796215938486505,38815.0
452,359,318.01315067,10.841332769811888,18560.0
452,453,178.00280897,6.0682637870141205,43223.0
453,445,562.50917369,19.17640552032837,43222.0
453,445,776.00257637,26.454573161311,206221.0
454,382,492.61728054,16.793732759925547,61496.0
459,440,203.11819219,6.92446808723162,20482.0
459,532,339.17841912,11.562874372558245,31753.0
462,716,948.32363796,32.32914145513306,172021.0
466,467,139.0,3.790900475226193,56782.0
466,392,331.00331134,11.284178149822386,49020.0
467,470,541.00144092,14.754551219292685,56769.0
468,469,313.0,8.536344235581282,56775.0
468,315,764.40794968,26.05930269522115,31514.0
469,466,510.00098039,13.909086035440827,56780.0
469,401,320.38489295,10.922187436505826,19951.0
470,472,335.00149253,9.136383577219142,56784.0
470,397,322.07609975,10.979842082745268,14004.0
471,468,281.00177936,7.663667474210285,56778.0
471,323,646.40696496,22.036550995111376,12582.0
472,473,107.0,2.9181751859654863,56785.0
473,343,546.76960651,18.639830585953217,23098.0
474,471,109.01834708,2.973220890316158,56776.0
475,254,946.17285411,32.25581944506945,25036.0
475,474,312.07851576,8.51121290433431,56777.0
476,475,433.09352339,11.81161470242113,56770.0
476,302,683.58636035,13.3165871444448,45130.0
477,483,282.02836746,9.614581584814582,13712.0
477,415,271.18443908,9.244903048402165,48469.0
479,476,350.00571424,9.545588693843875,56772.0
480,269,839.96445358,28.635086746848305,45730.0
480,786,164.64739189,4.490373209788159,172393.0
484,365,400.04499747,27.27573329174252,19902.0
484,480,336.01811428,9.164109561932817,56761.0
488,484,984.02502487,26.836985139670137,207803.0
489,488,133.60408297,3.643739436137645,56768.0
489,450,159.00388214,5.420574571648701,38814.0
491,344,596.14176166,40.645936826961766,118701.0
491,473,86.83893136,1.691663649335862,23101.0
493,346,685.1610743,23.357710810884523,44198.0
493,345,636.09511867,21.68501157963277,50243.0
500,491,181.66950269,3.539008242968279,23099.0
500,504,74.17159517,2.5285713613150884,23100.0
500,493,71.12008156,2.424542724675626,44201.0
502,1022,3836.96905819,58.13576269432722,120078.0
504,508,74.83845823,1.4578887300580812,23097.0
508,357,704.07685753,13.715751766732998,37266.0
508,509,382.06413075,7.4427908264494205,51559.0
509,510,305.05901068,5.94269449413589,51560.0
509,452,334.001497,11.3863887922982,18558.0
510,511,450.07194689,8.767615402627332,51558.0
511,512,309.04045043,6.020254832472784,51563.0
512,436,423.34047054,8.246873540352343,58477.0
512,517,328.03810754,6.390338220789758,51562.0
516,466,258.04844506,8.797086088213437,49022.0
517,520,192.02343607,3.740707785469319,51561.0
519,469,259.09457733,8.83274960727362,19954.0
519,516,512.00390624,17.4546389521842,61312.0
520,522,99.00505038,1.9286654292668817,96742.0
520,477,241.13274353,8.220415755759646,48468.0
521,534,369.46645751,12.595418789161844,51569.0
522,524,388.04638898,7.559328059579085,51565.0
524,526,164.02743673,3.195332414439318,51564.0
524,458,321.64605603,21.93036306940212,49283.0
526,443,416.10433603,14.185342852516246,64024.0
526,529,433.05557842,8.436128458539217,51556.0
529,530,380.03389323,7.403240834777323,51568.0
529,362,692.14162424,23.59568356344645,24284.0
530,432,464.31131825,15.828758965888715,51599.0
530,532,305.01475374,5.941832347913495,51557.0
532,852,360.95880215,12.305385742873312,195614.0
532,852,573.37765876,39.09384242944903,195616.0
533,548,426.61120003,11.634824467126212,56765.0
533,340,1090.90772887,21.251400965062743,28898.0
534,454,487.28908556,16.612090162067815,168530.0
536,1090,2069.01260314,31.34860455832298,211138.0
538,366,674.7630496,7.667744500580682,168531.0
540,353,746.10151404,14.534412045946649,13691.0
540,543,162.01334513,5.523169667682574,62316.0
544,349,1027.98389967,15.575478232549472,116866.0
547,467,315.00634922,10.738828407889985,57892.0
548,580,492.0024212,13.418217354960555,56764.0
548,593,237.47420913,16.19138655116693,112954.0
553,508,148.6077387,2.894949369270914,37267.0
561,565,327.50461915,22.32980964702353,150497.0
561,476,371.78836113,7.242613951137124,150496.0
574,573,187.7260849,6.399738349458297,141553.0
580,503,297.41553423,20.27828579230502,112952.0
580,584,112.40970924,3.065712375380965,56767.0
584,531,236.78260072,16.144231539473775,112953.0
584,589,129.73460456,3.538208446617167,56766.0
585,519,261.06895641,8.900057832027656,19952.0
585,587,209.00239233,7.125065363374175,61617.0
587,588,312.0,10.63633946286486,61615.0
588,586,264.00189393,9.000044111149748,61616.0
588,516,264.0170449,9.000560620316772,49021.0
589,489,1073.0062786,29.263741089679343,207802.0
590,479,506.0988058,17.253329167433712,49185.0
605,553,282.43695227,9.628510580771408,23093.0
606,574,227.31431872,7.749334162422358,141558.0
606,624,215.82074701,7.357508744639217,141554.0
607,639,79.0252871,2.6940377555960104,32289.0
607,608,43.0,1.4659057593050926,23619.0
607,472,653.19598897,22.26799446944439,32288.0
608,500,548.87563619,18.711626889143435,44199.0
610,587,136.05881081,4.638358008618163,19953.0
611,470,657.26103706,22.406575339374232,14002.0
611,607,337.01335285,11.489065462919402,23618.0
612,510,419.02983187,14.28507543857855,49164.0
615,526,392.52751165,13.38158930263795,152055.0
615,616,428.3832975,14.603942860357138,152056.0
617,611,187.82753675,6.403196927393347,120748.0
620,581,187.01069488,6.375350108749753,52600.0
621,561,303.40137001,5.910402866162317,45116.0
621,620,534.00093633,18.204536000940905,55974.0
625,589,456.83021803,15.573722038018095,43745.0
625,688,286.92333556,19.5629102361131,112947.0
639,608,90.91705011,3.099437845936714,44200.0
649,650,296.07585706,10.093472187335935,18467.0
649,600,194.02319449,6.6144120521317005,18469.0
650,615,123.63622206,4.214861627359938,64025.0
651,617,376.27779784,12.82762304540217,23617.0
653,675,158.56163762,5.405498088186164,141555.0
653,606,189.10202223,6.446645197283643,141557.0
654,540,518.02413071,10.091356234774793,13692.0
656,625,287.44564704,9.799261150770112,43744.0
656,577,404.8271236,27.601786605030444,112948.0
656,633,339.24601022,23.1303572187336,194520.0
658,621,425.53520169,14.506848905684306,55976.0
659,656,36.61399668,1.2482015954509196,152046.0
660,480,818.60878507,27.90705424771762,45731.0
660,658,280.79374666,9.572492335017422,55977.0
661,650,56.03570291,1.9103037121506543,64027.0
661,663,233.01931253,15.887644291490249,96744.0
662,660,510.00882345,17.386624920738818,55975.0
674,649,119.01678874,4.057381303906127,18468.0
676,659,170.32560804,5.806541622859949,43743.0
676,595,365.03424497,12.444320977793232,102401.0
678,661,93.02150289,3.1711803912945653,64026.0
678,679,235.01914816,16.02399641091725,96745.0
680,676,84.55474076,2.882541429224025,152042.0
680,601,416.50730034,28.398160481908,152043.0
682,620,258.00775184,8.795698822502677,52599.0
686,509,733.0932574,24.99175879373001,18557.0
686,605,537.55362585,18.325650141136045,23092.0
689,658,143.01397135,4.875465215419965,67410.0
690,534,708.72390001,24.16098713446106,207086.0
691,517,747.45230483,25.481270661771227,20656.0
691,701,330.3159051,11.260743899445684,34197.0
692,711,147.1393897,5.016104157717824,78707.0
700,588,499.12602512,17.015621275406193,49017.0
701,522,761.47121256,25.959186884575267,48346.0
711,668,182.19104229,6.211044143876947,78705.0
712,690,242.12492644,8.25424009627251,66299.0
721,700,215.88514824,7.359704236126737,79934.0
727,654,286.01573407,5.571722416280223,13682.0
731,677,272.24978245,18.562442979675048,112946.0
731,631,202.57569001,6.905973736764235,194518.0
743,653,451.98057245,15.408393587173666,141556.0
743,125,507.79910718,13.849035084374808,218285.0
746,544,1314.07957106,19.91025128064103,116861.0
751,553,1050.93291508,20.47267259613371,37263.0
751,752,178.0112356,6.068551057838505,48252.0
752,605,849.7331707,28.96811043724901,8507.0
752,753,98.00510193,3.341075426987666,48253.0
753,754,324.01388859,11.04590291578883,48251.0
754,756,386.02072483,13.1597675288238,48254.0
756,686,312.00641019,10.636557991572747,23094.0
756,759,710.07041904,24.206891087974803,48250.0
757,758,14.2551671,0.9719410024068128,117175.0
758,743,93.02150289,2.536944313035652,6076.0
759,760,230.97891786,7.874263394628649,48258.0
759,511,1041.61846445,35.50963967525074,33968.0
760,761,167.02710723,5.69409298717503,48257.0
761,762,262.0009084,8.931828850388978,48255.0
761,512,1040.73876569,20.27408572168829,58472.0
762,764,269.00185873,9.170497069211208,48256.0
764,765,554.00912267,18.88663171231429,48259.0
765,767,542.00269003,18.47732243892628,48239.0
765,678,360.31232285,12.283346725916532,64016.0
767,770,722.00777505,24.613845481601174,48260.0
770,774,424.04245071,14.455959783386858,48261.0
773,757,341.41391958,23.27816888461617,150858.0
773,711,271.09449067,9.24183663230311,78706.0
775,778,165.0272705,5.625916889961614,48249.0
775,652,515.0442306,17.55828613798605,25822.0
776,775,202.2750595,6.895724992670472,151524.0
778,780,961.00052029,32.761306916007015,48241.0
779,776,105.75091344,3.605136582871403,48246.0
779,468,1340.0450671,45.68325073465743,31513.0
780,611,665.12705553,22.674734450489886,14001.0
780,639,684.12403554,23.32235729714251,44192.0
782,779,206.0218435,7.023455975100057,48248.0
782,474,1340.51035058,45.69911263542584,12579.0
787,683,375.08532363,12.78697060790771,45308.0
787,782,677.07385122,23.08201065065761,48247.0
791,621,647.17385609,12.607254257993567,45117.0
791,787,321.05607037,10.945068432912652,48242.0
792,794,450.00913369,15.341185600373636,48240.0
792,758,62.00806399,1.691125174442785,6077.0
793,300,257.02448412,8.762178408230891,213680.0
793,299,271.29333625,18.497230886975256,213679.0
794,321,361.28859253,12.316628571185069,213742.0
796,773,1118.09484792,38.11678318640185,17859.0
813,790,328.78122979,22.416851083747535,162288.0
823,760,242.88997612,8.28032127608801,66968.0
829,830,182.06869598,6.206873256424418,66978.0
830,762,282.17724926,9.619657089188436,66971.0
832,787,248.81910491,8.482450207272256,139342.0
832,831,287.29931719,19.588545288987984,139341.0
838,823,279.52048989,9.529085952872837,66963.0
843,727,503.02485028,9.799163124239652,13683.0
845,731,701.83527951,23.92614833295833,43741.0
847,796,275.05090438,9.376714065877124,64340.0
847,841,578.74934676,19.730046525803356,60980.0
853,782,328.23787776,11.189902219313138,139337.0
856,853,300.41628421,20.482881916859284,139339.0
857,776,331.36543757,22.593046668303028,151525.0
862,863,226.0,7.704527944254673,66964.0
863,838,73.06061867,2.490697248528981,66962.0
865,868,238.20999139,8.120776704712036,66298.0
868,690,682.91406616,23.28110843475356,66296.0
870,767,458.49619028,15.630516417462688,23801.0
870,835,381.47175329,13.004689306047032,55360.0
873,874,275.12324028,9.379180056863508,162283.0
873,813,233.27073537,15.904786718893822,162287.0
874,845,223.86772411,7.631836885938896,162285.0
874,813,275.42774764,18.77912193199561,162289.0
875,794,385.08312869,26.255608193390472,52578.0
875,876,275.55530791,18.787819203365448,112945.0
878,841,166.00301202,5.659180729816524,41064.0
879,853,151.32357634,5.158746559894182,139336.0
880,882,133.06013678,4.536130717202916,66979.0
881,879,290.38587801,19.798992139336047,139338.0
882,830,241.31494421,8.226627128461072,66972.0
889,952,299.04107327,5.82546221362484,13686.0
889,843,239.00836805,3.621330679551487,13689.0
890,916,584.42692812,19.9235999959091,52381.0
891,878,380.69953522,12.978363749855117,52911.0
894,966,579.70509468,19.76262876720735,18524.0
897,793,548.58499048,18.701718535185147,213677.0
897,898,193.28200932,13.178288866616212,152045.0
900,791,568.08843591,11.066632690964664,45125.0
902,903,161.00309935,5.488729548910117,45246.0
903,764,647.8215221,22.084774424376317,24417.0
903,904,261.0,8.897707050665796,45245.0
905,754,683.0183027,23.28466194508649,25863.0
907,906,178.00380895,12.136595754327832,113044.0
907,895,95.0,6.477258006231804,113041.0
912,925,552.47337532,18.834276808007253,11763.0
912,879,203.54132001,6.938892866493486,12581.0
915,907,395.93551556,26.995541980131865,113043.0
915,623,27.15969568,0.9258966120531544,194502.0
916,770,712.71884628,24.2971781750496,31750.0
919,557,89.41895507,3.0483665401896816,214798.0
920,918,52.0096145,1.7730510101113408,44370.0
920,428,648.81953882,17.69503811545883,214231.0
921,920,320.01406219,10.909545507510211,44368.0
924,921,233.01931257,7.943822147108758,207801.0
924,773,867.53799869,29.575091830132205,78704.0
925,778,711.05785456,24.24055358601458,26690.0
925,933,581.06970322,19.80914940716044,11764.0
927,878,263.00190114,8.965953525332896,41065.0
927,924,256.03124809,8.728318165981442,44364.0
929,927,257.00194552,8.761410048613527,44365.0
930,891,272.40074238,9.286367839391277,52912.0
930,929,263.00190113,8.96595352499199,44367.0
932,847,663.41505498,22.616370928020626,60979.0
932,930,449.00445432,15.306935245147171,44366.0
933,808,527.39561138,17.979354980329592,172566.0
935,796,1048.27814321,35.73667366244623,17858.0
935,932,355.0136758,12.102711441564908,44361.0
939,935,656.01119503,22.363967185188216,44362.0
940,941,516.0,17.59086911166111,44359.0
941,896,166.01204776,5.659488765707351,35842.0
941,939,645.00310077,21.988692097404325,44363.0
944,863,402.1790646,13.710618769048253,66960.0
944,945,214.0,7.295437964913717,66965.0
945,823,539.15674901,18.380301942836496,66966.0
946,761,782.2314349,15.238240073480352,58474.0
946,919,229.73503592,7.831858424867216,66969.0
951,921,155.66630978,5.306793954331923,59025.0
958,832,581.68978862,19.83028863411674,151068.0
958,955,419.5121317,28.603034881738907,151070.0
963,945,106.04244433,7.230150226704031,66967.0
964,992,299.95153962,10.22559742886948,158158.0
966,965,159.00315092,5.42054964375081,18525.0
966,753,918.09204332,31.298521252906248,43089.0
968,746,1782.68176117,27.0102683277235,116860.0
972,627,37.07965123,1.2640761463042132,194511.0
986,875,494.12390364,33.690189588660026,52577.0
992,926,211.11754994,7.197172845288989,66301.0
993,972,315.04895364,21.48056165599624,152050.0
994,1045,513.25529037,9.998456958766653,28896.0
999,1000,36.0,1.2272699380228682,7655.0
1000,756,1038.10837585,35.389977835845826,23095.0
1000,1002,364.00549446,12.409250017386324,7653.0
1001,999,400.00125,13.636375258238052,7654.0
1002,1003,140.00457136,4.772872267108484,7651.0
1002,837,727.08321394,24.78687141415588,7662.0
1003,1004,93.0,3.1704473398924096,7652.0
1004,1005,87.004747,2.9660641793995923,7659.0
1005,1009,387.00516792,13.193328012436336,7658.0
1005,944,249.20072335,8.495459897250234,66961.0
1006,1010,426.01056325,14.523054376580964,7657.0
1006,902,383.18694393,13.063161581337315,47647.0
1007,774,1218.42469439,41.53711108804298,42101.0
1009,1006,347.00576364,11.82971505655669,7660.0
1009,946,250.06116414,4.871310308190858,58475.0
1010,904,385.08310791,13.127803388287756,43670.0
1010,1013,299.06019461,10.1952107362256,7656.0
1012,900,496.82367583,33.87426454689876,113040.0
1013,765,1034.59227629,35.270111077815734,64021.0
1013,1014,640.01249988,21.818558362821904,7650.0
1014,870,639.61151453,21.80488843877628,23800.0
1014,1017,214.00934559,7.29575656384872,7661.0
1019,918,318.19028308,8.677897088779343,139343.0
1019,1015,464.35099542,31.660223187220037,139344.0
1020,1009,41.04879005,0.7996499368345592,58476.0
1022,19,1157.44558869,13.1527608879298,120079.0
1023,994,349.87735664,6.81577717141552,28890.0
1024,992,157.62594501,5.373599548978299,66300.0
1028,972,210.68031354,7.1822670928020615,73014.0
1028,1011,612.0463082,41.730335262874405,133261.0
1034,1028,33.54101967,1.1434412536562415,73012.0
1036,1034,383.59911852,13.077212955879649,133260.0
1038,1091,205.65018843,14.02157188938207,133269.0
1041,1043,339.40670877,11.5706569565751,152058.0
1043,797,393.61229289,13.418570397226372,232344.0
1067,985,410.77372913,28.007236060599865,133262.0
1067,1038,181.07230017,12.345810589294116,133264.0
1069,1020,346.37052124,11.80805911486565,23750.0
1069,1004,306.48002342,10.448158870775297,27475.0
1076,1077,131.0,4.465898941138771,42094.0
1077,1062,90.0,3.0681748450571704,42092.0
1077,1078,284.00704217,9.682036251167611,42093.0
1078,1060,98.15393014,3.346149104433854,42945.0
1084,1065,138.65785228,4.726961493723878,72994.0
1084,1024,310.64009378,10.58997912891107,66286.0
1089,1063,147.94511692,5.043572068699844,66293.0
1092,1067,152.03308421,10.365868546435122,133263.0
1098,1089,226.94585494,7.736772925743351,66292.0
1098,1024,355.36511101,12.114692160131456,66303.0
0,2,522.03448162,17.796589608432708,28507.0
0,1078,133.06013678,4.536130717202916,42946.0
2,1001,427.01079123,14.5571529802205,31552.0
3,1072,325.87612397,22.218776137099688,150110.0
3,925,725.44134634,24.730898782275496,150109.0
5,958,617.04646775,21.03562722868812,45307.0
5,40,347.56632444,11.848825040397635,56869.0
14,1091,641.87874084,21.882180069136208,37221.0
14,868,1206.58464844,41.1334740752862,207085.0
15,952,701.38013722,13.663218373594606,207089.0
19,17,113.21660656,1.929824134945148,134824.0
20,1096,167.10774967,5.69684215501783,66287.0
20,1084,447.34193982,15.250258743275584,66285.0
21,19,53.03772242,0.9040500320453818,28894.0
22,21,48.0416486,0.7279021123436842,28893.0
22,968,1752.97718506,19.92015001170452,116862.0
24,999,740.57904284,25.24695544464672,26840.0
24,2,134.00373129,4.5682986387530935,31553.0
25,29,732.69481748,14.273243226005656,28892.0
25,22,207.1955598,3.53173446992166,28895.0
26,27,273.40721919,9.320679470842112,163661.0
27,1013,550.53691419,18.768261237701733,163660.0
28,14,451.93323993,15.406779982204588,37220.0
28,1098,183.43936328,6.253600444544445,66304.0
29,1023,1155.77226423,22.51499293793813,28891.0
30,1034,468.06196392,15.95662159586001,73013.0
30,1094,396.7318887,13.524920012681791,73009.0
32,1003,787.01849615,26.830115027579485,27491.0
32,67,526.55294131,17.950627656868964,10754.0
40,1018,693.89540438,23.65547138688321,81132.0
40,66,231.36551169,7.88744269978932,56868.0
44,27,152.33510121,5.193230283908446,64017.0
44,46,600.33224135,40.931650701930224,96829.0
45,3,310.07829889,10.57082707391574,26685.0
45,1043,775.77792425,26.446914583716858,12580.0
50,48,461.31958792,15.726768390980933,159953.0
50,30,156.15152015,5.323335179351866,159949.0
53,28,312.41182096,10.650378781866406,37217.0
55,47,1184.98062116,40.39697481914814,223393.0
61,900,1225.51690413,23.87365166631115,45120.0
61,5,460.74034988,15.707021684496173,43836.0
64,1019,797.16123102,21.74071143529219,6052.0
65,53,131.03434664,4.46706984665944,66305.0
66,4,492.42548625,16.787194333081064,113045.0
66,95,236.88815927,8.075714348490118,56872.0
67,103,421.8497692,14.381209447251258,10753.0
67,1069,748.99394645,25.533826506644303,23744.0
80,64,64.35060217,1.755012434153559,6074.0
80,109,441.11498146,15.03797655437147,23591.0
92,68,194.24082869,6.621831382996858,14712.0
95,119,260.20953096,8.870759303728855,56870.0
100,20,501.47531648,17.095710571566883,66288.0
100,1098,885.39071577,30.183705801918634,66291.0
103,1069,806.40609372,27.49105435169465,27472.0
105,68,381.6422398,13.010501332951518,53642.0
105,61,261.91983507,5.102322853227281,45121.0
106,24,1070.39355114,36.49060631021293,26839.0
106,0,793.36509073,27.046475714714287,28506.0
107,153,689.15725228,23.49394384149127,49154.0
107,67,319.51630764,10.89257664096218,23749.0
109,117,205.12262617,6.992800908520663,23592.0
110,53,467.03854231,15.92173230208568,37219.0
110,100,179.80545042,6.129717333142425,66290.0
112,100,168.22009392,5.734762895538875,77232.0
113,61,443.7409154,15.12749682614358,43835.0
113,48,415.4599956,28.32675350283295,53221.0
115,118,582.88085685,39.74178628116754,62777.0
115,694,376.58942625,12.838246717052916,194879.0
117,1087,840.79039356,28.663243727627894,23471.0
119,140,258.79914992,8.822678241185816,56871.0
119,45,569.65902427,19.420149872500293,26689.0
120,110,524.77713088,17.890088802525447,66289.0
124,996,333.38420915,11.365344936147874,228074.0
126,105,168.86088949,3.2894903710933128,45122.0
132,134,211.03891111,7.194491982177313,82237.0
133,58,473.70233689,16.148906601007727,77538.0
133,124,340.93834938,11.62287185870032,77540.0
134,104,221.09736317,7.5373929776295965,82236.0
134,136,405.02985075,13.807804439649,82238.0
140,933,1833.84663353,62.51735678543913,205797.0
144,107,307.87027467,10.495553692037063,23747.0
145,110,320.59168758,10.92923723741537,37218.0
145,166,254.35538547,8.671186615598602,132047.0
149,92,641.84793093,21.881129733682425,40517.0
149,126,190.3548656,3.708203239797832,45124.0
153,103,423.01891211,14.421066501326134,27474.0
159,115,332.74164152,11.343439271274384,64019.0
159,161,354.20333144,6.900049216251781,12242.0
160,1076,1388.18352601,47.3243308314072,49227.0
160,106,781.69175511,26.64852199574547,26836.0
161,162,93.00568163,1.8117948750765829,12251.0
162,163,212.02122535,14.45595978304595,12249.0
162,145,323.90171084,11.042078683002996,12250.0
163,166,293.02730248,9.98954442648994,12248.0
165,169,199.02356344,6.784878788002756,12244.0
166,167,255.01836666,8.693788195708647,12252.0
167,193,1199.05045765,40.87662724573354,169528.0
168,149,94.98726925,1.8503971435779203,45123.0
169,172,345.67347063,11.784296079895274,12243.0
170,171,131.18700001,4.472273926991075,12253.0
170,507,2057.23859767,31.170210941490293,168645.0
171,173,114.77913114,3.912916032236291,168654.0
171,52,607.60815879,8.285546970893247,211661.0
172,159,274.5719815,9.36038718662003,12245.0
172,136,247.00302511,8.420538536616963,66396.0
173,15,986.99278934,19.227088561941574,206501.0
175,144,378.26137451,12.89524482364813,23748.0
176,160,225.1777076,7.676495312510654,26837.0
176,177,412.64704917,14.067481068338482,27490.0
177,180,502.89032659,17.14394944295581,10175.0
177,32,2104.75497633,71.75284748205118,27489.0
181,113,734.42827424,25.0372706280213,43837.0
181,133,638.91838313,21.781259012934065,77539.0
182,95,873.82027547,29.78925986997757,26688.0
182,168,380.17981964,7.406083550589333,45119.0
183,140,463.41558023,15.798222511880656,44194.0
183,247,530.23781834,18.076248179208683,44195.0
183,490,200.01096267,3.896308599363573,199108.0
187,751,3185.68472579,62.05865231715382,205805.0
191,183,88.31568284,1.7204314699284773,45118.0
197,187,46.6146329,0.9080752004784404,37262.0
197,191,79.31453094,1.5450847535086771,45127.0
199,187,63.89053138,1.2446179124917571,15667.0
199,176,317.1009303,10.810234418785411,26838.0
205,207,400.03124878,13.637397941595587,25041.0
205,169,279.456883,9.526917541096498,25043.0
208,117,686.42735477,23.40087936516053,23472.0
208,109,754.0948373,25.707720117681557,24295.0
209,199,63.89053138,1.2446179124917571,15664.0
209,210,561.00089159,38.24997385846851,113042.0
214,208,57.80138407,1.9704972512562475,23473.0
214,222,147.14618667,10.032671744155127,116158.0
219,175,472.0677514,16.093182222313132,23745.0
219,107,1487.78370033,101.43956720530184,49156.0
220,209,139.17614738,2.7112174884018123,15665.0
220,258,881.82303253,17.178331721908425,15666.0
224,181,380.92858911,12.986172387449122,43838.0
224,249,267.47897114,9.1185805648169,54316.0
227,228,217.00230414,4.2273080055986885,15677.0
227,153,581.05507484,19.808650713521107,27473.0
227,144,957.61743986,32.645974890738884,19157.0
228,229,173.00289015,3.3701785122566283,15678.0
228,332,601.42913827,41.00643895832055,117853.0
229,230,327.00152905,11.14775406362713,15676.0
229,505,1145.12188488,22.30751848706837,171067.0
230,205,254.0019685,8.659138337185599,25044.0
230,231,299.00167558,10.193215773827786,15679.0
231,232,360.80200278,12.300040321953816,15680.0
232,159,563.90530421,19.224000770793705,64018.0
234,227,373.54407767,7.276816143664608,15668.0
234,175,830.83593941,28.3238881074134,25180.0
234,330,610.61693749,20.81643919525183,25179.0
244,257,259.01678324,8.83009754205104,41005.0
244,216,293.42460701,10.003088868320754,20187.0
246,214,532.80405924,18.163733465605763,23470.0
246,80,1263.67834489,34.463876533644246,207083.0
246,80,1272.05893437,86.73109386365033,207084.0
248,234,316.02571849,6.156331173727851,15669.0
248,219,729.11507418,24.85613921945632,26716.0
249,126,1294.4653824,44.12940137863323,53643.0
249,270,316.92240758,10.804148430799025,54317.0
255,173,733.44077679,14.287774867849324,13685.0
256,161,772.24490617,26.32647105927032,63744.0
257,182,646.73523549,22.047742010472707,26686.0
258,278,241.14738261,4.697665608097644,15663.0
260,248,311.47940502,6.067766826893576,15673.0
263,244,239.01882771,8.148350607498621,20186.0
270,168,1097.11322774,37.401502305903854,40518.0
270,334,509.43301817,17.366995239897186,54318.0
272,281,436.03184345,29.729376304826584,78221.0
273,231,353.3779113,12.046946869438932,14938.0
276,163,945.993033,32.249689193888194,27464.0
276,256,225.72757819,7.695240858202596,63750.0
278,291,297.21375613,5.789865207384269,15672.0
281,246,329.00151975,8.972748327844709,6071.0
285,249,402.30440627,13.71489177081416,53644.0
285,303,138.05858178,4.706531864018491,53079.0
287,288,27.001,0.525992311056436,15675.0
288,260,412.4690875,8.035093832578951,15674.0
288,219,608.01315117,20.727673954263743,31550.0
290,287,314.00059236,6.1168807543619215,15670.0
291,290,310.0016129,6.03897873413924,15671.0
293,273,351.97023724,11.998958090095252,14939.0
293,256,466.31738652,15.897147501482952,14937.0
293,232,457.3160548,31.180569235069925,50953.0
305,166,1104.1502727,37.6414010206795,60499.0
305,276,286.84490583,9.778781383337767,63749.0
306,230,560.1320085,19.095365982122768,25045.0
306,273,304.92339869,10.395092239222183,41718.0
324,325,318.03930575,10.842224418239958,41710.0
324,287,128.00389838,4.363759345319671,31551.0
325,326,242.00206611,8.250051685450716,41709.0
326,327,107.04204781,3.649152427267211,41712.0
326,260,398.52780704,13.586144362399178,28499.0
327,328,102.0,3.4772648243981266,41711.0
328,329,95.0,3.238629003115902,41713.0
329,248,526.52399151,17.94964073411197,26715.0
329,330,323.03872064,11.012658629412208,41708.0
330,331,277.04510464,9.444698011140884,41716.0
331,332,147.01360481,5.011816046213532,41715.0
331,227,616.57563648,21.019576199145003,19158.0
332,333,169.01183391,5.76175397021825,41717.0
333,306,405.16973695,13.812573276538007,41714.0
333,229,602.07972894,11.728799232079668,58438.0
334,360,267.83950418,9.13087143597401,54315.0
334,257,478.84629476,16.324268402571814,26687.0
336,327,24.39333288,0.8315890036613554,150941.0
339,281,210.0,5.727259710773384,6072.0
342,278,245.0,4.772716425644488,65037.0
347,342,645.38840264,22.001827358574182,35797.0
352,306,284.01865624,9.682432184472308,163788.0
352,396,211.25689444,7.201923215174512,163790.0
354,258,1249.15555478,42.58475167488256,35785.0
354,417,284.62718423,9.703177409710433,24365.0
356,352,351.25327511,11.974516254849425,25042.0
356,293,300.46576056,10.243127648346254,50954.0
356,276,651.72496437,22.21784601750905,27463.0
360,490,1385.96527084,47.24870866793485,56374.0
363,336,166.61813798,5.680150885338898,13435.0
369,339,370.06101767,25.23137567891892,157791.0
369,224,1159.48879287,39.5279371934382,157790.0
378,305,465.30756445,15.862721827336756,63745.0
378,167,1450.20111708,49.43856208554072,29652.0
387,255,683.71324228,13.319058864736348,13675.0
413,369,130.75537007,4.457559303387948,43828.0
413,414,424.38642669,14.467686210599522,53641.0
414,430,128.54960132,4.382362812357245,20109.0
414,285,665.79653048,22.69755740827862,53640.0
416,391,414.11550954,14.117542103540677,113048.0
416,333,353.0339927,6.877269941918963,58437.0
417,347,500.17566018,17.05140420749044,35798.0
417,431,102.15348004,3.482497086597531,24368.0
425,347,312.12978071,10.64076379519592,60167.0
427,363,237.01798666,8.0801402721812,13436.0
427,375,430.80587521,14.686530549135115,13434.0
429,305,924.07388544,31.50244722534722,60498.0
429,356,265.01698097,9.034649272501657,50960.0
431,463,256.78970564,8.75417461460315,24367.0
433,325,475.05159088,16.19490379158229,40287.0
434,330,469.93917943,16.02061743371038,25178.0
437,342,456.00109649,8.883118054407019,65028.0
437,438,125.21555244,4.268702313403834,14844.0
438,156,3.78894055,0.1291681342769675,212517.0
439,291,653.01225103,22.26173069027116,60365.0
439,441,312.00641019,10.636557991572747,14843.0
441,290,656.00304877,22.36368947241029,10172.0
441,442,313.02655798,10.671335678100732,14842.0
442,324,533.00374858,18.17054104127036,31543.0
444,429,87.00574735,2.9660982821629958,50959.0
447,444,447.00111878,15.238639870591204,133273.0
448,220,1599.46922078,54.5272358737821,8161.0
451,378,321.54937412,10.961885567987348,63748.0
455,437,60.56200001,1.1797765396637083,65036.0
456,354,555.63989615,18.94222613641788,35786.0
457,413,335.71581475,11.444831310042478,43829.0
457,339,572.00087413,15.599988385390034,6053.0
461,496,386.98417687,13.192612410085433,141492.0
463,485,286.01499365,9.75048898695685,24366.0
478,435,242.00826432,8.25026298758412,19942.0
481,417,442.82389276,15.09623476173918,35801.0
482,518,1142.14881054,38.93680277567552,59318.0
482,451,318.05751103,10.842845051374884,63747.0
486,478,699.16092568,23.83497738686958,13504.0
486,444,205.00975651,6.988953087947528,50957.0
487,482,889.09745313,30.31007156108736,63746.0
487,460,108.28272384,3.691448104890671,165695.0
494,270,1529.90545526,52.15574925716079,40516.0
494,494,1454.89176806,49.59847027824937,211931.0
495,334,1000.94988183,34.12321387326393,26682.0
495,514,284.60498942,9.702420770180067,53069.0
496,501,352.39016077,12.013273632446293,57068.0
497,427,452.29428302,15.419088241390362,13438.0
497,465,490.60738703,16.725213818718593,13571.0
498,487,140.00014267,4.772721289383433,153169.0
499,448,379.47124437,12.936490293317515,8165.0
501,416,520.53914358,10.140349880633387,58471.0
507,814,1650.69680482,22.50945072606653,168646.0
507,815,1648.15464815,28.09348129009934,168651.0
514,360,993.9386299,33.88419446433077,56373.0
518,498,120.00754953,4.091157163165539,25951.0
528,455,572.64803721,11.155455891041806,65029.0
528,426,581.03099057,19.807829660728043,57939.0
523,464,374.36468076,12.762403293174335,40290.0
523,497,309.49132623,10.550816687802984,13437.0
525,539,543.60272258,18.53186887916164,24861.0
525,486,291.01546511,9.920959217479052,50958.0
527,499,282.172465,9.619493989786386,35772.0
527,456,515.03544737,17.557986710371114,35787.0
535,442,548.25057709,18.690318104617944,150940.0
537,528,328.97568299,6.408602636097905,65034.0
539,478,411.34674596,14.02315265056216,19943.0
539,583,356.36206415,12.148679121751996,24862.0
554,555,101.24372647,3.451482830834476,15874.0
555,566,437.17273474,14.90358208526799,15872.0
556,537,385.26873738,7.505218086452401,65035.0
556,463,579.57902809,19.75833105231579,8730.0
558,559,180.00277776,6.136444386262759,36200.0
559,439,651.01228867,22.19355031022657,60366.0
559,562,314.00636936,10.704738262867586,36199.0
562,441,651.00307219,22.19323611275884,10173.0
562,563,291.52926238,9.938474993693196,36198.0
563,564,25.51016764,0.8696628294026605,150939.0
564,535,103.75248734,3.537008575207784,31549.0
566,569,427.98357679,14.590316048940798,15873.0
566,501,303.94900893,5.921071132565608,58470.0
568,527,228.06883922,7.775056393735469,35774.0
568,481,633.89434132,21.60998524957898,35800.0
569,571,462.56638775,9.011013048022294,38679.0
570,523,214.1180086,7.299460976225054,40288.0
570,591,482.91837978,16.463089167297348,24687.0
571,670,1071.6535173,20.87631977394857,38662.0
571,525,195.01026705,6.648062176563236,50955.0
572,568,174.26990561,5.941006007145439,35799.0
576,495,511.72258109,17.445048343867402,26683.0
576,552,160.31219542,5.465176059372593,52242.0
596,537,346.25656347,11.804174199717728,44832.0
597,622,261.57435662,8.917287345483306,77537.0
598,566,275.53440198,5.367541086367661,15810.0
598,569,496.36855347,9.66949529926393,38678.0
599,564,288.02777644,9.81910642612176,31547.0
603,596,274.74252724,9.366201232724473,33975.0
603,594,207.30863453,7.067323751423293,33976.0
604,555,330.73252032,11.274946658757594,15798.0
613,599,60.95937607,2.0781558247594893,150938.0
619,559,453.01437168,15.44363666264395,60367.0
619,562,446.56860249,15.223895030579476,10174.0
622,568,362.14799933,12.345926463689857,35775.0
635,664,352.88801885,12.030246028418118,7045.0
635,576,424.70958441,14.478702926016078,26684.0
637,451,1211.19107733,41.290511066906674,23459.0
641,720,434.88236887,14.825501608064528,77532.0
641,499,893.47791218,30.45940505294306,8162.0
642,604,371.05017294,12.649408965206897,58678.0
642,554,644.71993152,21.97903862218495,39236.0
644,570,422.12492647,14.390589787409574,40289.0
644,591,585.09550779,19.94639243285811,34463.0
645,854,298.97797066,5.824232944795255,195617.0
646,647,115.10864433,3.92414941091043,63156.0
646,603,179.31575544,6.113023224038128,33974.0
648,558,521.0,17.761323269719842,42599.0
648,613,960.07441282,32.729735142192865,65255.0
655,644,275.19084287,9.381484685375716,34464.0
655,599,253.00197628,8.625047770800522,31546.0
664,514,921.26603749,31.40672535369238,56377.0
665,604,290.62174729,9.907537049574888,15799.0
665,598,568.14531621,11.067740746238565,38674.0
667,637,207.30032603,7.067040507748847,31328.0
670,804,1089.1366973,21.21690042847305,38683.0
670,637,337.96005681,11.521339388205938,23460.0
671,719,262.09038867,8.93487930720612,31016.0
687,643,270.87554381,9.23437255176693,77536.0
687,717,207.98531256,7.090392268199391,77535.0
706,641,438.79227867,14.958793684673443,8164.0
706,785,594.44038249,20.26496698268868,8724.0
717,622,439.58634055,14.985863914513832,35776.0
719,518,1071.45051951,36.52663924093355,25952.0
720,687,236.01919489,8.046090630134932,77534.0
720,725,57.00877125,1.943476421076316,77533.0
722,655,272.00083823,9.272734774352786,31548.0
722,642,1140.08944237,38.86659720216545,58677.0
729,648,572.05750786,19.50191617269052,42600.0
730,729,24.98859423,0.8518819581091862,150936.0
733,719,344.60904793,11.748009024865851,25953.0
735,730,373.72202489,12.740494620125864,82579.0
749,733,173.51017838,5.915106274076651,42951.0
755,665,1493.30444427,29.090280202674865,38675.0
755,722,299.001,10.193192742743769,31544.0
766,781,349.15080981,11.902841464337582,8723.0
766,556,1413.92577711,48.20190557896459,65030.0
768,729,326.72041729,11.138170729952888,150937.0
769,733,170.9287704,5.827103929309252,25959.0
769,672,609.38692121,20.774506917370644,59453.0
772,596,969.1438111,33.038918471776206,44829.0
772,784,403.03186517,13.739691449678524,8728.0
777,768,35.55710296,1.2121712096108874,42598.0
777,755,218.28879953,4.252369547147134,38676.0
781,556,1317.96863513,44.93064680977998,8729.0
783,726,332.78199137,11.344814831216294,13653.0
784,783,369.00135501,12.57956305815214,8722.0
784,646,765.38219484,26.092515522919268,33973.0
785,788,419.47213888,14.300154052377154,8725.0
788,795,275.46083678,9.390689002297725,8727.0
788,717,440.85493326,15.029111294974332,35773.0
795,766,136.45923749,4.652008887138893,65033.0
804,815,794.34215276,15.474162612487568,38682.0
804,769,197.20414297,6.722853231129021,25958.0
810,645,1017.55867241,19.822526489257974,206507.0
811,810,284.6700121,5.54550711280851,38684.0
811,859,1857.6064823,31.66367489448888,195622.0
812,811,127.02129695,2.4744352259589024,168625.0
812,859,1844.98608347,25.158843959036457,195620.0
814,812,121.90395532,2.37474697921141,168624.0
815,814,200.86533071,3.9129520947842,168623.0
817,63,486.25729663,16.57691561939632,211808.0
824,706,817.97348766,27.885396430689934,8163.0
824,866,511.07056996,17.422820742225586,81859.0
825,826,164.00305485,5.59100052670335,113017.0
826,783,271.03051858,9.239655770555068,13652.0
858,867,113.95174417,3.884709722364268,44921.0
864,825,392.27101243,13.372845030920384,113016.0
866,818,173.82937243,5.925987864686672,81861.0
866,785,618.05402033,21.06997553403288,81860.0
867,772,711.47590143,24.25480515146557,44830.0
877,777,919.56493057,17.913561830930902,38677.0
877,826,255.12720595,8.697498617616779,13651.0
884,885,216.39025757,7.376923833241288,29811.0
884,97,689.1226306,13.424436319787583,211937.0
887,825,622.34841829,21.21637513176107,39022.0
887,901,111.01801656,3.784696508417027,113015.0
888,884,55.16322052,1.0746057496622574,29974.0
899,817,504.04860877,9.819106426121758,6065.0
908,910,280.02956987,9.546440912747926,46230.0
908,867,438.27217123,14.941062789516389,44831.0
910,914,330.0732343,11.252471050065797,46229.0
910,860,717.95786109,24.47578054674876,52377.0
911,908,300.13496964,10.23185071079384,46231.0
911,795,782.36044297,26.671318120981542,65031.0
914,887,377.97974151,12.88564372046882,39023.0
942,78,1205.64159941,41.101324749602846,6869.0
942,899,213.02112571,4.149752757899576,6062.0
947,948,327.00611615,11.147910441680816,54288.0
947,888,481.80267081,9.38574498324192,29951.0
948,888,359.02228343,12.2393682092768,29454.0
949,877,910.87902365,17.744356236528034,38665.0
953,942,100.53862259,1.9585401446814892,139740.0
970,947,162.34243315,3.162507743975907,29970.0
970,960,57.54552714,1.1210142147079536,210197.0
971,914,252.00198412,8.590957206460896,39024.0
971,949,161.06063434,3.1375376940377087,38673.0
973,984,256.99588571,5.006401979800695,42846.0
973,970,40.81666326,0.7951279966571504,29971.0
974,911,296.46147102,10.106618087913436,65032.0
974,975,242.0,4.714275000024351,42852.0
975,977,415.0,8.08439721078556,42851.0
977,971,207.6267952,4.04466863614271,42854.0
978,979,247.0,4.811677376057912,42847.0
979,974,258.00193798,5.026000356103086,42853.0
981,885,538.05604521,18.342778034936284,52871.0
981,982,268.999,5.240228350130374,42849.0
982,978,1141.00701488,22.22735886405453,42848.0
982,886,532.94219687,18.168442692289336,6121.0
983,981,256.00294921,4.987059104930606,42850.0
983,948,143.00349646,4.875108117708824,29456.0
984,983,233.00214591,4.538992526510492,42845.0
1070,975,450.03999822,15.34223779786864,60938.0
1070,977,687.1041863,23.42395311487929,38671.0
1071,974,465.00107527,15.852273356310556,14448.0
1071,1070,247.45504642,8.435948318981094,38672.0
1073,1071,252.33509467,17.204626444258082,38667.0
1073,979,477.05135992,16.263077581187318,53459.0
1074,978,490.08264609,16.707324963693267,53485.0
1074,1073,245.34465554,16.7280066777121,38666.0
1079,981,499.03408301,17.012486892416156,52872.0
1079,1080,1101.41650801,75.09640941793315,38669.0
1080,1066,180.94262651,6.168484611739519,155297.0
1080,1074,323.89312378,22.083571885972987,155299.0
1081,973,521.01535486,10.149626702666586,6054.0
1081,1083,256.00781238,17.455038446276262,38663.0
1082,1079,248.00807245,16.909602872493473,38670.0
1082,983,500.00399998,17.0455521685178,29455.0
1083,984,500.001,17.04544989670478,75822.0
1083,1082,236.00211863,16.09101697246143,38668.0
89,71,160.88495502,1.828233970150068,137415.0
193,170,124.73127437,4.252192871266202,169529.0
193,198,761.7876886,51.93995163192812,169535.0
505,506,457.42003856,31.18765902077496,171069.0
505,693,277.50024342,5.405836611799908,194876.0
716,265,271.97680473,9.271915452351246,172022.0
718,716,571.97952836,38.9985155733737,172023.0
786,479,144.35635747,3.936982619675864,172394.0
786,789,455.74858108,31.07369626978121,172395.0
808,780,290.85765002,9.915579169820068,172567.0
809,808,458.1558358,15.618913450196704,172568.0
225,883,410.08527318,13.980147994436376,175358.0
623,897,100.49132422,3.4258328124254263,205796.0
626,623,284.46900547,9.69778496423872,194510.0
627,915,161.11176245,5.4924339643546265,194512.0
627,628,572.04038348,39.00266477667096,194513.0
629,350,118.63828192,4.04447769164161,194514.0
629,630,237.1228142,16.16742786039123,194516.0
631,680,90.64179315,3.0900541072633927,194517.0
631,632,387.76960143,26.438776373008245,194519.0
693,695,427.86781056,29.172738963775085,194880.0
693,1020,574.73344015,11.19608053131048,194877.0
694,44,54.92182274,1.872330610839521,194878.0
694,696,416.13453936,28.37274501830678,194881.0
697,698,82.68587319,2.818830179590501,194884.0
697,699,349.11204965,23.803040196499555,194886.0
698,319,313.02600351,10.67131677575733,194885.0
698,708,363.54683217,24.78722767698256,194887.0
702,740,50.33222116,0.9804955864061348,194888.0
702,703,243.33680516,16.591108099299777,194890.0
703,707,122.27556804,8.336951600564545,194895.0
703,710,169.56088529,11.560943176720054,194891.0
704,705,289.2197883,19.71948620344045,194892.0
705,707,378.35482313,25.7968611296338,194894.0
705,709,205.54036906,14.014084222081314,194899.0
707,713,354.59439554,24.176835657646237,194896.0
709,714,89.72242677,6.117424285626624,194898.0
709,715,148.3842463,10.117084708898387,194900.0
848,540,240.49705894,8.198744739443775,195607.0
852,454,429.88111881,14.655004834420833,195615.0
854,387,1033.15038373,20.126260435057453,195618.0
859,171,1862.18765221,28.21490030265083,168644.0
490,182,397.80022232,7.749337368129358,199109.0
513,515,235.39967992,16.049941699223414,199260.0
513,950,344.38924067,11.740515612578154,199256.0
515,515,1093.20474969,74.5365180776862,199261.0
137,41,318.91230935,10.871985836964008,202393.0
960,953,3.61807561,0.0704818322166151,210196.0
1048,732,75.98373588,2.5903487451164886,212080.0
1049,108,7.68000331,0.2909085551320716,212081.0
1050,582,56.6128652,1.5439837236733551,210704.0
1052,551,243.49409602,8.300916225872214,210708.0
1054,578,1047.00000402,39.65900092727062,210710.0
1088,538,2068.80551682,28.210920204544987,211135.0
1090,170,1478.2635659,22.3978819123896,211137.0
51,1088,833.81188648,11.370136247144892,211659.0
52,51,36.23816718,0.494155702100677,211660.0
62,457,558.34489971,15.227553565832809,6067.0
63,62,933.85854228,63.67202862811676,211729.0
76,84,141.73988866,4.832030676975735,211805.0
77,76,462.54055962,15.76839233160834,211796.0
77,82,649.71299769,22.149256400212728,211810.0
78,79,530.2337869,36.15222148813299,211801.0
78,101,33.63290333,1.1465736440371728,211947.0
79,664,201.84461255,6.881050698180232,211800.0
82,62,578.57197381,19.723999734432425,211809.0
82,83,759.44681732,25.89017356733281,211802.0
83,79,242.88425884,8.280126369258252,211803.0
84,83,256.00002543,8.72725375953691,211806.0
85,84,365.72996117,12.468038521616998,211807.0
97,1057,25.40900971,0.4949795836827643,211939.0
101,76,117.35259475,4.000647546823758,211948.0
108,734,645.2793875,24.44234549088146,214129.0
156,439,152.00328953,5.181918547798755,212518.0
267,157,94.5295078,1.841479733000607,213460.0
294,791,186.72169325,6.365497802845903,159516.0
294,296,242.14607169,8.254960955429649,213671.0
297,298,311.72947427,21.25423403151357,213676.0
297,294,179.69180411,6.125843035924919,213674.0
300,297,413.57030981,14.098955791350477,213681.0
300,301,288.51114085,19.67116944166036,213682.0
302,206,634.58312397,12.361980813095554,45128.0
304,302,805.6901224,54.933292587971394,213684.0
307,81,452.52610916,15.426991387292302,213688.0
307,309,966.15320569,32.93696624632672,213693.0
307,308,541.0907971,18.446235250601703,213690.0
309,204,1110.81693635,37.86867312858381,213697.0
321,320,225.97641264,15.407447663073494,213738.0
321,793,115.71248738,3.944734922647904,213923.0
341,976,487.10218476,33.211437116733826,213840.0
368,371,75.35137455,1.4678805837129592,214022.0
370,371,399.01661969,15.114231546822245,214024.0
370,807,396.40085382,4.504544919443365,214019.0
371,372,708.16747797,26.824464715989283,214029.0
371,807,36.80376148,0.7169547630248893,214021.0
372,368,195.68861565,3.812107225405657,214027.0
373,376,524.40878306,5.959177173006426,214039.0
374,372,39.16480914,0.7629490934273851,214032.0
374,373,1569.73476643,59.459515108299,214034.0
376,377,700.44501078,26.531947684209808,214044.0
376,406,684.60876689,7.779627397324098,214040.0
377,406,39.90571424,1.360418984502308,214041.0
377,394,835.40689731,31.644128737207414,214090.0
379,380,439.65453207,4.996062873379834,214050.0
380,1097,1148.74481187,13.053888648775798,214067.0
380,381,1156.02182213,43.78860586415334,214056.0
383,138,797.82756915,9.06620177170052,214062.0
384,383,317.65382108,12.032314361406756,214066.0
384,1097,27.09288192,0.9236188754116468,214063.0
385,13,308.90670513,3.5102954894420697,214068.0
385,386,308.95007819,10.532365092011156,214072.0
386,393,430.59524105,7.3396749277274385,214082.0
386,13,19.99356687,0.6815973214833603,214070.0
388,1061,959.99039927,18.701069171660976,13058.0
389,1061,714.87420572,12.185328085390717,134814.0
389,388,309.45824115,10.549688789911842,214077.0
393,389,345.09597343,11.76460872009382,214083.0
393,388,436.46004805,7.439643001663633,214084.0
394,802,409.02291343,15.493256963431143,214091.0
394,728,181.92130315,6.890942791417898,214087.0
395,419,962.8488092,14.588585165336749,214152.0
395,404,59.82759675,1.63165802123177,205106.0
398,379,1245.86800343,47.19186257266082,214051.0
400,800,1022.86974738,11.623493439560368,120090.0
400,398,1033.59674031,39.15130269817569,214092.0
402,400,775.32361907,8.810475647441711,214100.0
403,400,809.73948851,22.08375404174081,214101.0
404,411,79.37195169,2.164684671807564,50170.0
404,405,1093.36954732,12.42462570903248,214117.0
405,407,37.65517803,1.2836963335310605,214121.0
405,402,776.39186117,8.822614734625603,214113.0
406,407,42.80747388,1.4593423837673098,214120.0
406,395,1040.98411318,11.829338037640824,214089.0
408,1049,717.56666452,27.180493700393107,214128.0
409,410,456.98997025,17.310186804499686,214134.0
410,545,121.35961754,4.5969447622467525,214133.0
410,582,247.63502959,8.442084094922512,214135.0
411,409,294.82295487,11.167510788611844,214131.0
411,1050,12.50292177,0.340988000572726,210703.0
412,404,988.56487596,14.978221654950788,214137.0
412,411,977.55046644,37.02834260376681,214138.0
418,560,122.79701993,4.18625252885789,33072.0
418,745,2334.6386575,39.79488667355302,33078.0
418,602,1305.22473575,14.832065560646456,214159.0
419,418,425.1167562,4.8308612503153405,214150.0
420,421,156.38242452,10.662413802695903,214158.0
420,728,130.63739704,3.562830003749992,214154.0
421,419,985.84124005,37.34238634495528,214157.0
428,792,34.25366405,0.9341887145711032,214230.0
557,902,149.81520033,5.107324767330075,45247.0
557,882,134.72385655,4.592848307731119,214799.0
723,828,387.17262982,13.19903692787062,215498.0
723,724,164.00094936,11.181857497596598,215499.0
816,820,275.085925,4.688953973968241,216094.0
821,805,685.24443405,11.680276307042485,216097.0
822,805,693.17748048,7.876998921366089,216099.0
922,931,283.86598951,19.35445529737433,155823.0
922,241,263.29011718,8.975779049820341,216624.0
72,86,142.67786205,2.4320034849352616,217930.0
86,87,21.97295494,0.374538153436015,217926.0
86,88,179.76665565,2.042798262390313,217950.0
87,88,195.56610236,3.3335055322601543,217954.0
90,91,289.63537034,9.87391063906673,218019.0
125,128,67.48601547,4.601308779070957,218287.0
128,488,580.78797193,15.839635962554633,218288.0
422,355,210.17857047,7.165162254290332,220110.0
422,424,202.7358042,13.822864325308352,220111.0
43,47,493.05021573,33.61698376117327,223356.0
47,28,229.86313084,7.836225287215257,223392.0
286,921,189.36130685,12.91096885120716,224961.0
996,997,211.47000362,14.418376568689618,228075.0
996,50,168.7212823,5.751848824207219,228073.0
1045,1046,710.43680426,13.839646551322774,28888.0
1045,940,52.06293048,1.774868596207736,44360.0
1046,873,287.81777176,9.811947191938202,43740.0
1046,533,1798.76263854,35.040750982838674,28889.0
1055,706,272.20993587,9.279863086788438,8726.0
1055,1056,1704.30988131,33.200766387414056,228224.0
1056,197,1574.98159675,30.68138994651636,37260.0
1057,1058,136.01002281,2.649539877214565,211945.0
1058,1055,636.35419582,12.396482134358786,211946.0
797,912,74.70034985,2.546597048074891,232343.0
797,798,222.47825074,15.16893716650644,232340.0
798,801,153.3009186,10.452311603837265,232342.0
799,798,105.0332869,7.161344194672285,232341.0
