node_index,is_stop_only,pos_x,pos_y
541,False,6325423.357,1852622.303
638,False,6325351.958,1852266.978
542,False,6323131.928,1852622.121
550,False,6323796.296,1852571.807
1051,False,6323126.18,1852640.966
545,False,6321455.0,1852609.0
408,False,6321453.415,1852628.819
546,False,6325388.506,1852604.63
1052,False,6324012.06,1852552.591
551,False,6324254.829,1852569.226
549,False,6324435.772,1852586.574
560,False,6322931.689,1852542.517
412,False,6322433.924,1852511.363
567,False,6324857.872,1852529.251
578,False,6323643.173,1852473.921
1054,False,6324684.246,1852540.225
575,False,6324971.597,1852504.342
579,False,6325068.416,1852468.614
582,False,6321466.0,1852422.0
602,False,6324139.0,1852364.0
609,False,6325509.0,1852324.0
592,False,6325586.974,1852398.261
640,False,6325566.452,1852259.652
636,False,6325450.734,1852267.138
681,False,6325343.0,1852162.0
657,False,6325397.261,1852214.761
614,False,6325264.905,1852319.189
923,False,6325603.894,1851253.427
685,False,6325447.243,1852144.269
728,False,6321515.0,1851985.0
395,False,6321480.066,1852214.173
421,False,6321560.72,1852014.211
732,False,6319942.0,1851959.0
734,False,6320411.0,1851953.0
403,False,6319698.277,1851878.799
1047,False,6319965.217,1852017.04
405,False,6320435.75,1851938.771
402,False,6319678.467,1851772.999
736,False,6322704.0,1851935.999
418,False,6322837.596,1852463.799
738,False,6322960.0,1851930.0
737,False,6325106.37,1851932.3
739,False,6323090.0,1851928.0
673,False,6322968.0,1852189.0
618,False,6323312.0,1852307.0
702,False,6323140.67,1851927.499
740,False,6323191.0,1851927.0
741,False,6323359.0,1851924.0
669,False,6323325.0,1852199.0
634,False,6323407.0,1852278.0
742,False,6323561.0,1851921.0
684,False,6323572.0,1852145.0
744,False,6323846.0,1851909.0
748,False,6324000.0,1851875.0
91,False,6324222.368,1852205.307
745,False,6325061.336,1851892.336
666,False,6324910.0,1852200.0
872,False,6325337.931,1851535.847
806,False,6324368.0,1851678.0
763,False,6324976.0,1851811.999
800,False,6317883.0,1851743.0
398,False,6317887.749,1851885.672
379,False,6316665.976,1851673.535
802,False,6321646.0,1851733.0
828,False,6321629.661,1851602.23
420,False,6321563.327,1851863.817
803,False,6324883.0,1851723.0
871,False,6324695.0,1851543.0
771,False,6324524.0,1851795.0
807,False,6317881.0,1851674.0
373,False,6319307.246,1851662.471
827,False,6321764.0,1851605.0
834,False,6321846.0,1851592.001
833,False,6321173.0,1851593.0
747,False,6321161.0,1851875.0
846,False,6322670.0,1851579.0
836,False,6320984.0,1851590.0
750,False,6320977.0,1851836.0
839,False,6325712.171,1851586.399
840,False,6320526.0,1851586.0
377,False,6320516.381,1851850.705
842,False,6325679.71,1851582.287
844,False,6325662.0,1851580.0
705,False,6322759.828,1851590.492
849,False,6318966.0,1851574.0
850,False,6319332.0,1851574.0
851,False,6319585.0,1851574.0
819,False,6319585.0,1851628.0
855,False,6318555.999,1851571.0
861,False,6318411.0,1851566.0
869,False,6321824.0,1851547.0
998,False,6325718.236,1851000.387
883,False,6325044.0,1851476.0
1075,False,6325174.0,1850831.0
892,False,6321174.0,1851418.0
215,False,6321428.291,1851419.255
893,False,6320524.0,1851411.0
909,False,6321716.0,1851296.0
913,False,6322211.001,1851288.0
917,False,6322656.0,1851275.0
928,False,6321174.0,1851246.0
934,False,6320521.0,1851239.0
936,False,6319208.0,1851235.0
937,False,6319328.001,1851235.0
938,False,6319590.0,1851235.0
943,False,6319709.162,1851234.455
950,False,6323966.0,1851159.0
957,False,6322208.0,1851125.0
956,False,6322315.0,1851126.0
959,False,6321681.0,1851122.0
962,False,6323776.0,1851117.0
1068,False,6323637.001,1850862.0
967,False,6323639.0,1851091.0
969,False,6324657.001,1851087.0
961,False,6324762.0,1851119.0
954,False,6324628.0,1851138.0
976,False,6321173.0,1851075.0
980,False,6320518.0,1851069.0
341,False,6320685.918,1851070.538
987,False,6318956.001,1851055.0
988,False,6318544.0,1851051.0
989,False,6318214.0,1851049.0
990,False,6319326.0,1851049.0
991,False,6319587.0,1851049.0
995,False,6325844.512,1851023.998
382,False,6326074.6,1848575.823
1008,False,6322965.0,1850968.0
1016,False,6325915.468,1850956.344
1021,False,6322634.0,1850922.0
1025,False,6321657.0,1850910.001
1026,False,6321511.0,1850908.0
723,False,6321543.203,1851235.746
1027,False,6321172.0,1850906.0
1029,False,6320515.0,1850903.0
1030,False,6319189.0,1850896.0
1032,False,6319324.0,1850895.0
1031,False,6319862.0,1850896.0
1033,False,6319584.0,1850895.0
1035,False,6319047.0,1850894.0
1037,False,6318953.0,1850892.0
1039,False,6318790.0,1850889.0
1040,False,6318535.381,1850887.0
1042,False,6318258.0,1850886.0
1044,False,6318211.0,1850885.0
1053,False,6317873.0,1850880.0
374,False,6317881.0,1851327.0
1059,False,6316237.0,1850873.0
389,False,6316233.208,1850816.5
368,False,6317881.15,1851561.845
1064,False,6315779.0,1850869.0
1061,False,6316946.0,1850871.0
370,False,6317484.719,1851683.727
384,False,6315433.0,1850694.75
1086,False,6323636.0,1850777.0
49,True,6325585.0,1850466.0
1093,False,6315256.757,1850737.392
138,False,6314637.0,1849918.001
1095,False,6324865.0,1850718.0
1097,False,6315415.0,1850715.0
381,False,6315328.853,1850812.817
383,False,6315182.854,1850498.967
1,False,6315579.201,1850673.099
6,False,6321638.0,1850633.999
7,False,6322017.0,1850628.0
10,False,6322458.0,1850620.0
8,False,6322955.001,1850622.0
12,False,6323469.0,1850610.0
9,False,6324685.081,1850620.462
11,False,6326023.826,1850616.542
1085,False,6323481.0,1850805.0
23,False,6323942.0,1850580.0
13,False,6315506.0,1850602.0
16,False,6321496.0,1850590.0
18,False,6321639.0,1850588.0
513,False,6323951.737,1850814.906
31,False,6321494.0,1850556.0
33,False,6320506.001,1850552.0
34,False,6321165.0,1850551.0
35,False,6319857.0,1850540.999
36,False,6319186.0,1850535.0
37,False,6318783.0,1850531.0
38,False,6319042.0,1850531.0
39,False,6318527.0,1850528.0
41,False,6318256.0,1850526.0
42,False,6317867.997,1850524.897
69,False,6325399.0,1850357.0
127,False,6325742.001,1849993.0
54,False,6316955.0,1850447.999
59,False,6315861.0,1850403.0
388,False,6316062.336,1850569.896
60,False,6315675.0,1850401.0
386,False,6315518.867,1850586.697
70,False,6317050.698,1850355.586
73,False,6317229.108,1850354.067
75,False,6317863.0,1850334.0
74,False,6323938.0,1850341.0
81,False,6315751.0,1850311.0
93,False,6318774.0,1850220.0
98,False,6319037.0,1850208.0
94,False,6318522.001,1850219.0
96,False,6319847.0,1850209.0
99,False,6319182.0,1850207.0
102,False,6324683.388,1850192.334
111,False,6322935.0,1850105.0
114,False,6323408.0,1850091.0
116,False,6323930.0,1850079.0
122,False,6324832.0,1850008.0
121,False,6326614.0,1850019.0
56,False,6324844.0,1850420.0
123,False,6325142.0,1849997.0
57,False,6325155.0,1850416.999
155,False,6325670.0,1849802.0
129,False,6321610.0,1849987.0
130,False,6321996.0,1849982.0
131,False,6325964.82,1849981.912
135,False,6322440.0,1849962.0
211,False,6314332.0,1849514.0
139,False,6319056.0,1849909.0
141,False,6321151.0,1849897.0
143,False,6321458.0,1849896.0
142,False,6320496.0,1849896.0
146,False,6319840.0,1849893.0
147,False,6317220.606,1849860.869
148,False,6316573.674,1849855.434
150,False,6325339.001,1849845.0
151,False,6323922.0,1849830.0
174,False,6324549.0,1849731.0
152,False,6318517.0,1849812.0
154,False,6318800.0,1849812.0
213,False,6325518.0,1849480.0
157,False,6326606.0,1849793.0
158,False,6322925.0,1849790.0
164,False,6323604.0,1849778.0
178,False,6315536.0,1849653.0
212,False,6315751.0,1849484.001
184,False,6321590.0,1849566.0
185,False,6321983.0,1849564.0
186,False,6321512.313,1849562.278
188,False,6321440.0,1849559.0
189,False,6320771.0,1849557.0
190,False,6321148.0,1849557.0
192,False,6320490.0,1849555.0
194,False,6319502.0,1849550.0
196,False,6319830.0,1849547.0
195,False,6319180.0,1849547.0
200,False,6318658.0,1849541.0
201,False,6318686.0,1849541.0
202,False,6318513.0,1849539.0
203,False,6318234.0,1849537.0
204,False,6317213.0,1849536.0
206,False,6317851.0,1849533.0
337,False,6313764.0,1848781.0
280,False,6313773.855,1848984.478
309,False,6316102.258,1849523.119
319,False,6325128.0,1848885.0
217,False,6324545.0,1849450.0
218,False,6315650.524,1849448.018
221,False,6326587.0,1849421.0
267,False,6326596.248,1849699.003
223,False,6315557.146,1849414.266
226,False,6315413.0,1849364.0
235,False,6321576.0,1849313.0
236,False,6321726.0,1849311.0
237,False,6321975.0,1849307.0
238,False,6322158.0,1849305.0
239,False,6322903.0,1849295.0
240,False,6323074.508,1849292.55
922,False,6323129.737,1849291.761
241,False,6323393.0,1849288.0
242,False,6323590.0,1849285.0
277,False,6323372.0,1848993.999
243,False,6323899.0,1849283.0
283,False,6324333.0,1848973.0
250,False,6319821.0,1849221.0
251,False,6320483.0,1849221.0
252,False,6319328.001,1849220.0
253,False,6319500.0,1849220.0
259,False,6313423.0,1849089.0
268,False,6313486.0,1849032.0
261,False,6315316.0,1849073.0
262,False,6315655.095,1849069.938
264,False,6323074.128,1849047.297
265,False,6314877.0,1849045.0
266,False,6318442.0,1849042.0
348,False,6313576.793,1848734.814
271,False,6316487.0,1849024.0
269,False,6317127.001,1849028.0
274,False,6321144.0,1849012.0
275,False,6320763.0,1849009.0
279,False,6321712.0,1848986.0
282,False,6322151.999,1848983.0
312,False,6324523.0,1848894.0
245,False,6324445.999,1849280.0
284,False,6323890.0,1848972.0
292,False,6324193.0,1848964.0
289,False,6315551.347,1848962.709
295,False,6322711.0,1848942.0
310,False,6322769.001,1848899.0
311,False,6319498.0,1848897.0
313,False,6319816.0,1848893.0
233,False,6324537.0,1849320.0
314,False,6324700.0,1848891.0
316,False,6320479.0,1848887.0
697,False,6324732.327,1848890.547
315,False,6319168.0,1848888.0
317,False,6320761.0,1848887.0
318,False,6318735.0,1848885.0
459,False,6324984.0,1848288.0
335,False,6323223.0,1848796.0
338,False,6323885.001,1848781.0
502,True,6313170.426,1848040.842
340,False,6314370.0,1848772.0
343,False,6320809.0,1848758.0
344,False,6320973.0,1848758.0
345,False,6321142.0,1848758.0
346,False,6321374.001,1848758.0
349,False,6313814.0,1848730.0
385,False,6315275.67,1850396.157
351,False,6315703.0,1848696.0
629,False,6315870.38,1848701.054
353,False,6326583.0,1848676.0
355,False,6323878.0,1848658.0
362,False,6324302.0,1848649.0
357,False,6321510.0,1848655.0
359,False,6321624.0,1848652.999
361,False,6321666.0,1848652.0
358,False,6322135.0,1848655.0
364,False,6315383.0,1848631.0
365,False,6316841.0,1848609.0
322,False,6316844.0,1848868.0
366,False,6326199.949,1848608.121
367,False,6316519.0,1848608.0
536,False,6326109.933,1847937.449
392,False,6319810.0,1848559.0
397,False,6320475.001,1848556.0
399,False,6324530.0,1848548.0
401,False,6319277.0,1848545.0
390,False,6319484.0,1848559.999
415,False,6323222.0,1848486.0
423,False,6323523.0,1848480.0
436,False,6322701.0,1848404.999
440,False,6325163.0,1848384.0
492,False,6325157.0,1848159.0
179,False,6326052.74,1849625.868
443,False,6323868.783,1848379.876
422,False,6323871.039,1848447.937
445,False,6322340.0,1848376.0
446,False,6323598.84,1848374.304
449,False,6315341.0,1848355.0
450,False,6315699.0,1848350.0
452,False,6321621.0,1848335.0
453,False,6321799.0,1848334.0
454,False,6325650.425,1848332.182
532,False,6324973.0,1847949.0
462,False,6314218.0,1848242.0
716,False,6314970.94,1848811.668
466,False,6319788.0,1848235.0
467,False,6319927.0,1848235.0
470,False,6320468.0,1848234.0
468,False,6318965.0,1848234.0
469,False,6319278.0,1848234.0
472,False,6320803.0,1848233.0
471,False,6318684.0,1848233.0
323,True,6318671.0,1848867.001
473,False,6320910.0,1848233.0
474,False,6318575.0,1848231.0
475,False,6318263.0,1848224.0
254,False,6318287.0,1849169.0
476,False,6317830.0,1848215.0
302,False,6317841.887,1848898.483
477,False,6323212.0,1848215.0
483,False,6323494.0,1848211.0
479,False,6317480.0,1848213.0
480,False,6317171.0,1848212.489
786,False,6317335.646,1848212.175
484,False,6316835.0,1848209.0
488,False,6315851.0,1848202.0
489,False,6315718.0,1848193.0
491,False,6320960.0,1848162.0
493,False,6321131.0,1848122.0
500,False,6321097.999,1848059.0
504,False,6321167.413,1848032.866
1022,False,6310089.0,1845846.0
508,False,6321238.0,1848008.0
509,False,6321620.0,1848001.0
510,False,6321925.0,1847995.0
511,False,6322375.0,1847987.0
512,False,6322684.0,1847982.0
517,False,6323012.0,1847977.0
516,False,6319783.0,1847977.0
520,False,6323204.0,1847974.0
519,False,6319271.0,1847975.0
522,False,6323303.0,1847973.0
521,False,6325525.001,1847974.0
534,False,6325885.0,1847939.0
524,False,6323691.0,1847967.0
526,False,6323855.0,1847964.0
458,False,6323702.76,1848288.431
529,False,6324287.999,1847957.0
530,False,6324668.0,1847952.0
432,False,6324685.0,1848416.0
852,False,6325309.958,1848069.863
533,False,6313677.0,1847944.0
548,False,6314102.0,1847907.0
1090,False,6326337.285,1845881.048
538,False,6326230.11,1847935.802
540,False,6326572.0,1847930.0
543,False,6326734.001,1847928.0
544,False,6313172.173,1847927.0
547,False,6319929.0,1847920.0
580,False,6314567.0,1847750.0
593,False,6314207.0,1847694.0
553,False,6321166.0,1847877.999
561,False,6317820.983,1847843.321
565,False,6318148.455,1847838.699
574,False,6316183.705,1847811.894
573,False,6316371.411,1847814.64
503,False,6314633.0,1848040.0
584,False,6314674.0,1847716.0
531,False,6314703.0,1847951.0
589,False,6314803.0,1847707.0
585,False,6319265.0,1847714.0
587,False,6319474.0,1847713.0
588,False,6319786.0,1847713.0
586,False,6320050.0,1847714.0
590,False,6317470.0,1847707.0
605,False,6321275.0,1847620.0
606,False,6316161.854,1847586.805
624,False,6316369.755,1847528.876
607,False,6320787.0,1847580.0
639,False,6320785.001,1847501.0
608,False,6320830.0,1847580.0
610,False,6319470.0,1847577.0
611,False,6320450.0,1847577.0
612,False,6321920.0,1847576.0
615,False,6323845.114,1847571.597
616,False,6324273.495,1847570.194
617,False,6320264.0,1847565.001
620,False,6318348.0,1847541.0
581,False,6318350.0,1847728.0
621,False,6317814.0,1847540.0
625,False,6314384.0,1847525.0
688,False,6314494.0,1847260.0
649,False,6323546.0,1847454.0
650,False,6323842.0,1847448.0
600,False,6323549.0,1847648.0
651,False,6319941.0,1847443.999
653,False,6316085.44,1847414.57
675,False,6316219.01,1847329.125
654,False,6326567.0,1847412.0
656,False,6314121.0,1847409.0
577,False,6313959.0,1847780.0
633,False,6314251.349,1847095.796
658,False,6317437.001,1847403.0
659,False,6314087.383,1847394.492
660,False,6317157.0,1847394.0
661,False,6323840.0,1847392.0
663,False,6324073.0,1847389.0
662,False,6316647.0,1847391.0
674,False,6323544.001,1847335.0
676,False,6313931.0,1847327.0
595,False,6313786.0,1847662.0
678,False,6323838.0,1847299.0
679,False,6324073.0,1847296.0
680,False,6313854.392,1847291.249
601,False,6313636.079,1847645.957
682,False,6318346.0,1847283.0
686,False,6321628.0,1847268.0
689,False,6317439.0,1847260.0
690,False,6325923.0,1847232.0
691,False,6322986.001,1847230.0
701,False,6323269.0,1847213.0
692,False,6315307.0,1847226.0
711,False,6315452.0,1847201.0
700,False,6319775.0,1847214.0
668,False,6315502.0,1847376.0
712,False,6325682.999,1847200.0
721,False,6319582.0,1847176.0
727,False,6326564.0,1847126.0
731,False,6313622.0,1847114.0
677,False,6313443.999,1847319.999
631,False,6313776.874,1847244.394
743,False,6315838.0,1847046.0
125,False,6315843.71,1847553.767
746,False,6312234.999,1847009.999
751,False,6320644.0,1846966.0
752,False,6320822.0,1846964.0
753,False,6320920.0,1846963.0
754,False,6321244.0,1846960.0
756,False,6321630.0,1846956.0
759,False,6322340.0,1846946.0
757,False,6315821.765,1846953.758
758,False,6315836.0,1846953.0
760,False,6322570.976,1846944.839
761,False,6322738.001,1846944.0
762,False,6323000.0,1846943.0
764,False,6323269.0,1846942.0
765,False,6323823.001,1846939.0
767,False,6324365.0,1846937.0
770,False,6325087.0,1846934.0
774,False,6325511.0,1846928.0
773,False,6315483.0,1846932.0
775,False,6319311.0,1846916.0
778,True,6319476.0,1846913.0
652,False,6319283.0,1847422.0
776,False,6319108.742,1846913.373
780,False,6320437.0,1846912.0
779,False,6319003.0,1846912.0
782,False,6318797.0,1846909.0
787,False,6318120.0,1846899.0
683,False,6318128.0,1847274.0
791,False,6317799.0,1846893.0
792,False,6315835.0,1846891.0
794,False,6316285.0,1846889.0
793,False,6316762.0,1846890.0
300,False,6317019.022,1846891.0
299,False,6316777.779,1847160.346
321,False,6316646.288,1846889.78
796,False,6314414.0,1846863.0
813,False,6312756.993,1846730.502
790,False,6313040.0,1846897.756
823,False,6322566.0,1846702.0
829,False,6322808.0,1846666.001
830,False,6322990.0,1846661.0
832,False,6318116.837,1846650.201
831,False,6318403.567,1846657.675
838,False,6322324.0,1846637.999
843,False,6326559.0,1846623.0
845,False,6313130.0,1846617.992
847,False,6314512.0,1846606.0
841,False,6315016.0,1846627.0
853,False,6318855.763,1846586.065
856,False,6318555.355,1846583.834
857,False,6319125.724,1846582.443
862,False,6322101.0,1846565.0
863,False,6322327.0,1846565.0
865,False,6325754.0,1846563.0
868,False,6325992.0,1846553.0
870,False,6324445.999,1846540.0
835,False,6324769.0,1846644.0
873,False,6312663.855,1846524.262
874,False,6312938.667,1846523.488
875,False,6316293.001,1846504.0
876,False,6316568.555,1846503.151
878,False,6315015.0,1846461.0
879,False,6318882.853,1846437.186
880,False,6322797.0,1846437.0
882,False,6322930.0,1846433.0
881,False,6318592.496,1846433.091
889,False,6326557.0,1846384.0
952,False,6326579.532,1846085.809
890,False,6324655.007,1846381.821
916,False,6325076.509,1846221.393
891,False,6314647.0,1846381.0
894,False,6320650.0,1846369.0
966,False,6320933.0,1846045.0
897,False,6316845.364,1846349.628
898,False,6317038.646,1846349.568
900,False,6317789.0,1846325.001
902,False,6323075.0,1846296.999
903,False,6323236.0,1846296.0
904,False,6323497.0,1846296.0
905,False,6321249.0,1846277.0
907,False,6317259.0,1846257.0
906,False,6317437.001,1846258.0
895,False,6317259.0,1846352.0
912,False,6318927.999,1846240.0
925,False,6319467.0,1846202.0
915,False,6316868.0,1846224.0
623,False,6316863.184,1846250.729
919,False,6322922.0,1846209.0
557,False,6322925.191,1846298.362
920,False,6315825.0,1846208.0
918,False,6315877.0,1846209.0
428,False,6315834.499,1846856.75
921,False,6315505.0,1846205.0
924,False,6315272.0,1846202.0
933,False,6320048.0,1846193.0
927,False,6315016.0,1846198.0
929,False,6314759.0,1846197.0
930,False,6314496.0,1846196.0
932,False,6314047.0,1846194.0
808,False,6320289.293,1846661.439
935,False,6313691.999,1846191.0
939,False,6313036.0,1846187.0
940,False,6311875.0,1846185.0
941,False,6312391.0,1846185.0
896,False,6312393.0,1846351.0
944,False,6322339.0,1846163.0
945,False,6322553.0,1846163.0
946,False,6322719.0,1846162.0
951,False,6315391.0,1846099.0
958,False,6318130.439,1846069.203
955,False,6318549.94,1846071.542
963,False,6322550.0,1846057.0
964,False,6324791.851,1846056.749
992,False,6325074.044,1845989.233
965,False,6321092.0,1846046.001
968,False,6310754.0,1846039.0
972,False,6316900.435,1846028.483
627,False,6316894.0,1846065.0
986,False,6316304.0,1846010.0
926,False,6325075.955,1846200.118
993,False,6316604.045,1845985.612
994,False,6311418.0,1845982.0
1045,False,6311863.463,1846235.769
999,False,6321609.0,1845918.0
1000,False,6321645.0,1845918.0
1002,False,6322009.0,1845916.0
1001,False,6321209.0,1845917.0
1003,False,6322149.001,1845915.0
837,False,6322020.0,1846643.0
1004,False,6322242.001,1845915.0
1005,False,6322329.0,1845914.0
1009,False,6322716.0,1845912.0
1006,False,6323063.0,1845914.0
1010,False,6323489.0,1845911.0
1007,False,6325279.999,1845914.0
1013,False,6323788.0,1845905.0
1012,False,6317636.0,1845905.0
1014,False,6324428.0,1845901.0
1017,False,6324642.0,1845899.0
1019,False,6315869.012,1845890.91
1015,False,6316327.529,1845900.888
1020,False,6322718.0,1845871.0
19,False,6309036.0,1845370.0
1023,False,6311097.0,1845843.0
1024,False,6325122.001,1845840.0
1028,False,6316937.0,1845821.0
1011,False,6317517.0,1845907.0
1034,False,6316943.0,1845788.0
1036,False,6316560.0,1845779.0
1038,False,6326278.0,1845775.0
1091,False,6326304.0,1845571.0
1041,False,6318578.264,1845772.913
1043,False,6318917.669,1845771.836
797,False,6318926.044,1846165.325
1067,False,6326110.0,1845718.0
985,False,6326154.0,1846011.0
1069,False,6322434.0,1845680.0
1076,False,6320269.0,1845641.0
1077,False,6320400.0,1845641.0
1062,False,6320400.0,1845731.0
1078,False,6320684.0,1845639.0
1060,False,6320699.0,1845736.001
1084,False,6324895.0,1845629.0
1065,False,6324794.0,1845724.0
1089,False,6325503.0,1845583.0
1063,False,6325511.0,1845729.0
1092,False,6326107.0,1845566.0
1098,False,6325286.0,1845528.0
0,False,6320680.0,1845506.0
2,False,6321202.0,1845500.0
3,False,6319461.016,1845476.591
1072,False,6319183.441,1845647.317
5,False,6318186.288,1845454.712
40,False,6318448.0,1845226.0
14,False,6325795.0,1845388.0
15,False,6326631.152,1845386.331
17,False,6308923.0,1845377.0
20,False,6324553.0,1845369.0
1096,False,6324559.0,1845536.0
21,False,6309089.0,1845368.0
22,False,6309137.0,1845366.0
24,False,6321203.0,1845366.0
25,False,6309344.0,1845357.0
29,False,6310074.0,1845348.0
26,False,6323542.008,1845356.247
27,False,6323815.413,1845355.146
28,False,6325347.0,1845355.0
30,False,6317024.0,1845327.0
1094,False,6317300.0,1845559.0
32,False,6321669.0,1845296.0
67,False,6322146.0,1845073.0
1018,False,6318381.0,1845900.0
66,False,6318625.0,1845077.0
44,False,6323823.001,1845203.0
46,False,6324423.0,1845183.0
45,False,6319365.0,1845187.0
50,False,6317049.387,1845172.926
48,False,6317510.67,1845178.736
53,False,6325103.0,1845167.0
55,False,6326271.999,1845144.0
47,False,6325445.209,1845151.994
61,False,6317884.0,1845107.0
64,False,6315849.0,1845094.0
65,False,6325206.0,1845086.0
4,False,6318689.0,1845466.0
95,False,6318805.0,1844923.0
103,False,6322511.0,1844887.0
80,False,6315884.0,1845040.0
109,False,6316238.0,1844808.999
92,False,6318369.0,1844959.0
68,False,6318214.0,1845071.0
119,False,6319002.0,1844753.0
100,False,6324675.0,1844906.0
105,False,6317923.0,1844848.0
106,False,6320293.0,1844832.0
107,False,6321943.0,1844832.0
153,False,6322507.0,1844464.0
117,False,6316432.0,1844765.0
110,False,6324818.0,1844797.0
112,False,6324572.0,1844773.0
113,False,6317593.0,1844772.0
115,False,6323844.0,1844772.0
118,False,6324426.641,1844755.28
694,False,6323825.674,1845148.143
1087,False,6316321.0,1845583.999
140,False,6319198.0,1844584.0
120,False,6325259.0,1844752.0
124,False,6317091.0,1844683.0
996,False,6317076.818,1845006.449
126,False,6317948.0,1844681.0
132,False,6322992.0,1844660.0
134,False,6323203.001,1844656.0
133,False,6316753.0,1844658.0
58,False,6316749.0,1845128.0
104,False,6323181.0,1844876.0
136,False,6323608.0,1844651.001
144,False,6321827.0,1844550.0
145,False,6324619.0,1844546.0
166,False,6324830.0,1844421.0
149,False,6317982.0,1844494.0
159,False,6323878.0,1844441.0
161,False,6324232.0,1844429.0
160,False,6319622.0,1844431.0
162,False,6324325.0,1844428.0
163,False,6324537.0,1844425.0
165,False,6323065.0,1844421.0
169,False,6323263.0,1844405.999
167,False,6325085.0,1844418.0
193,False,6326284.0,1844407.0
168,False,6318022.0,1844408.0
172,False,6323607.0,1844404.0
170,False,6326408.706,1844404.6
171,False,6326539.893,1844404.6
507,False,6326424.496,1842347.422
173,False,6326654.655,1844402.617
52,False,6326507.307,1845011.334
175,False,6321497.0,1844378.0
176,False,6319429.0,1844315.0
177,False,6319840.0,1844307.0
180,False,6320323.868,1844247.982
181,False,6317112.0,1844217.001
182,False,6318334.0,1844214.0
183,False,6318923.0,1844211.0
247,False,6318610.0,1843783.001
490,False,6318729.039,1844253.962
187,False,6319108.0,1844193.0
191,False,6319006.246,1844181.508
197,False,6319081.0,1844155.001
199,False,6319157.0,1844152.0
205,False,6323215.0,1844134.0
207,False,6323615.0,1844129.0
208,False,6316251.0,1844125.0
209,False,6319206.0,1844111.0
210,False,6319767.0,1844110.0
214,False,6316222.0,1844075.0
222,False,6316348.0,1843999.0
219,True,6321190.999,1844040.0
220,True,6319313.0,1844022.0
258,False,6320080.0,1843651.0
224,False,6316871.0,1843922.0
249,False,6317075.0,1843749.0
227,False,6322499.0,1843883.0
228,False,6322716.0,1843882.0
229,False,6322889.0,1843881.0
332,False,6322770.0,1843283.0
230,False,6323216.0,1843880.0
505,False,6322790.666,1845021.892
231,False,6323515.0,1843878.999
232,False,6323875.797,1843877.099
234,False,6322127.0,1843857.0
330,False,6322346.0,1843289.999
244,False,6317821.0,1843812.0
257,False,6318030.0,1843659.001
216,False,6317994.0,1844049.0
246,False,6315824.0,1843789.0
248,False,6321822.0,1843776.0
270,False,6317337.0,1843573.0
255,False,6326661.374,1843669.207
256,False,6324265.0,1843661.0
278,False,6320250.0,1843480.0
260,False,6321539.0,1843647.0
263,False,6317680.0,1843619.0
334,False,6317748.0,1843272.0
272,False,6316140.0,1843542.0
281,False,6315823.0,1843460.0
273,False,6323570.0,1843537.0
276,False,6324419.0,1843501.0
291,False,6320536.0,1843430.0
285,False,6316815.0,1843442.001
303,False,6316923.0,1843356.0
287,False,6321159.999,1843432.0
288,False,6321187.0,1843432.0
290,False,6320846.0,1843431.0
293,False,6323882.495,1843419.832
305,False,6324661.0,1843347.0
306,False,6323336.0,1843345.0
324,False,6321159.0,1843304.0
325,False,6321477.0,1843299.0
326,False,6321719.0,1843298.0
327,False,6321826.0,1843295.0
328,False,6321928.0,1843295.0
329,False,6322023.0,1843295.0
331,False,6322623.0,1843285.0
333,False,6322939.0,1843281.0
360,False,6317965.0,1843115.0
336,False,6321825.745,1843270.608
339,False,6315823.0,1843250.0
342,False,6320250.0,1843235.0
347,False,6319605.0,1843214.0
352,False,6323558.834,1843172.929
396,False,6323538.195,1842967.904
354,False,6319018.001,1843146.0
417,False,6319201.0,1842928.0
356,False,6323902.0,1843120.0
363,False,6321824.0,1843103.999
369,False,6316124.215,1843035.024
378,False,6324973.0,1843007.0
387,False,6326653.956,1842985.534
413,False,6316040.0,1842935.0
414,False,6316387.0,1842932.0
430,False,6316486.0,1842850.0
416,False,6322966.0,1842929.0
391,False,6323360.999,1842977.001
431,False,6319256.038,1842841.941
425,False,6319614.0,1842902.0
427,False,6321821.0,1842867.0
375,False,6322104.0,1843023.0
429,False,6323905.0,1842855.0
463,False,6319395.0,1842626.0
433,False,6321469.999,1842824.0
434,False,6322366.001,1842821.0
437,False,6320251.0,1842779.0
438,False,6320376.211,1842777.962
156,False,6320380.0,1842778.0
439,False,6320532.0,1842777.0
441,False,6320844.0,1842775.0
442,False,6321157.001,1842771.0
444,False,6323906.0,1842768.0
447,False,6323459.0,1842767.0
448,False,6318334.728,1842759.11
451,False,6325158.0,1842744.0
455,False,6320251.0,1842718.438
456,False,6318686.054,1842700.414
457,False,6315824.0,1842678.0
461,False,6322465.399,1842667.673
496,False,6322654.763,1842438.485
485,False,6319640.0,1842568.0
478,False,6324607.0,1842578.0
435,False,6324605.0,1842820.0
481,False,6318939.0,1842571.0
482,False,6325409.0,1842569.0
518,False,6326296.0,1842300.0
486,False,6323908.0,1842563.0
487,False,6326298.0,1842560.0
460,False,6326297.389,1842668.281
494,False,6316434.0,1842507.0
495,False,6317148.0,1842472.0
514,False,6317382.0,1842310.0
501,False,6323006.0,1842410.0
497,False,6321781.0,1842423.0
465,False,6322103.0,1842619.0
498,False,6326296.923,1842420.004
499,False,6318174.0,1842417.0
814,False,6326528.803,1840703.417
815,False,6326327.942,1840702.098
528,False,6319942.0,1842291.0
426,False,6319948.001,1842872.0
523,False,6321519.0,1842282.0
464,False,6321436.001,1842624.0
525,False,6323911.0,1842272.0
539,False,6324442.999,1842212.0
527,False,6318413.0,1842266.999
535,False,6321158.682,1842222.752
537,False,6319621.0,1842219.0
583,False,6324681.0,1841950.0
554,False,6322492.999,1842145.999
555,False,6322594.0,1842139.0
566,False,6323030.0,1842107.0
556,False,6319245.0,1842135.0
558,False,6320348.0,1842127.0
559,False,6320528.0,1842126.0
562,False,6320842.0,1842124.0
563,False,6321133.493,1842119.402
564,False,6321159.0,1842119.0
569,False,6323457.0,1842078.001
568,False,6318549.0,1842092.0
571,False,6323913.001,1842077.0
570,False,6321460.0,1842077.0
591,False,6321879.0,1841934.0
670,False,6324745.0,1841487.0
572,False,6318376.0,1842071.0
576,False,6316850.0,1842056.0
552,False,6316728.0,1842160.0
596,False,6319655.0,1841876.0
597,False,6318216.0,1841854.0
622,False,6318455.0,1841748.0
598,False,6323027.0,1841832.0
599,False,6321155.0,1841831.0
603,False,6319913.0,1841812.0
594,False,6320055.76,1841962.019
604,False,6322572.0,1841809.0
613,False,6321130.733,1841775.079
619,False,6320686.0,1841765.0
635,False,6316612.0,1841707.0
664,False,6316902.0,1841538.0
637,False,6325009.0,1841698.0
641,False,6317652.0,1841692.0
720,False,6317868.0,1841325.0
642,False,6322228.0,1841680.0
644,False,6321417.0,1841659.0
645,False,6326730.242,1841656.613
854,False,6326697.847,1841953.831
646,False,6319968.0,1841648.0
647,False,6320083.0,1841643.0
648,False,6320348.0,1841606.0
655,False,6321154.0,1841578.0
665,False,6322553.0,1841519.0
667,False,6325090.0,1841513.0
804,False,6325542.0,1840773.0
671,False,6325702.0,1841451.0
719,False,6325924.0,1841326.0
687,False,6318090.999,1841397.0
643,False,6318105.0,1841665.0
717,False,6318289.0,1841341.0
706,False,6317365.0,1841361.0
785,False,6317751.0,1840925.0
725,False,6317889.0,1841272.0
722,False,6321153.0,1841306.001
729,False,6320670.0,1841181.0
730,False,6320652.781,1841162.891
733,False,6325647.0,1841122.999
735,False,6320329.0,1841104.0
749,False,6325782.0,1841014.0
755,False,6321153.0,1841007.0
766,False,6318492.0,1840976.0
781,False,6318827.0,1840936.999
768,False,6320917.107,1840967.261
769,False,6325587.001,1840965.001
672,False,6325390.0,1841440.0
772,False,6319342.0,1840962.0
784,False,6319740.0,1840928.0
777,False,6320944.0,1840944.0
783,False,6320109.0,1840929.0
726,False,6320131.0,1841255.0
788,False,6318170.0,1840921.0
795,False,6318431.0,1840854.0
810,False,6327062.389,1840705.642
811,False,6326777.719,1840705.559
859,False,6326542.189,1842542.445
812,False,6326650.703,1840704.399
817,False,6315793.0,1840700.0
63,False,6315808.691,1841185.926
824,False,6316940.0,1840664.0
866,False,6317334.0,1840524.0
825,False,6319949.0,1840659.0
826,False,6320113.0,1840657.999
858,False,6318726.0,1840584.0
867,False,6318810.0,1840507.0
864,False,6319596.0,1840541.0
818,False,6317362.0,1840694.0
877,False,6320198.999,1840428.0
884,False,6316312.0,1840337.0
885,False,6316526.0,1840324.0
97,False,6316715.0,1840896.0
887,False,6319582.0,1840304.0
901,False,6319597.0,1840194.0
888,False,6316282.0,1840291.0
899,False,6315786.0,1840196.0
908,False,6318707.0,1840093.0
910,False,6318987.001,1840089.0
914,False,6319317.0,1840082.0
860,False,6319411.0,1840592.0
911,False,6318407.0,1840084.0
942,False,6315783.0,1839983.0
78,False,6316532.645,1840921.996
947,False,6315959.0,1839934.0
948,False,6316286.0,1839932.0
949,False,6319460.0,1839902.0
953,False,6315806.746,1839886.756
970,False,6315834.0,1839832.0
960,False,6315808.358,1839883.517
971,False,6319316.0,1839830.0
973,False,6315799.0,1839811.0
984,False,6316052.0,1839788.0
974,False,6318456.0,1839795.0
975,False,6318698.0,1839795.0
977,False,6319113.0,1839795.0
978,False,6317951.0,1839794.0
979,False,6318198.0,1839794.0
981,False,6316541.001,1839789.999
982,False,6316810.0,1839789.999
886,False,6316836.0,1840312.0
983,False,6316285.0,1839789.0
1070,False,6318704.0,1839345.0
1071,False,6318457.0,1839330.0
1073,False,6318205.0,1839317.0
1074,False,6317960.0,1839304.0
1079,False,6316535.0,1839291.001
1080,False,6317636.41,1839290.616
1066,False,6317646.2,1839452.501
1081,False,6315795.0,1839290.0
1083,False,6316051.0,1839288.0
1082,False,6316287.0,1839289.0
89,False,6308389.753,1819704.664
71,False,6308294.57,1819834.372
198,False,6326010.762,1844710.6
506,False,6323247.783,1845023.962
693,False,6322766.837,1845298.367
718,False,6315015.488,1848452.935
789,False,6317356.073,1848664.248
809,False,6319831.148,1846658.288
225,False,6325399.903,1851298.31
626,False,6316579.63,1846235.429
628,False,6317448.723,1846015.204
350,False,6315989.0,1848699.0
630,False,6315862.487,1848465.09
632,False,6313532.396,1847543.508
695,False,6323192.288,1845272.09
696,False,6323409.544,1845150.14
698,False,6324815.005,1848889.388
699,False,6324739.849,1849239.578
708,False,6324827.214,1849252.73
703,False,6323133.254,1851684.275
707,False,6323130.133,1851562.039
710,False,6323076.166,1851801.093
704,False,6322769.12,1851879.563
709,False,6322753.527,1851385.049
713,False,6323294.624,1851305.316
714,False,6322750.776,1851295.368
715,False,6322817.928,1851295.368
848,False,6326331.535,1847933.942
515,False,6324187.069,1850809.283
137,False,6317937.089,1850525.178
1048,False,6319870.793,1851984.598
1049,False,6320982.695,1852244.356
108,False,6320979.473,1852237.385
1050,False,6321469.276,1852365.482
1088,False,6326455.265,1845879.679
51,False,6326505.364,1845047.52
62,False,6315815.32,1842119.761
76,False,6316404.629,1840991.976
84,False,6316488.941,1841105.86
77,False,6315982.863,1840950.488
82,False,6315967.736,1841596.322
79,False,6316848.725,1841347.316
101,False,6316499.013,1840922.243
83,False,6316639.397,1841312.981
85,False,6316193.041,1841320.807
1057,False,6316712.671,1840921.302
294,False,6317612.283,1846892.224
296,False,6317615.887,1847134.344
297,False,6317432.592,1846891.778
298,False,6317432.42,1847203.46
301,False,6317023.703,1847179.438
304,False,6317492.427,1849083.455
307,False,6316129.794,1850133.029
308,False,6316257.238,1849982.033
320,False,6316648.727,1847115.743
371,False,6317881.013,1851637.196
372,False,6317881.275,1851366.163
376,False,6319827.582,1851725.299
406,False,6320493.122,1851883.131
394,False,6321335.847,1851970.511
380,False,6316275.731,1851475.655
393,False,6315888.998,1850791.791
419,False,6322413.297,1852445.855
404,False,6321476.47,1852273.892
400,False,6318905.649,1851725.267
411,False,6321469.999,1852353.0
407,False,6320465.663,1851915.899
409,False,6321180.215,1852331.723
410,False,6321333.794,1852602.891
724,False,6321469.293,1851348.858
816,False,6266666.462,1857260.079
820,False,6266941.384,1857269.581
821,False,6267444.901,1857450.185
805,False,6266762.871,1857384.008
822,False,6267449.052,1857481.936
931,False,6323139.311,1849575.466
72,False,6308406.726,1820449.239
86,False,6308323.752,1820333.816
87,False,6308314.016,1820314.118
88,False,6308496.842,1820382.16
90,False,6323932.784,1852210.515
128,False,6315844.469,1847621.249
424,False,6323668.319,1848450.528
43,False,6325925.567,1845140.868
286,False,6315512.907,1846394.062
997,False,6317288.054,1845010.295
1046,False,6312423.112,1846672.142
1055,False,6317144.489,1841520.603
1056,False,6318137.183,1842894.296
1058,False,6316772.361,1841005.773
798,False,6318703.565,1846165.343
801,False,6318703.207,1846012.043
799,False,6318703.811,1846270.376
