node_index,is_stop_only,pos_x,pos_y,census_tract,node_in_fleetpy,is_demand_node
88184,False,6325423.357,1852622.303,14400,0,0
88185,False,6323131.928,1852622.121,14602,1,1
88195,False,6321455.0,1852609.0,14602,2,0
88201,False,6325388.506,1852604.63,14400,3,0
88217,False,6324435.772,1852586.574,14602,4,1
88227,False,6323796.296,1852571.807,14602,5,1
88230,False,6324254.829,1852569.226,14602,6,1
88277,False,6322931.689,1852542.517,14602,7,1
88291,False,6324857.872,1852529.251,14400,8,0
88306,False,6324971.597,1852504.342,14400,9,0
88327,False,6323643.173,1852473.921,14602,10,0
88333,False,6325068.416,1852468.614,14400,11,0
88370,False,6321466.0,1852422.0,14602,12,1
88386,False,6325586.974,1852398.261,13801,13,0
88428,False,6324139.0,1852364.0,14400,14,0
88472,False,6325509.0,1852324.0,14400,15,1
88478,False,6325264.905,1852319.189,14400,16,1
88492,False,6323312.0,1852307.0,14400,17,0
88528,False,6323407.0,1852278.0,14400,18,0
88538,False,6325450.734,1852267.138,14400,19,0
88542,False,6325351.958,1852266.978,14400,20,0
88548,False,6325566.452,1852259.652,13801,21,1
88613,False,6325397.261,1852214.761,14400,22,0
88644,False,6324910.0,1852200.0,14400,23,1
88649,False,6323325.0,1852199.0,14400,24,0
88673,False,6322968.0,1852189.0,14400,25,0
88704,False,6325343.0,1852162.0,14400,26,1
88714,False,6323572.0,1852145.0,14400,27,0
88715,False,6325447.243,1852144.269,13801,28,0
88857,False,6321515.0,1851985.0,14400,29,0
88877,False,6319942.0,1851959.0,14602,30,1
88881,False,6320411.0,1851953.0,14500,31,1
88897,False,6322704.0,1851935.999,14400,32,1
88901,False,6325106.37,1851932.3,14400,33,0
88903,False,6322960.0,1851930.0,14400,34,0
88908,False,6323090.0,1851928.0,14400,35,0
88910,False,6323191.0,1851927.0,14400,36,0
88913,False,6323359.0,1851924.0,14400,37,0
88915,False,6323561.0,1851921.0,14400,38,0
88929,False,6323846.0,1851909.0,14400,39,1
88940,False,6325061.336,1851892.336,14400,40,1
88951,False,6321161.0,1851875.0,14400,41,1
88952,False,6324000.0,1851875.0,14400,42,1
88974,False,6320977.0,1851836.0,14400,43,0
89001,False,6324976.0,1851811.999,14400,44,0
89020,False,6324524.0,1851795.0,14400,45,0
89080,False,6317883.0,1851743.0,14500,46,0
89087,False,6321646.0,1851733.0,14400,47,1
89097,False,6324883.0,1851723.0,14400,48,0
89139,False,6324368.0,1851678.0,14400,49,0
89141,False,6317881.0,1851674.0,14400,50,0
89180,False,6319585.0,1851628.0,14400,51,1
89219,False,6321764.0,1851605.0,14400,52,1
89222,False,6321629.661,1851602.23,14400,53,1
89233,False,6321173.0,1851593.0,14400,54,1
89236,False,6321846.0,1851592.001,14400,55,1
89238,False,6320984.0,1851590.0,14400,56,1
89245,False,6325712.171,1851586.399,13801,57,1
89249,False,6320526.0,1851586.0,14400,58,1
89253,False,6325679.71,1851582.287,13801,59,1
89258,False,6325662.0,1851580.0,13801,60,1
89261,True,6322670.0,1851579.0,14400,61,1
89273,False,6318966.0,1851574.0,14400,62,1
89274,False,6319332.0,1851574.0,14400,63,1
89275,False,6319585.0,1851574.0,14400,64,1
89279,False,6318555.999,1851571.0,14400,65,1
89287,False,6318411.0,1851566.0,14400,66,1
89309,False,6321824.0,1851547.0,14400,67,0
89314,False,6324695.0,1851543.0,14400,68,1
89325,False,6325337.931,1851535.847,14001,69,0
89394,False,6325044.0,1851476.0,14001,70,1
89460,False,6321174.0,1851418.0,14400,71,1
89467,False,6320524.0,1851411.0,14400,72,1
89556,False,6321716.0,1851296.0,14400,73,1
89562,False,6322211.001,1851288.0,14400,74,1
89572,False,6322656.0,1851275.0,14400,75,1
89588,False,6325603.894,1851253.427,13801,76,0
89593,False,6321174.0,1851246.0,14400,77,1
89604,False,6320521.0,1851239.0,14400,78,1
89606,False,6319208.0,1851235.0,14400,79,1
89607,False,6319328.001,1851235.0,14400,80,1
89608,False,6319590.0,1851235.0,14400,81,0
89610,False,6319709.162,1851234.455,14400,82,0
89663,False,6323966.0,1851159.0,14400,83,1
89673,False,6324628.0,1851138.0,14001,84,0
89680,False,6322315.0,1851126.0,14400,85,0
89681,False,6322208.0,1851125.0,14400,86,0
89684,False,6321681.0,1851122.0,14400,87,0
89686,False,6324762.0,1851119.0,14001,88,0
89687,False,6323776.0,1851117.0,14400,89,0
89701,False,6323639.0,1851091.0,14400,90,0
89704,False,6324657.001,1851087.0,14001,91,0
89723,False,6321173.0,1851075.0,14400,92,1
89728,False,6320518.0,1851069.0,14400,93,1
89742,False,6318956.001,1851055.0,14400,94,1
89748,False,6318544.0,1851051.0,14400,95,1
89751,False,6318214.0,1851049.0,14400,96,1
89752,False,6319326.0,1851049.0,14400,97,1
89753,False,6319587.0,1851049.0,14400,98,0
89786,False,6325844.512,1851023.998,14001,99,0
89803,False,6325718.236,1851000.387,14001,100,0
89824,False,6322965.0,1850968.0,14400,101,0
89840,False,6325915.468,1850956.344,14001,102,0
89866,False,6322634.0,1850922.0,14400,103,1
89879,False,6321657.0,1850910.001,14400,104,0
89884,False,6321511.0,1850908.0,14400,105,1
89888,False,6321172.0,1850906.0,14400,106,1
89895,False,6320515.0,1850903.0,14400,107,1
89906,False,6319189.0,1850896.0,14400,108,1
89907,False,6319862.0,1850896.0,14400,109,1
89908,False,6319324.0,1850895.0,14400,110,1
89909,False,6319584.0,1850895.0,14400,111,0
89911,False,6319047.0,1850894.0,14400,112,1
89913,False,6318953.0,1850892.0,14400,113,1
89918,False,6318790.0,1850889.0,14400,114,1
89919,False,6318535.381,1850887.0,14400,115,1
89921,False,6318258.0,1850886.0,14400,116,1
89923,False,6318211.0,1850885.0,14400,117,1
89933,False,6317873.0,1850880.0,14400,118,0
89944,False,6316237.0,1850873.0,14400,119,1
89947,False,6316946.0,1850871.0,14400,120,0
89952,False,6315779.0,1850869.0,14400,121,0
89966,False,6323637.001,1850862.0,14400,122,0
90005,False,6325174.0,1850831.0,14001,123,1
90023,False,6323481.0,1850805.0,14400,124,0
90064,False,6323636.0,1850777.0,14400,125,0
90085,False,6315256.757,1850737.392,2703,126,0
90096,False,6324865.0,1850718.0,14001,127,1
90098,False,6315415.0,1850715.0,2703,128,1
90123,False,6315579.201,1850673.099,14400,129,0
90164,False,6321638.0,1850633.999,14400,130,1
90169,False,6322017.0,1850628.0,14400,131,1
90174,False,6322955.001,1850622.0,14400,132,1
90177,False,6324685.081,1850620.462,14001,133,1
90179,False,6322458.0,1850620.0,14001,134,1
90180,False,6326023.826,1850616.542,14001,135,0
90185,False,6323469.0,1850610.0,14001,136,1
90190,False,6315506.0,1850602.0,14400,137,1
90198,False,6321496.0,1850590.0,14400,138,1
90200,False,6321639.0,1850588.0,14400,139,0
90208,False,6323942.0,1850580.0,14001,140,1
90245,False,6321494.0,1850556.0,14400,141,1
90252,False,6320506.001,1850552.0,14400,142,1
90253,False,6321165.0,1850551.0,14400,143,1
90271,False,6319857.0,1850540.999,14400,144,1
90288,False,6319186.0,1850535.0,14400,145,1
90299,False,6318783.0,1850531.0,14400,146,1
90300,False,6319042.0,1850531.0,14300,147,1
90305,False,6318527.0,1850528.0,14400,148,1
90309,False,6318256.0,1850526.0,14400,149,1
90312,False,6317867.997,1850524.897,14400,150,0
90354,False,6325585.0,1850466.0,14001,151,1
90364,False,6316955.0,1850447.999,14400,152,0
90380,False,6324844.0,1850420.0,14001,153,1
90381,False,6325155.0,1850416.999,14001,154,1
90388,False,6315861.0,1850403.0,14400,155,0
90392,False,6315675.0,1850401.0,14400,156,1
90416,False,6325399.0,1850357.0,14001,157,0
90417,False,6317050.698,1850355.586,14400,158,1
90422,False,6317229.108,1850354.067,14400,159,1
90427,False,6323938.0,1850341.0,14001,160,1
90431,False,6317863.0,1850334.0,14400,161,1
90439,False,6315751.0,1850311.0,14400,162,1
90513,False,6318774.0,1850220.0,14300,163,1
90515,False,6318522.001,1850219.0,14300,164,1
90525,False,6319847.0,1850209.0,14300,165,1
90527,False,6319037.0,1850208.0,14300,166,1
90529,False,6319182.0,1850207.0,14300,167,1
90544,False,6324683.388,1850192.334,14001,168,1
90634,False,6322935.0,1850105.0,14001,169,1
90645,False,6323408.0,1850091.0,14001,170,1
90652,False,6323930.0,1850079.0,14001,171,1
90686,False,6326614.0,1850019.0,14001,172,0
90691,False,6324832.0,1850008.0,14001,173,1
90698,False,6325142.0,1849997.0,14001,174,1
90707,False,6325742.001,1849993.0,14001,175,1
90713,False,6321610.0,1849987.0,14400,176,0
90714,False,6321996.0,1849982.0,14400,177,1
90715,False,6325964.82,1849981.912,14001,178,1
90726,False,6322440.0,1849962.0,14001,179,1
90740,False,6314637.0,1849918.001,2703,180,0
90745,False,6319056.0,1849909.0,14300,181,1
90766,False,6321151.0,1849897.0,14400,182,1
90768,False,6320496.0,1849896.0,14300,183,1
90769,False,6321458.0,1849896.0,14400,184,1
90775,False,6319840.0,1849893.0,14300,185,1
90808,False,6317220.606,1849860.869,14400,186,1
90814,False,6316573.674,1849855.434,14400,187,1
90818,False,6325339.001,1849845.0,14001,188,1
90829,False,6323922.0,1849830.0,14001,189,1
90837,False,6318517.0,1849812.0,14300,190,1
90838,False,6318800.0,1849812.0,14300,191,0
90844,False,6325670.0,1849802.0,14001,192,1
90856,False,6326606.0,1849793.0,14001,193,0
90860,False,6322925.0,1849790.0,14001,194,1
90882,False,6323604.0,1849778.0,14001,195,1
90918,False,6324549.0,1849731.0,14001,196,1
90959,False,6315536.0,1849653.0,14400,197,1
90972,False,6326052.74,1849625.868,14001,198,1
91004,False,6321590.0,1849566.0,14400,199,1
91007,False,6321983.0,1849564.0,14001,200,1
91009,False,6321512.313,1849562.278,14400,201,1
91016,False,6321440.0,1849559.0,14400,202,1
91017,False,6320771.0,1849557.0,14300,203,1
91018,False,6321148.0,1849557.0,14300,204,1
91021,False,6320490.0,1849555.0,14300,205,1
91029,False,6319502.0,1849550.0,14300,206,1
91030,False,6319180.0,1849547.0,14300,207,1
91031,False,6319830.0,1849547.0,14300,208,1
91040,False,6318658.0,1849541.0,14300,209,1
91041,False,6318686.0,1849541.0,14300,210,1
91043,False,6318513.0,1849539.0,14300,211,1
91045,False,6318234.0,1849537.0,14300,212,1
91046,False,6317213.0,1849536.0,14400,213,1
91051,False,6317851.0,1849533.0,14300,214,1
91072,False,6314332.0,1849514.0,2703,215,0
91098,False,6315751.0,1849484.001,14400,216,1
91101,False,6325518.0,1849480.0,14001,217,1
91116,False,6324545.0,1849450.0,14001,218,1
91117,False,6315650.524,1849448.018,14400,219,1
91136,False,6326587.0,1849421.0,14001,220,0
91146,False,6315557.146,1849414.266,14400,221,1
91188,False,6315413.0,1849364.0,14400,222,1
91218,False,6324537.0,1849320.0,14001,223,1
91226,False,6321576.0,1849313.0,14001,224,1
91227,False,6321726.0,1849311.0,14001,225,1
91234,False,6321975.0,1849307.0,14001,226,1
91235,False,6322158.0,1849305.0,14001,227,1
91238,False,6322903.0,1849295.0,14001,228,1
91241,False,6323074.508,1849292.55,14001,229,1
91245,False,6323393.0,1849288.0,14001,230,1
91246,False,6323590.0,1849285.0,14001,231,1
91247,False,6323899.0,1849283.0,14001,232,1
91251,False,6324445.999,1849280.0,14001,233,1
91298,False,6319821.0,1849221.0,14300,234,1
91299,False,6320483.0,1849221.0,14300,235,1
91301,False,6319328.001,1849220.0,14300,236,1
91302,False,6319500.0,1849220.0,14300,237,1
91344,False,6318287.0,1849169.0,14300,238,1
91375,False,6313423.0,1849089.0,2703,239,1
91385,False,6315316.0,1849073.0,14300,240,1
91387,False,6315655.095,1849069.938,14300,241,0
91399,False,6323074.128,1849047.297,14001,242,0
91400,False,6314877.0,1849045.0,14400,243,1
91401,False,6318442.0,1849042.0,14300,244,0
91408,False,6313486.0,1849032.0,2712,245,1
91414,False,6317127.001,1849028.0,14300,246,1
91421,False,6316487.0,1849024.0,14300,247,1
91443,False,6321144.0,1849012.0,14300,248,1
91445,False,6320763.0,1849009.0,14300,249,1
91454,False,6323372.0,1848993.999,14001,250,0
91460,True,6321712.0,1848986.0,14001,251,1
91461,False,6313773.855,1848984.478,2703,252,0
91464,False,6322151.999,1848983.0,14001,253,1
91467,False,6324333.0,1848973.0,14001,254,1
91468,False,6323890.0,1848972.0,14001,255,1
91475,False,6324193.0,1848964.0,14001,256,1
91477,False,6315551.347,1848962.709,14300,257,1
91511,False,6322711.0,1848942.0,14001,258,1
91546,False,6322769.001,1848899.0,14001,259,1
91548,False,6319498.0,1848897.0,14300,260,1
91551,False,6324523.0,1848894.0,14001,261,1
91552,False,6319816.0,1848893.0,14300,262,1
91555,False,6324700.0,1848891.0,14001,263,1
91560,False,6319168.0,1848888.0,14300,264,1
91561,False,6320479.0,1848887.0,14300,265,1
91562,False,6320761.0,1848887.0,14300,266,1
91564,False,6318735.0,1848885.0,14300,267,1
91565,False,6325128.0,1848885.0,14001,268,1
91578,False,6316844.0,1848868.0,14300,269,0
91580,False,6318671.0,1848867.001,14300,270,1
91615,False,6323223.0,1848796.0,14001,271,1
91624,False,6313764.0,1848781.0,2712,272,0
91625,False,6323885.001,1848781.0,14001,273,1
91628,False,6314370.0,1848772.0,3003,274,1
91635,False,6320809.0,1848758.0,14300,275,1
91636,False,6320973.0,1848758.0,14300,276,1
91637,False,6321142.0,1848758.0,14300,277,1
91638,False,6321374.001,1848758.0,14300,278,1
91650,False,6313576.793,1848734.814,2712,279,0
91653,False,6313814.0,1848730.0,3003,280,0
91667,False,6315989.0,1848699.0,14300,281,1
91669,False,6315703.0,1848696.0,14300,282,1
91681,False,6326583.0,1848676.0,14001,283,1
91695,False,6323878.0,1848658.0,14001,284,1
91699,False,6321510.0,1848655.0,14001,285,1
91700,False,6322135.0,1848655.0,14001,286,1
91701,False,6321624.0,1848652.999,14001,287,1
91704,False,6321666.0,1848652.0,14001,288,1
91705,False,6324302.0,1848649.0,14001,289,1
91724,False,6315383.0,1848631.0,14300,290,1
91732,False,6316841.0,1848609.0,14300,291,0
91734,False,6326199.949,1848608.121,14001,292,1
91736,False,6316519.0,1848608.0,14300,293,0
91766,False,6326074.6,1848575.823,14001,294,1
91783,False,6319484.0,1848559.999,14300,295,1
91785,False,6319810.0,1848559.0,14300,296,1
91790,False,6320475.001,1848556.0,14300,297,1
91799,False,6324530.0,1848548.0,14001,298,1
91802,False,6319277.0,1848545.0,14300,299,1
91838,False,6323222.0,1848486.0,14001,300,1
91844,False,6323523.0,1848480.0,14001,301,1
91889,False,6324685.0,1848416.0,14001,302,1
91900,False,6322701.0,1848404.999,14001,303,1
91914,False,6325163.0,1848384.0,14001,304,1
91920,False,6323868.783,1848379.876,14001,305,1
91922,False,6322340.0,1848376.0,14001,306,1
91923,False,6323598.84,1848374.304,14001,307,1
91934,False,6315341.0,1848355.0,14300,308,1
91937,False,6315699.0,1848350.0,14300,309,1
91949,False,6321621.0,1848335.0,14001,310,1
91951,False,6321799.0,1848334.0,14001,311,1
91952,False,6325650.425,1848332.182,14001,312,1
91992,False,6323702.76,1848288.431,14001,313,0
91993,False,6324984.0,1848288.0,14001,314,1
92026,False,6314218.0,1848242.0,14300,315,1
92034,False,6319788.0,1848235.0,14300,316,1
92035,False,6319927.0,1848235.0,14200,317,1
92038,False,6318965.0,1848234.0,14300,318,1
92039,False,6319278.0,1848234.0,14200,319,1
92040,False,6320468.0,1848234.0,14200,320,1
92042,False,6318684.0,1848233.0,14300,321,1
92043,False,6320803.0,1848233.0,14200,322,1
92044,False,6320910.0,1848233.0,14200,323,1
92047,False,6318575.0,1848231.0,14300,324,1
92048,False,6318263.0,1848224.0,14300,325,1
92056,False,6317830.0,1848215.0,14300,326,0
92057,False,6323212.0,1848215.0,14001,327,1
92060,False,6317480.0,1848213.0,14300,328,1
92061,False,6317171.0,1848212.489,14300,329,1
92064,False,6323494.0,1848211.0,14001,330,1
92065,False,6316835.0,1848209.0,14300,331,0
92076,False,6315851.0,1848202.0,14300,332,0
92084,False,6315718.0,1848193.0,14300,333,1
92101,False,6320960.0,1848162.0,14300,334,0
92102,False,6325157.0,1848159.0,14001,335,0
92129,False,6321131.0,1848122.0,14300,336,1
92170,False,6321097.999,1848059.0,14200,337,1
92183,False,6313170.426,1848040.842,2712,338,0
92185,False,6314633.0,1848040.0,14300,339,0
92186,False,6321167.413,1848032.866,14200,340,1
92206,False,6321238.0,1848008.0,14001,341,0
92209,False,6321620.0,1848001.0,14001,342,1
92215,False,6321925.0,1847995.0,14001,343,1
92218,False,6322375.0,1847987.0,14001,344,1
92222,False,6322684.0,1847982.0,14001,345,0
92228,False,6319783.0,1847977.0,14200,346,1
92229,False,6323012.0,1847977.0,14001,347,1
92231,False,6319271.0,1847975.0,14200,348,1
92232,False,6323204.0,1847974.0,14001,349,1
92233,False,6325525.001,1847974.0,14001,350,1
92234,False,6323303.0,1847973.0,14001,351,1
92236,False,6323691.0,1847967.0,14001,352,0
92238,False,6323855.0,1847964.0,14001,353,1
92247,False,6324287.999,1847957.0,14002,354,1
92249,False,6324668.0,1847952.0,14002,355,1
92250,False,6314703.0,1847951.0,14300,356,0
92251,False,6324973.0,1847949.0,14001,357,1
92255,False,6313677.0,1847944.0,14300,358,0
92263,False,6325885.0,1847939.0,14002,359,1
92267,False,6326109.933,1847937.449,14001,360,0
92272,False,6326230.11,1847935.802,14001,361,0
92278,False,6326572.0,1847930.0,14001,362,1
92285,False,6326734.001,1847928.0,13802,363,1
92287,False,6313172.173,1847927.0,3003,364,0
92303,False,6319929.0,1847920.0,14200,365,1
92313,False,6314102.0,1847907.0,3003,366,0
92349,False,6321166.0,1847877.999,14001,367,1
92374,False,6317820.983,1847843.321,14200,368,0
92377,False,6318148.455,1847838.699,14200,369,0
92396,False,6316371.411,1847814.64,14200,370,1
92399,False,6316183.705,1847811.894,14200,371,1
92418,False,6313959.0,1847780.0,3003,372,0
92448,False,6314567.0,1847750.0,3003,373,0
92458,False,6318350.0,1847728.0,14200,374,1
92468,False,6314674.0,1847716.0,3003,375,0
92470,False,6319265.0,1847714.0,14200,376,1
92471,False,6320050.0,1847714.0,14200,377,1
92472,False,6319474.0,1847713.0,14200,378,1
92473,False,6319786.0,1847713.0,14200,379,1
92477,False,6314803.0,1847707.0,3003,380,1
92478,False,6317470.0,1847707.0,14200,381,1
92485,False,6314207.0,1847694.0,3003,382,0
92503,False,6313786.0,1847662.0,3003,383,1
92520,False,6323549.0,1847648.0,14001,384,1
92522,False,6313636.079,1847645.957,3003,385,0
92538,False,6321275.0,1847620.0,14001,386,1
92558,False,6316161.854,1847586.805,14200,387,1
92565,False,6320787.0,1847580.0,14200,388,1
92566,False,6320830.0,1847580.0,14200,389,1
92569,False,6319470.0,1847577.0,14200,390,1
92570,False,6320450.0,1847577.0,14200,391,1
92571,False,6321920.0,1847576.0,14001,392,1
92578,False,6323845.114,1847571.597,14001,393,1
92579,False,6324273.495,1847570.194,14002,394,1
92583,False,6320264.0,1847565.001,14200,395,1
92597,False,6318348.0,1847541.0,14200,396,1
92598,False,6317814.0,1847540.0,14200,397,1
92609,False,6316369.755,1847528.876,14200,398,1
92613,False,6314384.0,1847525.0,3003,399,1
92639,False,6320785.001,1847501.0,14200,400,1
92683,False,6323546.0,1847454.0,14001,401,1
92688,False,6323842.0,1847448.0,14001,402,1
92690,False,6319941.0,1847443.999,14200,403,1
92698,False,6319283.0,1847422.0,14200,404,1
92702,False,6316085.44,1847414.57,14200,405,1
92703,False,6326567.0,1847412.0,14002,406,0
92707,False,6314121.0,1847409.0,3003,407,1
92711,False,6317437.001,1847403.0,14200,408,1
92717,False,6314087.383,1847394.492,3003,409,1
92718,False,6317157.0,1847394.0,14200,410,1
92720,False,6323840.0,1847392.0,14001,411,1
92723,False,6316647.0,1847391.0,14200,412,1
92726,False,6324073.0,1847389.0,14002,413,0
92740,False,6315502.0,1847376.0,3003,414,1
92771,False,6323544.001,1847335.0,14001,415,1
92773,False,6316219.01,1847329.125,14200,416,1
92776,False,6313931.0,1847327.0,3003,417,1
92780,False,6313443.999,1847319.999,3003,418,0
92790,False,6323838.0,1847299.0,14001,419,1
92794,False,6324073.0,1847296.0,14002,420,0
92797,False,6313854.392,1847291.249,3003,421,1
92803,False,6318346.0,1847283.0,14200,422,1
92806,False,6318128.0,1847274.0,14200,423,1
92812,False,6321628.0,1847268.0,14001,424,1
92817,False,6314494.0,1847260.0,3003,425,0
92818,False,6317439.0,1847260.0,14200,426,1
92839,False,6325923.0,1847232.0,14002,427,1
92843,False,6322986.001,1847230.0,14001,428,1
92846,False,6315307.0,1847226.0,3003,429,1
92856,False,6319775.0,1847214.0,14200,430,1
92857,False,6323269.0,1847213.0,14001,431,1
92867,False,6315452.0,1847201.0,3003,432,1
92868,False,6325682.999,1847200.0,14002,433,1
92891,False,6319582.0,1847176.0,14200,434,1
92949,False,6326564.0,1847126.0,14002,435,0
92970,False,6313622.0,1847114.0,3003,436,1
93018,False,6315838.0,1847046.0,14200,437,1
93036,False,6312234.999,1847009.999,3003,438,0
93071,False,6320644.0,1846966.0,14001,439,1
93072,False,6320822.0,1846964.0,14101,440,1
93073,False,6320920.0,1846963.0,14101,441,1
93077,False,6321244.0,1846960.0,14101,442,1
93082,False,6321630.0,1846956.0,14101,443,1
93083,False,6315821.765,1846953.758,3003,444,0
93085,False,6315836.0,1846953.0,3003,445,0
93090,False,6322340.0,1846946.0,14001,446,1
93092,False,6322570.976,1846944.839,14001,447,1
93094,False,6322738.001,1846944.0,14001,448,1
93095,False,6323000.0,1846943.0,14001,449,1
93098,False,6323269.0,1846942.0,14001,450,1
93105,False,6323823.001,1846939.0,14001,451,1
93112,False,6324365.0,1846937.0,14002,452,1
93116,False,6325087.0,1846934.0,14002,453,1
93119,False,6315483.0,1846932.0,3003,454,1
93122,False,6325511.0,1846928.0,14002,455,1
93128,False,6319311.0,1846916.0,14200,456,1
93131,False,6319108.742,1846913.373,14200,457,1
93133,False,6319476.0,1846913.0,14200,458,1
93134,False,6319003.0,1846912.0,14200,459,1
93135,False,6320437.0,1846912.0,14200,460,1
93137,False,6318797.0,1846909.0,14200,461,1
93142,False,6318120.0,1846899.0,14200,462,1
93146,False,6313040.0,1846897.756,3003,463,0
93147,False,6317799.0,1846893.0,14200,464,1
93149,False,6315835.0,1846891.0,14200,465,1
93151,False,6316762.0,1846890.0,14200,466,1
93153,False,6316285.0,1846889.0,14200,467,1
93169,False,6314414.0,1846863.0,3003,468,1
93260,False,6312756.993,1846730.502,3003,469,0
93288,False,6322566.0,1846702.0,14001,470,1
93319,False,6322808.0,1846666.001,14001,471,1
93321,False,6322990.0,1846661.0,14001,472,1
93322,False,6318403.567,1846657.675,14200,473,0
93326,False,6318116.837,1846650.201,14200,474,1
93332,False,6324769.0,1846644.0,14002,475,1
93333,False,6322020.0,1846643.0,14001,476,1
93336,False,6322324.0,1846637.999,14001,477,1
93345,False,6315016.0,1846627.0,3003,478,1
93349,False,6326559.0,1846623.0,14002,479,0
93354,False,6313130.0,1846617.992,3003,480,1
93365,False,6314512.0,1846606.0,3003,481,1
93373,False,6318855.763,1846586.065,14200,482,1
93376,False,6318555.355,1846583.834,14200,483,0
93377,False,6319125.724,1846582.443,14200,484,0
93388,False,6322101.0,1846565.0,14001,485,1
93389,False,6322327.0,1846565.0,14001,486,1
93392,False,6325754.0,1846563.0,14002,487,1
93401,False,6325992.0,1846553.0,14002,488,1
93407,False,6324445.999,1846540.0,14002,489,1
93422,False,6312663.855,1846524.262,3003,490,1
93425,False,6312938.667,1846523.488,3003,491,1
93434,False,6316293.001,1846504.0,14200,492,0
93436,False,6316568.555,1846503.151,14200,493,0
93468,False,6315015.0,1846461.0,3003,494,1
93478,False,6318882.853,1846437.186,14200,495,1
93479,False,6322797.0,1846437.0,14001,496,1
93484,False,6318592.496,1846433.091,14200,497,0
93485,False,6322930.0,1846433.0,14001,498,1
93540,False,6326557.0,1846384.0,13906,499,0
93546,False,6324655.007,1846381.821,14002,500,1
93548,False,6314647.0,1846381.0,3003,501,1
93569,False,6320650.0,1846369.0,14101,502,1
93585,False,6317259.0,1846352.0,14200,503,0
93586,False,6312393.0,1846351.0,3003,504,1
93587,True,6316845.364,1846349.628,14200,505,1
93588,False,6317038.646,1846349.568,14200,506,0
93603,False,6317789.0,1846325.001,14200,507,0
93617,False,6323075.0,1846296.999,14001,508,1
93618,False,6323236.0,1846296.0,14001,509,1
93619,False,6323497.0,1846296.0,14001,510,1
93633,False,6321249.0,1846277.0,14101,511,1
93646,False,6317437.001,1846258.0,14200,512,0
93648,False,6317259.0,1846257.0,14200,513,0
93657,False,6318927.999,1846240.0,142,514,1
93661,False,6316868.0,1846224.0,14200,515,1
93662,False,6325076.509,1846221.393,14002,516,1
93671,False,6315877.0,1846209.0,3003,517,1
93672,False,6322922.0,1846209.0,14001,518,1
93675,False,6315825.0,1846208.0,14200,519,1
93678,False,6315505.0,1846205.0,3003,520,1
93684,False,6315272.0,1846202.0,3003,521,1
93685,False,6319467.0,1846202.0,142,522,1
93686,False,6325075.955,1846200.118,14002,523,1
93688,False,6315016.0,1846198.0,3003,524,1
93690,False,6314759.0,1846197.0,3003,525,1
93691,False,6314496.0,1846196.0,3003,526,1
93694,False,6314047.0,1846194.0,3003,527,1
93696,False,6320048.0,1846193.0,14200,528,1
93700,False,6313691.999,1846191.0,3003,529,1
93702,False,6313036.0,1846187.0,3003,530,1
93704,False,6311875.0,1846185.0,3003,531,1
93705,False,6312391.0,1846185.0,3003,532,1
93718,False,6322339.0,1846163.0,14001,533,1
93719,False,6322553.0,1846163.0,14001,534,1
93720,False,6322719.0,1846162.0,14001,535,1
93761,False,6315391.0,1846099.0,3003,536,1
93767,False,6326579.532,1846085.809,14002,537,0
93775,False,6318549.94,1846071.542,142,538,0
93777,False,6318130.439,1846069.203,14200,539,1
93790,False,6322550.0,1846057.0,14001,540,0
93791,False,6324791.851,1846056.749,14002,541,1
93795,False,6321092.0,1846046.001,14101,542,1
93796,False,6320933.0,1846045.0,14101,543,1
93799,False,6310754.0,1846039.0,3003,544,0
93806,False,6316900.435,1846028.483,14200,545,1
93831,False,6326154.0,1846011.0,14002,546,0
93832,False,6316304.0,1846010.0,14200,547,0
93848,False,6325074.044,1845989.233,14002,548,1
93856,False,6316604.045,1845985.612,14200,549,0
93857,False,6311418.0,1845982.0,3003,550,0
93909,False,6321609.0,1845918.0,14101,551,1
93910,False,6321645.0,1845918.0,14101,552,1
93911,False,6321209.0,1845917.0,14101,553,1
93913,False,6322009.0,1845916.0,14101,554,1
93915,False,6322149.001,1845915.0,14101,555,1
93916,False,6322242.001,1845915.0,14101,556,1
93917,False,6322329.0,1845914.0,14101,557,1
93918,False,6323063.0,1845914.0,14001,558,1
93919,False,6325279.999,1845914.0,14002,559,1
93923,False,6322716.0,1845912.0,14101,560,1
93926,False,6323489.0,1845911.0,14002,561,1
93929,False,6317517.0,1845907.0,14200,562,0
93931,False,6317636.0,1845905.0,14200,563,0
93932,False,6323788.0,1845905.0,14002,564,1
93934,False,6324428.0,1845901.0,14002,565,1
93935,False,6316327.529,1845900.888,14200,566,0
93936,False,6318381.0,1845900.0,14200,567,1
93937,False,6324642.0,1845899.0,14002,568,1
93945,False,6315869.012,1845890.91,3003,569,0
93958,False,6322718.0,1845871.0,14101,570,1
93968,False,6310089.0,1845846.0,2712,571,0
93970,False,6311097.0,1845843.0,3003,572,0
93973,False,6325122.001,1845840.0,14002,573,1
93984,False,6316937.0,1845821.0,14200,574,1
94003,False,6316943.0,1845788.0,14200,575,1
94007,False,6316560.0,1845779.0,14200,576,1
94012,False,6326278.0,1845775.0,14002,577,0
94015,False,6318578.264,1845772.913,14200,578,1
94017,False,6318917.669,1845771.836,14200,579,1
94041,False,6320699.0,1845736.001,14101,580,1
94045,False,6320400.0,1845731.0,14101,581,1
94046,False,6325511.0,1845729.0,14002,582,1
94050,False,6324794.0,1845724.0,14002,583,1
94053,False,6326110.0,1845718.0,14002,584,0
94071,False,6322434.0,1845680.0,14101,585,1
94094,False,6319183.441,1845647.317,14200,586,0
94101,False,6320269.0,1845641.0,14101,587,1
94102,False,6320400.0,1845641.0,14101,588,1
94106,False,6320684.0,1845639.0,14101,589,1
94119,False,6324895.0,1845629.0,14002,590,1
94165,False,6316321.0,1845583.999,14200,591,1
94169,False,6325503.0,1845583.0,14002,592,1
94177,False,6326304.0,1845571.0,14002,593,1
94180,False,6326107.0,1845566.0,14002,594,0
94183,False,6317300.0,1845559.0,14200,595,1
94193,False,6324559.0,1845536.0,14002,596,1
94198,False,6325286.0,1845528.0,14002,597,1
94217,False,6320680.0,1845506.0,14101,598,1
94222,False,6321202.0,1845500.0,14101,599,1
94236,False,6319461.016,1845476.591,14200,600,1
94242,False,6318689.0,1845466.0,14200,601,1
94247,False,6318186.288,1845454.712,14200,602,1
94286,False,6325795.0,1845388.0,14002,603,1
94287,False,6326631.152,1845386.331,14002,604,0
94295,False,6308923.0,1845377.0,2712,605,0
94297,False,6309036.0,1845370.0,2712,606,0
94299,False,6324553.0,1845369.0,14002,607,1
94301,False,6309089.0,1845368.0,3001,608,0
94303,False,6309137.0,1845366.0,3001,609,0
94304,False,6321203.0,1845366.0,14101,610,1
94309,False,6309344.0,1845357.0,3001,611,0
94311,False,6323542.008,1845356.247,14002,612,1
94312,False,6323815.413,1845355.146,14002,613,1
94313,False,6325347.0,1845355.0,14002,614,1
94317,False,6310074.0,1845348.0,3001,615,0
94331,False,6317024.0,1845327.0,14200,616,1
94347,False,6321669.0,1845296.0,14101,617,1
94401,False,6318448.0,1845226.0,14200,618,1
94429,False,6323823.001,1845203.0,14002,619,1
94438,False,6319365.0,1845187.0,14200,620,1
94445,False,6324423.0,1845183.0,14002,621,0
94448,False,6317510.67,1845178.736,14200,622,1
94453,False,6317049.387,1845172.926,14200,623,1
94458,False,6325103.0,1845167.0,14002,624,1
94467,False,6326271.999,1845144.0,14002,625,1
94477,False,6316749.0,1845128.0,14200,626,1
94488,False,6317884.0,1845107.0,14200,627,1
94499,False,6315849.0,1845094.0,3003,628,0
94500,False,6325206.0,1845086.0,14002,629,1
94505,False,6318625.0,1845077.0,14200,630,1
94508,False,6322146.0,1845073.0,14101,631,1
94509,False,6318214.0,1845071.0,14200,632,1
94534,False,6315884.0,1845040.0,3003,633,1
94590,False,6318369.0,1844959.0,14200,634,1
94612,False,6318805.0,1844923.0,14200,635,1
94626,False,6324675.0,1844906.0,14002,636,1
94642,False,6322511.0,1844887.0,14101,637,1
94653,False,6323181.0,1844876.0,14002,638,1
94676,False,6317923.0,1844848.0,14200,639,1
94694,False,6320293.0,1844832.0,14101,640,1
94695,False,6321943.0,1844832.0,14101,641,1
94718,False,6316238.0,1844808.999,14200,642,1
94724,False,6324818.0,1844797.0,14002,643,1
94739,False,6324572.0,1844773.0,14002,644,1
94740,False,6317593.0,1844772.0,14200,645,1
94741,False,6323844.0,1844772.0,14002,646,1
94750,False,6316432.0,1844765.0,14200,647,1
94761,False,6324426.641,1844755.28,14002,648,0
94764,False,6319002.0,1844753.0,14200,649,1
94765,False,6325259.0,1844752.0,14002,650,1
94800,False,6317091.0,1844683.0,14200,651,1
94802,False,6317948.0,1844681.0,14200,652,1
94809,False,6322992.0,1844660.0,14002,653,1
94811,False,6316753.0,1844658.0,14200,654,1
94814,False,6323203.001,1844656.0,14002,655,1
94822,False,6323608.0,1844651.001,14002,656,1
94854,False,6319198.0,1844584.0,14200,657,1
94864,False,6321827.0,1844550.0,14101,658,1
94867,False,6324619.0,1844546.0,14002,659,1
94910,False,6317982.0,1844494.0,14200,660,1
94934,False,6322507.0,1844464.0,14101,661,1
94964,False,6323878.0,1844441.0,14002,662,1
94968,False,6319622.0,1844431.0,14101,663,1
94971,False,6324232.0,1844429.0,14002,664,1
94973,False,6324325.0,1844428.0,14002,665,1
94977,False,6324537.0,1844425.0,14002,666,1
94984,False,6323065.0,1844421.0,14002,667,1
94985,False,6324830.0,1844421.0,14002,668,1
94989,False,6325085.0,1844418.0,14002,669,1
94994,False,6318022.0,1844408.0,14200,670,1
94996,False,6323263.0,1844405.999,14002,671,1
94997,False,6326408.706,1844404.6,14002,672,1
94998,False,6326539.893,1844404.6,14002,673,1
95000,False,6323607.0,1844404.0,14002,674,1
95002,False,6326654.655,1844402.617,14002,675,1
95014,False,6321497.0,1844378.0,14101,676,1
95047,False,6319429.0,1844315.0,14101,677,1
95054,False,6319840.0,1844307.0,14101,678,1
95084,False,6320323.868,1844247.982,14101,679,1
95091,False,6317112.0,1844217.001,14200,680,1
95095,False,6318334.0,1844214.0,14200,681,1
95099,False,6318923.0,1844211.0,14200,682,1
95105,False,6319108.0,1844193.0,14101,683,0
95114,False,6319006.246,1844181.508,14200,684,0
95128,False,6319081.0,1844155.001,14101,685,0
95131,False,6319157.0,1844152.0,14101,686,1
95141,False,6323215.0,1844134.0,14002,687,1
95148,False,6323615.0,1844129.0,14002,688,1
95150,False,6316251.0,1844125.0,14200,689,1
95163,False,6319206.0,1844111.0,14101,690,0
95165,False,6319767.0,1844110.0,14101,691,0
95197,False,6316222.0,1844075.0,14200,692,1
95210,False,6317994.0,1844049.0,14200,693,1
95218,False,6321190.999,1844040.0,14101,694,1
95228,False,6319313.0,1844022.0,14101,695,1
95236,False,6316348.0,1843999.0,14200,696,0
95275,False,6316871.0,1843922.0,14200,697,1
95297,False,6322499.0,1843883.0,14101,698,1
95299,False,6322716.0,1843882.0,14101,699,0
95300,False,6322889.0,1843881.0,14101,700,1
95301,False,6323216.0,1843880.0,14002,701,1
95302,False,6323515.0,1843878.999,14002,702,1
95303,False,6323875.797,1843877.099,14002,703,1
95319,False,6322127.0,1843857.0,14101,704,1
95347,False,6317821.0,1843812.0,14200,705,1
95355,False,6315824.0,1843789.0,14200,706,1
95363,False,6318610.0,1843783.001,14200,707,1
95367,False,6321822.0,1843776.0,14101,708,1
95379,False,6317075.0,1843749.0,14200,709,1
95459,False,6326661.374,1843669.207,14002,710,0
95462,False,6324265.0,1843661.0,14002,711,1
95464,False,6318030.0,1843659.001,14200,712,1
95470,False,6320080.0,1843651.0,14101,713,1
95472,False,6321539.0,1843647.0,14101,714,1
95491,False,6317680.0,1843619.0,14200,715,1
95512,False,6317337.0,1843573.0,14200,716,1
95525,False,6316140.0,1843542.0,14200,717,0
95528,False,6323570.0,1843537.0,14002,718,1
95541,False,6324419.0,1843501.0,14002,719,1
95551,False,6320250.0,1843480.0,14101,720,0
95559,False,6315823.0,1843460.0,14200,721,0
95566,False,6316815.0,1843442.001,14200,722,1
95571,False,6321159.999,1843432.0,14101,723,1
95572,False,6321187.0,1843432.0,14101,724,1
95573,False,6320846.0,1843431.0,14101,725,1
95575,False,6320536.0,1843430.0,14101,726,1
95584,False,6323882.495,1843419.832,14002,727,1
95617,False,6316923.0,1843356.0,14200,728,1
95621,False,6324661.0,1843347.0,14002,729,1
95623,False,6323336.0,1843345.0,14002,730,1
95680,False,6321159.0,1843304.0,14101,731,1
95687,False,6321477.0,1843299.0,14101,732,1
95688,False,6321719.0,1843298.0,14101,733,1
95690,False,6321826.0,1843295.0,14102,734,1
95691,False,6321928.0,1843295.0,14102,735,1
95692,False,6322023.0,1843295.0,14101,736,1
95695,False,6322346.0,1843289.999,14101,737,1
95698,False,6322623.0,1843285.0,14101,738,1
95701,False,6322770.0,1843283.0,14101,739,1
95704,False,6322939.0,1843281.0,14101,740,1
95710,False,6317748.0,1843272.0,14200,741,1
95712,False,6321825.745,1843270.608,14102,742,1
95720,False,6315823.0,1843250.0,3003,743,0
95730,False,6320250.0,1843235.0,14101,744,1
95744,False,6319605.0,1843214.0,14101,745,1
95765,False,6323558.834,1843172.929,14002,746,1
95778,False,6319018.001,1843146.0,14101,747,1
95794,False,6323902.0,1843120.0,14002,748,1
95798,False,6317965.0,1843115.0,14200,749,1
95806,False,6321824.0,1843103.999,14102,750,1
95837,False,6316124.215,1843035.024,14200,751,1
95844,False,6322104.0,1843023.0,14102,752,1
95854,False,6324973.0,1843007.0,14002,753,1
95871,False,6326653.956,1842985.534,14002,754,0
95880,False,6323360.999,1842977.001,14002,755,1
95885,False,6323538.195,1842967.904,14002,756,1
95932,False,6316040.0,1842935.0,14200,757,1
95933,False,6316387.0,1842932.0,14200,758,1
95935,False,6322966.0,1842929.0,14002,759,1
95936,False,6319201.0,1842928.0,14101,760,1
95954,False,6319614.0,1842902.0,14101,761,1
95968,False,6319948.001,1842872.0,14102,762,1
95970,False,6321821.0,1842867.0,14102,763,1
95975,False,6323905.0,1842855.0,14002,764,1
95976,False,6316486.0,1842850.0,14200,765,1
95981,False,6319256.038,1842841.941,14101,766,1
95988,False,6321469.999,1842824.0,14101,767,1
95989,False,6322366.001,1842821.0,14101,768,1
95991,False,6324605.0,1842820.0,14002,769,1
96004,False,6320251.0,1842779.0,14101,770,1
96007,False,6320376.211,1842777.962,14102,771,1
96009,False,6320532.0,1842777.0,14101,772,1
96011,False,6320844.0,1842775.0,14101,773,1
96015,False,6321157.001,1842771.0,14101,774,1
96016,False,6323906.0,1842768.0,14002,775,1
96017,False,6323459.0,1842767.0,14002,776,1
96025,False,6318334.728,1842759.11,14101,777,1
96033,False,6325158.0,1842744.0,14002,778,1
96064,False,6320251.0,1842718.438,14101,779,0
96074,False,6318686.054,1842700.414,14101,780,1
96085,False,6315824.0,1842678.0,14200,781,1
96092,True,6326297.389,1842668.281,14002,782,1
96093,False,6322465.399,1842667.673,14101,783,1
96122,False,6319395.0,1842626.0,14102,784,1
96124,False,6321436.001,1842624.0,14102,785,1
96129,False,6322103.0,1842619.0,14102,786,1
96153,False,6324607.0,1842578.0,14002,787,1
96156,False,6318939.0,1842571.0,14101,788,1
96158,False,6325409.0,1842569.0,14002,789,1
96160,False,6319640.0,1842568.0,14102,790,1
96166,False,6323908.0,1842563.0,14002,791,1
96171,False,6326298.0,1842560.0,14002,792,1
96228,False,6316434.0,1842507.0,14200,793,1
96242,False,6317148.0,1842472.0,14200,794,1
96252,False,6322654.763,1842438.485,14101,795,1
96259,False,6321781.0,1842423.0,14102,796,1
96260,False,6326296.923,1842420.004,14002,797,1
96262,False,6318174.0,1842417.0,14102,798,1
96268,False,6323006.0,1842410.0,14101,799,1
96298,False,6326424.496,1842347.422,14002,800,0
96321,False,6317382.0,1842310.0,14200,801,1
96324,False,6326296.0,1842300.0,14002,802,1
96327,False,6319942.0,1842291.0,14102,803,1
96329,False,6321519.0,1842282.0,14102,804,1
96333,False,6323911.0,1842272.0,14002,805,1
96335,False,6318413.0,1842266.999,14102,806,1
96362,False,6321158.682,1842222.752,14101,807,1
96365,False,6319621.0,1842219.0,14102,808,1
96369,False,6324442.999,1842212.0,14002,809,1
96422,False,6316728.0,1842160.0,14200,810,1
96445,False,6322492.999,1842145.999,14101,811,1
96458,False,6322594.0,1842139.0,14102,812,1
96460,False,6319245.0,1842135.0,14102,813,1
96464,False,6320348.0,1842127.0,14101,814,1
96467,False,6320528.0,1842126.0,14101,815,1
96469,False,6320842.0,1842124.0,14101,816,1
96473,False,6321133.493,1842119.402,14101,817,1
96474,False,6321159.0,1842119.0,14101,818,1
96476,False,6323030.0,1842107.0,14102,819,1
96483,False,6318549.0,1842092.0,14102,820,1
96487,False,6323457.0,1842078.001,3107,821,1
96488,False,6321460.0,1842077.0,14102,822,1
96489,False,6323913.001,1842077.0,3107,823,1
96491,False,6318376.0,1842071.0,14102,824,1
96501,False,6316850.0,1842056.0,14200,825,1
96563,False,6324681.0,1841950.0,14002,826,1
96577,False,6321879.0,1841934.0,14102,827,1
96604,False,6319655.0,1841876.0,14102,828,1
96608,False,6318216.0,1841854.0,14102,829,1
96613,False,6323027.0,1841832.0,14102,830,0
96614,False,6321155.0,1841831.0,14101,831,1
96622,False,6319913.0,1841812.0,14102,832,1
96625,False,6322572.0,1841809.0,14102,833,1
96664,False,6321130.733,1841775.079,14101,834,1
96685,False,6320686.0,1841765.0,14101,835,1
96704,False,6318455.0,1841748.0,14102,836,1
96726,False,6316612.0,1841707.0,14200,837,1
96733,False,6325009.0,1841698.0,14002,838,1
96740,False,6317652.0,1841692.0,14102,839,1
96742,False,6322228.0,1841680.0,14102,840,1
96746,False,6318105.0,1841665.0,14102,841,1
96750,False,6321417.0,1841659.0,14102,842,1
96751,False,6326730.242,1841656.613,14002,843,0
96758,False,6319968.0,1841648.0,14102,844,1
96762,False,6320083.0,1841643.0,14102,845,1
96777,False,6320348.0,1841606.0,14102,846,1
96800,False,6321154.0,1841578.0,14102,847,1
96824,False,6316902.0,1841538.0,14200,848,1
96833,False,6322553.0,1841519.0,14102,849,1
96837,False,6325090.0,1841513.0,14002,850,1
96847,False,6324745.0,1841487.0,3107,851,1
96853,False,6325702.0,1841451.0,14002,852,1
96857,False,6325390.0,1841440.0,14002,853,1
96907,False,6318090.999,1841397.0,14102,854,1
96958,False,6317365.0,1841361.0,14102,855,1
96975,False,6318289.0,1841341.0,14102,856,1
96978,False,6325924.0,1841326.0,14002,857,1
96979,False,6317868.0,1841325.0,14102,858,1
96989,False,6321153.0,1841306.001,14102,859,1
96997,False,6317889.0,1841272.0,14102,860,1
97010,False,6320131.0,1841255.0,14102,861,1
97056,False,6320670.0,1841181.0,14102,862,1
97063,False,6320652.781,1841162.891,14102,863,1
97072,False,6325647.0,1841122.999,14002,864,1
97080,False,6320329.0,1841104.0,14102,865,1
97160,False,6325782.0,1841014.0,14002,866,1
97174,False,6321153.0,1841007.0,14102,867,1
97203,False,6318492.0,1840976.0,14102,868,1
97210,False,6320917.107,1840967.261,14102,869,1
97211,False,6325587.001,1840965.001,14002,870,1
97214,False,6319342.0,1840962.0,14102,871,1
97227,False,6320944.0,1840944.0,14102,872,1
97228,False,6318827.0,1840936.999,14102,873,1
97230,False,6320109.0,1840929.0,14102,874,1
97233,False,6319740.0,1840928.0,14102,875,1
97234,False,6317751.0,1840925.0,14102,876,1
97238,False,6318170.0,1840921.0,14102,877,1
97252,False,6318431.0,1840854.0,14102,878,1
97301,False,6325542.0,1840773.0,3107,879,1
97350,False,6327062.389,1840705.642,14002,880,0
97351,False,6326777.719,1840705.559,14002,881,0
97352,False,6326650.703,1840704.399,14002,882,0
97356,False,6326528.803,1840703.417,14002,883,0
97359,False,6326327.942,1840702.098,14002,884,0
97363,False,6315793.0,1840700.0,3004,885,1
97367,False,6317362.0,1840694.0,14102,886,1
97385,False,6316940.0,1840664.0,14102,887,1
97392,False,6319949.0,1840659.0,14102,888,1
97394,False,6320113.0,1840657.999,14102,889,1
97471,False,6319411.0,1840592.0,14102,890,1
97474,False,6318726.0,1840584.0,14102,891,1
97487,False,6319596.0,1840541.0,14102,892,1
97492,False,6317334.0,1840524.0,14102,893,1
97496,False,6318810.0,1840507.0,14102,894,1
97552,False,6320198.999,1840428.0,14102,895,1
97590,False,6316312.0,1840337.0,14102,896,1
97594,False,6316526.0,1840324.0,14102,897,1
97598,False,6316836.0,1840312.0,14102,898,1
97601,False,6319582.0,1840304.0,14102,899,1
97611,False,6316282.0,1840291.0,14102,900,1
97698,False,6315786.0,1840196.0,3004,901,0
97699,False,6319597.0,1840194.0,14102,902,1
97746,False,6318707.0,1840093.0,14102,903,1
97749,False,6318987.001,1840089.0,14102,904,1
97752,False,6318407.0,1840084.0,14102,905,1
97755,False,6319317.0,1840082.0,14102,906,1
97798,False,6315783.0,1839983.0,14200,907,1
97823,False,6315959.0,1839934.0,14102,908,1
97824,False,6316286.0,1839932.0,14102,909,1
97836,False,6319460.0,1839902.0,14102,910,0
97864,False,6315806.746,1839886.756,3004,911,0
97899,False,6315834.0,1839832.0,14102,912,0
97900,False,6319316.0,1839830.0,14102,913,1
97907,False,6315799.0,1839811.0,3103,914,0
97913,False,6318456.0,1839795.0,14102,915,1
97914,False,6318698.0,1839795.0,3103,916,1
97915,False,6319113.0,1839795.0,3103,917,1
97917,False,6317951.0,1839794.0,14102,918,1
97918,False,6318198.0,1839794.0,3103,919,1
97920,False,6316541.001,1839789.999,14102,920,1
97921,False,6316810.0,1839789.999,3103,921,1
97923,False,6316285.0,1839789.0,14102,922,1
97924,False,6316052.0,1839788.0,3103,923,1
98147,False,6317646.2,1839452.501,3103,924,1
98185,False,6318704.0,1839345.0,3103,925,1
98189,False,6318457.0,1839330.0,3103,926,1
98194,False,6318205.0,1839317.0,3103,927,1
98197,False,6317960.0,1839304.0,3103,928,1
98202,False,6316535.0,1839291.001,3103,929,1
98203,False,6317636.41,1839290.616,3103,930,1
98205,False,6315795.0,1839290.0,3103,931,0
98206,False,6316287.0,1839289.0,3103,932,1
98207,False,6316051.0,1839288.0,3103,933,1
106804,False,6308294.57,1819834.372,12200,934,0
106853,False,6308389.753,1819704.664,12200,935,0
148369,False,6326284.0,1844407.0,14002,936,1
148374,False,6326010.762,1844710.6,14002,937,0
149532,False,6322790.666,1845021.892,14002,938,0
149533,False,6323247.783,1845023.962,14002,939,0
149830,False,6320055.76,1841962.019,14102,940,1
150222,False,6314970.94,1848811.668,14300,941,1
150223,False,6315015.488,1848452.935,14300,942,0
150478,False,6317335.646,1848212.175,14200,943,0
150479,False,6317356.073,1848664.248,14300,944,0
150584,False,6320289.293,1846661.439,14200,945,1
150585,False,6319831.148,1846658.288,14200,946,1
152620,False,6325399.903,1851298.31,14001,947,1
166336,False,6316863.184,1846250.729,14200,948,1
166344,False,6316579.63,1846235.429,14200,949,1
166345,False,6316894.0,1846065.0,14200,950,1
166346,False,6317448.723,1846015.204,14200,951,0
166347,False,6315870.38,1848701.054,14300,952,1
166348,False,6315862.487,1848465.09,14300,953,0
166349,False,6313776.874,1847244.394,3003,954,1
166350,False,6313532.396,1847543.508,3003,955,0
166351,False,6314251.349,1847095.796,3003,956,0
166577,False,6322766.837,1845298.367,14002,957,0
166578,False,6323825.674,1845148.143,14002,958,1
166579,False,6323192.288,1845272.09,14002,959,0
166580,False,6323409.544,1845150.14,14002,960,0
166581,False,6324732.327,1848890.547,14001,961,1
166582,False,6324815.005,1848889.388,14001,962,1
166583,False,6324739.849,1849239.578,14001,963,0
166584,False,6324827.214,1849252.73,14001,964,0
166585,False,6323140.67,1851927.499,14400,965,0
166586,False,6323133.254,1851684.275,14400,966,0
166587,False,6323076.166,1851801.093,14400,967,0
166588,False,6322769.12,1851879.563,14400,968,0
166589,False,6322759.828,1851590.492,14400,969,0
166590,False,6323130.133,1851562.039,14400,970,0
166591,False,6323294.624,1851305.316,14400,971,0
166592,False,6322750.776,1851295.368,14400,972,0
166593,False,6322753.527,1851385.049,14400,973,0
166594,False,6322817.928,1851295.368,14400,974,0
167094,False,6326331.535,1847933.942,14001,975,1
167099,False,6325309.958,1848069.863,14001,976,1
167100,False,6326697.847,1841953.831,13906,977,0
167101,False,6326542.189,1842542.445,14002,978,0
169919,False,6318729.039,1844253.962,14200,979,1
170047,False,6323951.737,1850814.906,14001,980,1
170050,False,6324187.069,1850809.283,14001,981,0
172652,False,6317937.089,1850525.178,14400,982,1
175700,False,6315808.358,1839883.517,14102,983,0
175941,False,6319965.217,1852017.04,14602,984,1
175943,False,6319870.793,1851984.598,14602,985,1
175944,False,6320982.695,1852244.356,14602,986,0
175946,False,6321469.276,1852365.482,14602,987,0
175947,False,6323126.18,1852640.966,14602,988,1
175948,False,6324012.06,1852552.591,14602,989,1
175949,False,6324684.246,1852540.225,14602,990,0
176087,False,6326455.265,1845879.679,14002,991,0
176089,False,6326337.285,1845881.048,14002,992,0
176376,False,6326505.364,1845047.52,14002,993,0
176377,False,6326507.307,1845011.334,14002,994,0
176414,False,6315815.32,1842119.761,3003,995,1
176415,False,6315808.691,1841185.926,3004,996,1
176449,False,6316404.629,1840991.976,14200,997,1
176450,False,6315982.863,1840950.488,14200,998,1
176451,False,6316532.645,1840921.996,14200,999,1
176453,False,6316848.725,1841347.316,14200,1000,1
176454,False,6315967.736,1841596.322,14200,1001,1
176455,False,6316639.397,1841312.981,14200,1002,1
176458,False,6316488.941,1841105.86,14200,1003,1
176459,False,6316193.041,1841320.807,14200,1004,1
176542,False,6316715.0,1840896.0,14102,1005,0
176546,False,6316499.013,1840922.243,14200,1006,1
176618,False,6320979.473,1852237.385,14602,1007,0
176869,False,6320380.0,1842778.0,14102,1008,1
177129,False,6321428.291,1851419.255,14400,1009,0
177415,False,6326596.248,1849699.003,13801,1010,0
177525,False,6317612.283,1846892.224,14200,1011,1
177527,False,6317615.887,1847134.344,14200,1012,1
177529,False,6317432.592,1846891.778,14200,1013,1
177530,False,6317432.42,1847203.46,14200,1014,0
177533,False,6316777.779,1847160.346,14200,1015,0
177534,False,6317019.022,1846891.0,14200,1016,1
177535,False,6317023.703,1847179.438,14200,1017,0
177536,False,6317841.887,1848898.483,14300,1018,0
177538,False,6317492.427,1849083.455,14300,1019,0
177544,False,6316129.794,1850133.029,14400,1020,1
177547,False,6316257.238,1849982.033,14400,1021,1
177552,False,6316102.258,1849523.119,14300,1022,1
177590,False,6316648.727,1847115.743,14200,1023,0
177592,False,6316646.288,1846889.78,14200,1024,1
177648,False,6320685.918,1851070.538,14400,1025,0
177755,False,6317881.15,1851561.845,14400,1026,1
177758,False,6317484.719,1851683.727,14400,1027,0
177759,False,6317881.013,1851637.196,14400,1028,0
177760,False,6317881.275,1851366.163,14400,1029,0
177763,False,6319307.246,1851662.471,14400,1030,0
177764,False,6317881.0,1851327.0,14400,1031,0
177767,False,6319827.582,1851725.299,14400,1032,0
177768,False,6320516.381,1851850.705,14400,1033,1
177776,False,6316665.976,1851673.535,14500,1034,0
177777,False,6316275.731,1851475.655,14500,1035,0
177779,False,6315328.853,1850812.817,14500,1036,0
177787,False,6315182.854,1850498.967,2703,1037,0
177788,False,6315433.0,1850694.75,14400,1038,1
177789,False,6315275.67,1850396.157,3003,1039,1
177790,False,6315518.867,1850586.697,14400,1040,1
177792,False,6316062.336,1850569.896,14400,1041,1
177795,False,6316233.208,1850816.5,14400,1042,1
177801,False,6315888.998,1850791.791,14400,1043,1
177802,False,6321335.847,1851970.511,14400,1044,0
177803,False,6321480.066,1852214.173,14400,1045,0
177807,False,6317887.749,1851885.672,14500,1046,0
177817,False,6318905.649,1851725.267,14400,1047,0
177819,False,6319678.467,1851772.999,14500,1048,0
177820,False,6319698.277,1851878.799,14500,1049,0
177826,False,6321476.47,1852273.892,14400,1050,0
177830,False,6320435.75,1851938.771,14500,1051,1
177833,False,6320493.122,1851883.131,14400,1052,1
177835,False,6320465.663,1851915.899,14500,1053,1
177840,False,6321453.415,1852628.819,14602,1054,0
177841,False,6321180.215,1852331.723,14602,1055,0
177842,False,6321333.794,1852602.891,14602,1056,1
177843,False,6321469.999,1852353.0,14602,1057,0
177845,False,6322433.924,1852511.363,14602,1058,0
177854,False,6322837.596,1852463.799,14400,1059,1
177857,False,6322413.297,1852445.855,14400,1060,0
177858,False,6321563.327,1851863.817,14400,1061,0
177859,False,6321560.72,1852014.211,14400,1062,0
177892,False,6315834.499,1846856.75,14200,1063,0
178381,False,6322925.191,1846298.362,14001,1064,1
178913,False,6321543.203,1851235.746,14400,1065,1
178914,False,6321469.293,1851348.858,14400,1066,0
179232,False,6266762.871,1857384.008,6500,1067,0
179281,False,6266666.462,1857260.079,6500,1068,0
179298,False,6266941.384,1857269.581,6500,1069,0
179299,False,6267444.901,1857450.185,6500,1070,0
179300,False,6267449.052,1857481.936,6500,1071,0
179699,False,6323129.737,1849291.761,14001,1072,1
179702,False,6323139.311,1849575.466,14001,1073,0
180533,False,6308406.726,1820449.239,3204,1074,0
180553,False,6308323.752,1820333.816,3204,1075,0
180555,False,6308496.842,1820382.16,3204,1076,0
180556,False,6308314.016,1820314.118,3204,1077,0
180598,False,6323932.784,1852210.515,14400,1078,1
180599,False,6324222.368,1852205.307,14400,1079,1
180817,False,6315843.71,1847553.767,14200,1080,0
180818,False,6315844.469,1847621.249,14200,1081,0
181950,False,6323871.039,1848447.937,14001,1082,1
181951,False,6323668.319,1848450.528,14001,1083,0
184523,False,6325925.567,1845140.868,14002,1084,0
184560,False,6325445.209,1845151.994,14002,1085,1
185681,False,6315512.907,1846394.062,3003,1086,0
188093,False,6317076.818,1845006.449,14200,1087,1
188094,False,6317288.054,1845010.295,14200,1088,0
188226,False,6311863.463,1846235.769,3003,1089,1
188227,False,6312423.112,1846672.142,3003,1090,1
188236,False,6317144.489,1841520.603,14102,1091,1
188237,False,6318137.183,1842894.296,14102,1092,0
188238,False,6316712.671,1840921.302,14102,1093,0
188239,False,6316772.361,1841005.773,14102,1094,0
191477,False,6318926.044,1846165.325,142,1095,1
191478,False,6318703.565,1846165.343,142,1096,0
191479,False,6318703.811,1846270.376,142,1097,0
191480,False,6318703.207,1846012.043,14200,1098,0
